game_id,season,game_date,game_type,y,p_home,elo_prob_home,p_hgb,p_logit,p_catboost
2022020001,20222023,2022-10-07,2,1,0.5788438382958677,0.6442118096199293,0.5630857881069792,0.576153611533192,0.5972921152474322
2022020002,20222023,2022-10-08,2,0,0.47633738926436653,0.4864868687407958,0.5001239566180509,0.4556078563825213,0.4732803547925274
2022020003,20222023,2022-10-11,2,1,0.4959351256295071,0.5367258880040823,0.47311578501788304,0.48428667936722625,0.530402912503412
2022020004,20222023,2022-10-11,2,0,0.4241771488962478,0.5294409933621744,0.45502824831906513,0.3821171082238377,0.4353860901458406
2022020005,20222023,2022-10-12,2,0,0.4945230689371651,0.5403351793385851,0.4747850226057572,0.48115998057887616,0.5276242036268619
2022020006,20222023,2022-10-12,2,1,0.695894527435614,0.677900475760595,0.6721100608668364,0.6989038535774993,0.7166696678625061
2022020007,20222023,2022-10-12,2,1,0.40765548379505234,0.4081250651174628,0.47968432501486685,0.34770043714419924,0.395581689226091
2022020008,20222023,2022-10-12,2,1,0.7465088764025772,0.7631067847387275,0.7051416965895644,0.7680984799293504,0.766286452688817
2022020009,20222023,2022-10-12,2,1,0.4438245551733722,0.5627424077346587,0.4618146678377361,0.44886611270161664,0.4207928849807639
2022020010,20222023,2022-10-12,2,1,0.5833181807384654,0.615587395581992,0.575821908717736,0.535311898932859,0.6388207345648015
2022020011,20222023,2022-10-13,2,1,0.7224125583352681,0.6965969004021798,0.6728076070019995,0.7284331757687961,0.7659968922350086
2022020012,20222023,2022-10-13,2,1,0.5257392484907117,0.5614940023897829,0.5493098068491371,0.4716328987704675,0.5562750398525306
2022020013,20222023,2022-10-13,2,1,0.5854980843239114,0.5617554341775683,0.565017720879227,0.5554927821459621,0.635983749946545
2022020014,20222023,2022-10-13,2,0,0.3980665136336279,0.5111983564206528,0.44690266809784607,0.35077807800211724,0.3965187948009204
2022020015,20222023,2022-10-13,2,1,0.6123607628845338,0.6155167992706675,0.617863454592364,0.5969356492364872,0.6222831848247501
2022020016,20222023,2022-10-13,2,0,0.6111330727601146,0.5695501895009588,0.5907071711207742,0.6185756251595617,0.6241164220000082
2022020017,20222023,2022-10-13,2,0,0.5620859223508985,0.5534531921172179,0.5690200243454396,0.5587769772105335,0.5584607654967221
2022020018,20222023,2022-10-13,2,1,0.5371571421139167,0.4773530305662866,0.5137650477519516,0.5369309807389294,0.560775397850869
2022020019,20222023,2022-10-13,2,1,0.7614871933348182,0.6866046691974842,0.7114539342980042,0.8136852825020838,0.7593223632043666
2022020020,20222023,2022-10-13,2,0,0.5629950878742251,0.6298788210070895,0.5978261567274155,0.5457488616784557,0.5454102452168041
2022020021,20222023,2022-10-14,2,0,0.47001841745299244,0.427312270158556,0.48216839689338675,0.43332314740760847,0.49456370805798217
2022020022,20222023,2022-10-14,2,1,0.4012486791504124,0.5753451989131907,0.48773551640810464,0.39534252582165025,0.3206679952214823
2022020023,20222023,2022-10-14,2,1,0.4533648419734311,0.4890608801167322,0.4961455007473014,0.478508744956444,0.38544028021654786
2022020024,20222023,2022-10-14,2,0,0.38995738982550554,0.4116623274153876,0.39912307572720196,0.2848936628471472,0.48585543090216743
2022020025,20222023,2022-10-15,2,0,0.4537034643121251,0.4452213459079796,0.5243928058552589,0.3576069620053977,0.4791106250757187
2022020026,20222023,2022-10-15,2,1,0.42509605261130967,0.4782107171047298,0.4578015788848552,0.40964676612796447,0.4078398128211093
2022020027,20222023,2022-10-15,2,1,0.7254875081675035,0.720912301847642,0.7037802514814722,0.7789537724453339,0.6937285005757047
2022020028,20222023,2022-10-15,2,0,0.5730237400462054,0.5591251151522427,0.563908302510959,0.5789163443205373,0.5762465733071199
2022020029,20222023,2022-10-15,2,1,0.6555015974295288,0.6775177673610502,0.6608610240176619,0.6151983875236705,0.6904453807472541
2022020030,20222023,2022-10-15,2,1,0.675629147481096,0.6856161725495852,0.6607002410109494,0.6865183548513255,0.6796688465810133
2022020031,20222023,2022-10-15,2,1,0.6241050454982876,0.5153285028387454,0.5786964849244775,0.6387877254117861,0.6548309261585995
2022020032,20222023,2022-10-15,2,1,0.6055187490751023,0.6456603810610605,0.6235207967953916,0.5387624852350605,0.6542729651948543
2022020033,20222023,2022-10-15,2,1,0.67710495687085,0.6803517902369184,0.6598242658952287,0.7710205336546527,0.6004700710626686
2022020034,20222023,2022-10-15,2,0,0.6573140298628256,0.6340644557394107,0.6185631557001752,0.6585362537301132,0.6948426801581884
2022020035,20222023,2022-10-15,2,1,0.5415526298584484,0.5884748943867516,0.5190282717446537,0.5188771590846032,0.5867524587460885
2022020036,20222023,2022-10-15,2,0,0.4606237859821629,0.5756747473132611,0.48908199080718473,0.37666323264380475,0.5161261344954994
2022020037,20222023,2022-10-15,2,0,0.45941691226106,0.467843453683565,0.5084940832363724,0.40503830067277974,0.4647183528740279
2022020038,20222023,2022-10-15,2,0,0.555376855664827,0.5692870104687654,0.5913921311109498,0.5179616712515133,0.5567767646320176
2022020039,20222023,2022-10-17,2,1,0.7245937444763602,0.7123657711829415,0.6798096268705339,0.7006199110459816,0.793351695512565
2022020040,20222023,2022-10-17,2,0,0.7396095731149229,0.7270197364467217,0.7097946957364657,0.7877287609895285,0.7213052626187747
2022020041,20222023,2022-10-17,2,1,0.5201731307177421,0.5643238922110322,0.5065644740534772,0.5292435139998991,0.5247114040998498
2022020042,20222023,2022-10-17,2,1,0.3887765622670752,0.4207756100939937,0.435816866371269,0.2724786499993988,0.4580341704305579
2022020043,20222023,2022-10-17,2,1,0.5347309294531355,0.5939929936751086,0.5403478164455547,0.5195009448887423,0.5443440270251095
2022020044,20222023,2022-10-17,2,0,0.47162323800622663,0.5148218709224827,0.4569056236644343,0.49720987925746335,0.4607542110967822
2022020045,20222023,2022-10-17,2,0,0.4152158237304476,0.4778004109343002,0.4285718205389809,0.4487577875789657,0.36831786307339615
2022020046,20222023,2022-10-17,2,1,0.5174579802744154,0.5874628811139422,0.5081036591152236,0.513807728683067,0.5304625530249556
2022020047,20222023,2022-10-17,2,0,0.4465836599007849,0.4258371760255094,0.4154979902295656,0.41098953982879105,0.5132634496439982
2022020048,20222023,2022-10-18,2,1,0.5965864443225469,0.5553864289274724,0.56501708829436,0.6385624539264534,0.5861797907468271
2022020049,20222023,2022-10-18,2,1,0.3934892642584365,0.441264685232565,0.40063856470011333,0.39236491109311467,0.3874643169820816
2022020050,20222023,2022-10-18,2,1,0.4814784643447461,0.5201612450515379,0.45442593002000065,0.5140158650913519,0.47599359792288587
2022020051,20222023,2022-10-18,2,1,0.6519312201767528,0.6709777384701172,0.6660817565413035,0.6476441908762458,0.6420677131127092
2022020052,20222023,2022-10-18,2,0,0.6148803038732708,0.574728232863455,0.5791924781245954,0.6500390283534477,0.6154094051417693
2022020053,20222023,2022-10-18,2,0,0.671284589917934,0.7352434695287918,0.6773493912962328,0.64836685115795,0.6881375272996191
2022020054,20222023,2022-10-18,2,0,0.5604187919928026,0.67187462149004,0.5984884907197432,0.558004359198798,0.5247635260598666
2022020055,20222023,2022-10-18,2,1,0.6436085633543244,0.5804173892545228,0.6219380451978915,0.6786463917604477,0.6302412531046339
2022020056,20222023,2022-10-19,2,1,0.7110620458072642,0.7128896807225005,0.6719731540343491,0.7542018680861413,0.7070111153013018
2022020057,20222023,2022-10-19,2,0,0.7266196276698819,0.7018714276453182,0.6670434021338792,0.7638740943740342,0.7489413865017324
2022020058,20222023,2022-10-19,2,0,0.4596366009944925,0.4291245813272303,0.5142497894795265,0.4068525132953013,0.4578075002086497
2022020059,20222023,2022-10-20,2,1,0.7613978642759646,0.714816171825172,0.710414885787539,0.7600428777876846,0.8137358292526699
2022020060,20222023,2022-10-20,2,1,0.5737870983122292,0.570043450933931,0.5703682086256402,0.5838654047084042,0.5671276816026428
2022020061,20222023,2022-10-20,2,1,0.678260917281848,0.606770844066582,0.6135981378881512,0.6999041462570275,0.7212804677003655
2022020062,20222023,2022-10-20,2,1,0.6480641934815802,0.6261822000151435,0.6255483588256998,0.6587816145229611,0.6598626070960795
2022020063,20222023,2022-10-20,2,1,0.5072595961195997,0.5304135799100511,0.48929918098965935,0.5470303624833558,0.48544924488578406
2022020064,20222023,2022-10-20,2,0,0.7420908669376036,0.7312633808993306,0.7117640195205992,0.7402260511319767,0.774282530160235
2022020065,20222023,2022-10-20,2,1,0.40781216943019905,0.4963738506104904,0.4323734558553055,0.39267105826305315,0.3983919941722384
2022020066,20222023,2022-10-20,2,0,0.6319591404059839,0.6728522354127274,0.6534380295908608,0.5703253574736302,0.6721140341534605
2022020067,20222023,2022-10-20,2,1,0.6078952233132495,0.6133824063405647,0.591546821598094,0.6203308964803801,0.6118079518612745
2022020068,20222023,2022-10-20,2,0,0.6844516274807986,0.6709151915435365,0.6506783376590517,0.7559240265128457,0.6467525182704984
2022020069,20222023,2022-10-20,2,1,0.49062096633636054,0.5329118623189703,0.4827465135789508,0.4481218909158401,0.5409944945142906
2022020070,20222023,2022-10-20,2,1,0.6754153631044949,0.609701250905299,0.6415424321688994,0.7274443112847699,0.6572593458598153
2022020071,20222023,2022-10-21,2,0,0.615773785250513,0.5567666562414507,0.6144557515864706,0.6087526531467571,0.6241129510183113
2022020072,20222023,2022-10-21,2,1,0.5531049005355323,0.5679080776594777,0.5407453624553381,0.53621023499746,0.5823591041537989
2022020073,20222023,2022-10-21,2,0,0.7309655819441968,0.7589429394151518,0.6744405087770675,0.7718005024971087,0.7466557345584139
2022020074,20222023,2022-10-22,2,1,0.5850045693905552,0.6042160770528711,0.5896871126829477,0.5973248182385766,0.5680017772501412
2022020075,20222023,2022-10-22,2,1,0.6243522204144529,0.5813223689958206,0.6067869069440883,0.6653909065923294,0.600878847706941
2022020076,20222023,2022-10-22,2,1,0.5983119061143092,0.6256147161687879,0.5872008735707359,0.5986468853510778,0.6090879594211139
2022020077,20222023,2022-10-22,2,0,0.5548711705952338,0.5507095978850952,0.5322411095097447,0.5975330311406107,0.534839371135346
2022020078,20222023,2022-10-22,2,0,0.5235981247494788,0.4604201795583288,0.5100055380895663,0.5114690597695455,0.5493197763893245
2022020079,20222023,2022-10-22,2,1,0.5616609429834857,0.6034448267750873,0.5588568793648679,0.5590696413781444,0.5670563082074447
2022020080,20222023,2022-10-22,2,1,0.5671000190339354,0.6571274688721542,0.6081132875724646,0.5285796016249087,0.5646071679044329
2022020081,20222023,2022-10-22,2,0,0.3985301761078192,0.4678954409647328,0.4484693380774523,0.34833630187709286,0.3987848883689124
2022020082,20222023,2022-10-22,2,0,0.42674867392671273,0.5060325205977143,0.46652072746789947,0.4290241497614385,0.3847011445508002
2022020083,20222023,2022-10-22,2,0,0.5713013122108723,0.6348808021024834,0.5579840803485724,0.5999864335316661,0.5559334227523786
2022020084,20222023,2022-10-22,2,0,0.5838738067976682,0.5969937187073775,0.5753458941307329,0.5882899783866439,0.5879855478756276
2022020085,20222023,2022-10-22,2,1,0.5677942029213294,0.5430005552508008,0.5705724453982951,0.580720893919825,0.5520892694458681
2022020086,20222023,2022-10-22,2,0,0.5106077472770072,0.4907732589915097,0.4920523913509213,0.5438513690203921,0.495919481459708
2022020087,20222023,2022-10-23,2,1,0.49884244531701016,0.5676099970682711,0.5020858614595062,0.4784150619790964,0.516026412512428
2022020088,20222023,2022-10-23,2,1,0.5875711877592932,0.582657701933124,0.5605275921488709,0.5889426709215153,0.6132433002074931
2022020089,20222023,2022-10-23,2,0,0.7107094305791618,0.6884717366594394,0.6765950392275385,0.7277172253844618,0.7278160271254854
2022020090,20222023,2022-10-23,2,1,0.642554677316337,0.6395514120163333,0.6145234998513733,0.6570919264973675,0.6560486056002699
2022020091,20222023,2022-10-23,2,0,0.5832947843105175,0.593023255775209,0.5806442721450449,0.5435377175580562,0.6257023632284514
2022020092,20222023,2022-10-24,2,1,0.540649218257214,0.5049605310362032,0.5154036211491936,0.563898297775358,0.5426457358470904
2022020093,20222023,2022-10-24,2,0,0.47947366213145254,0.4667462256529773,0.4904805194960716,0.4625300848247849,0.4854103820735011
2022020094,20222023,2022-10-24,2,1,0.5011251734289226,0.5536712683606428,0.5157177247860597,0.49707486941950724,0.49058292608120097
2022020095,20222023,2022-10-24,2,1,0.5317782987761055,0.4881327833137621,0.5034817975216994,0.5996801201829626,0.4921729786236544
2022020096,20222023,2022-10-24,2,1,0.5280244713022214,0.5453243189038208,0.4944673400557597,0.5552967097161539,0.5343093641347506
2022020097,20222023,2022-10-24,2,0,0.4310547683806589,0.4761588480968704,0.43212395042039226,0.4240872734821319,0.4369530812394526
2022020098,20222023,2022-10-25,2,0,0.6009728158665238,0.6293204257504932,0.5981297929496988,0.5951834760880708,0.6096051785618019
2022020099,20222023,2022-10-25,2,0,0.49048915513565355,0.4984800197676454,0.48999347497777096,0.5065293279590587,0.4749446624701309
2022020100,20222023,2022-10-25,2,1,0.6812628663823754,0.6189525616913738,0.6117369140203579,0.7393385913865294,0.6927130937402389
2022020101,20222023,2022-10-25,2,0,0.4169153575260081,0.4437117405787149,0.48207821061170064,0.3353848279108995,0.4332830340554241
2022020102,20222023,2022-10-25,2,0,0.5392145101545956,0.5873112470552628,0.5821935941387881,0.5020651640845544,0.5333847722404444
2022020103,20222023,2022-10-25,2,1,0.4045491110308102,0.4250912115320786,0.46727228141735316,0.3257728949206731,0.42060215675440443
2022020104,20222023,2022-10-25,2,1,0.6087114277522284,0.5685673105949838,0.580656207917498,0.6412062547574162,0.604271820581771
2022020105,20222023,2022-10-25,2,1,0.5519700400206334,0.5246573234670189,0.5350181593837459,0.568387972779456,0.5525039878986985
2022020106,20222023,2022-10-25,2,1,0.4804250660248486,0.4583115658924445,0.4801149706657463,0.4581020851379695,0.50305814227083
2022020107,20222023,2022-10-25,2,0,0.4538484073986991,0.4311479581419341,0.4307580145306102,0.4911694228264008,0.4396177848390863
2022020108,20222023,2022-10-26,2,1,0.49403068345601153,0.5126718527725685,0.4961171737611007,0.5033231080056216,0.48265176860131237
2022020109,20222023,2022-10-26,2,0,0.5463054384683277,0.5907720988141405,0.5439615767240955,0.5589758099355109,0.5359789287453766
2022020110,20222023,2022-10-26,2,0,0.4031536552916261,0.3858660039706249,0.41644804459227686,0.3835091268924754,0.409503794390126
2022020111,20222023,2022-10-27,2,1,0.6911268645763876,0.7163277638573029,0.6724704468158715,0.7014072343256501,0.6995029125876411
2022020112,20222023,2022-10-27,2,1,0.3462339777665225,0.4206871665345552,0.394243144183635,0.2927461068202685,0.351712682295664
2022020113,20222023,2022-10-27,2,0,0.46885635967952216,0.5008170911919868,0.5268326780740228,0.4230384387293127,0.45669796223523107
2022020114,20222023,2022-10-27,2,0,0.5357344687402987,0.6319626368781824,0.5781847673613956,0.5356379681160318,0.49338067074346886
2022020115,20222023,2022-10-27,2,1,0.5576119969797283,0.4848286510470447,0.5288758991510246,0.63053195610413,0.5134281356840306
2022020116,20222023,2022-10-27,2,0,0.49271883102830677,0.4490139143203308,0.4858760137201929,0.5199299735446865,0.4723505058200407
2022020117,20222023,2022-10-27,2,1,0.519016788628428,0.5635763161335964,0.5203746927296589,0.535246314887438,0.5014293582681871
2022020118,20222023,2022-10-27,2,0,0.5243194044561014,0.5271667744323624,0.5491850480445184,0.5225971918338171,0.5011759734899687
2022020119,20222023,2022-10-27,2,1,0.3813711435490624,0.4103739119797948,0.38591633310559653,0.37495904948478836,0.3832380480568024
2022020120,20222023,2022-10-27,2,0,0.5137112611477831,0.5610803649587807,0.5259735285353418,0.5146334567152497,0.5005267981927574
2022020121,20222023,2022-10-28,2,1,0.745439010409613,0.7132027867888886,0.7137992808504189,0.7675831552394754,0.7549345951389449
2022020122,20222023,2022-10-28,2,0,0.4233430067812696,0.4379101447465434,0.40982409041727785,0.3966015889411741,0.46360334098535705
2022020123,20222023,2022-10-28,2,1,0.5049129224474425,0.3586550189488713,0.5438372194036685,0.457504284475097,0.5133972634635618
2022020124,20222023,2022-10-28,2,0,0.6601243298052798,0.6424424366214044,0.6492526320630257,0.6747395549165722,0.6563808024362412
2022020125,20222023,2022-10-28,2,1,0.40400886633122984,0.5017941545062097,0.4585133830126572,0.3810850158958518,0.3724282000851805
2022020126,20222023,2022-10-28,2,0,0.4483851837784634,0.4696065066275512,0.410255361928259,0.48839998390928124,0.44650020549785
2022020127,20222023,2022-10-29,2,0,0.44510017796639595,0.5465331018700392,0.4699124997561717,0.46541326656113713,0.39997476758187905
2022020128,20222023,2022-10-29,2,1,0.6133263230432747,0.6658030468624121,0.6329525024301006,0.5907857297333806,0.6162407369663427
2022020129,20222023,2022-10-29,2,0,0.42118505396922074,0.3872071261512358,0.4354526295609871,0.41323962874498155,0.41486290360169353
2022020130,20222023,2022-10-29,2,0,0.3725836892990187,0.4235870743523299,0.38015134726065875,0.32209514678811885,0.41550457384827855
2022020131,20222023,2022-10-29,2,1,0.5940684852217029,0.6008425496693801,0.6031326513896135,0.5838337402375192,0.595239064037976
2022020132,20222023,2022-10-29,2,1,0.43767689885965444,0.441542585402532,0.47228507196891784,0.4049777001006505,0.43576792450939494
2022020133,20222023,2022-10-29,2,0,0.6234934870843555,0.7073120313702465,0.6693684957179094,0.663699958430894,0.5374120071042633
2022020134,20222023,2022-10-29,2,1,0.4699193665246871,0.4925254856426824,0.4732714790318679,0.45016389993688505,0.4863227206053083
2022020135,20222023,2022-10-29,2,1,0.4682931040714164,0.4536531676829613,0.4937882102491568,0.46071089133739856,0.4503802106276938
2022020136,20222023,2022-10-29,2,0,0.5351436434935822,0.5311085558356438,0.5345083669222416,0.5251177197247452,0.5458048438337603
2022020137,20222023,2022-10-29,2,0,0.5945359088696277,0.5708068754588469,0.5635080358211747,0.626851536737807,0.5932481540499016
2022020138,20222023,2022-10-29,2,1,0.5158950313652829,0.4571869817359842,0.5222490025756065,0.5456085334149523,0.47982755810529
2022020139,20222023,2022-10-30,2,1,0.6205648906797975,0.5554827372283507,0.5915983833956604,0.6069717634553672,0.6631245251883648
2022020140,20222023,2022-10-30,2,0,0.4249071411341186,0.4581425469836209,0.4896720766108307,0.3967635750980025,0.38828577169352263
2022020141,20222023,2022-10-30,2,0,0.406287069546264,0.4162233550861972,0.4161929987210516,0.4028157863389187,0.3998524235788218
2022020142,20222023,2022-10-30,2,1,0.3675430793391876,0.410857974862059,0.3971912355921935,0.346356571956219,0.35908143046915036
2022020143,20222023,2022-10-30,2,1,0.6201756225666212,0.6188426853585367,0.6167555289825803,0.6481309148911363,0.5956404238261468
2022020144,20222023,2022-10-31,2,1,0.6258910575437692,0.6143959091715034,0.6175522472847575,0.604568313794331,0.6555526115522192
2022020145,20222023,2022-10-31,2,1,0.6656444188676572,0.6104958638392892,0.6649134647975212,0.6959263154943035,0.6360934763111468
2022020146,20222023,2022-10-31,2,0,0.5394495497079919,0.6244339976590766,0.5253317046012859,0.5669811217193077,0.5260358228033822
2022020147,20222023,2022-11-01,2,0,0.5346956306446621,0.5203884009734778,0.5372402333900209,0.5591601622389277,0.5076864963050377
2022020148,20222023,2022-11-01,2,1,0.6483805787472294,0.699319378247163,0.6684041005376243,0.6302300262057623,0.6465076094983015
2022020149,20222023,2022-11-01,2,1,0.7351003582540082,0.7034455631392171,0.6965073239181391,0.7800082340225819,0.7287855168213035
2022020150,20222023,2022-11-01,2,0,0.45954168495789943,0.5383513038228583,0.45683167632183774,0.45092194574173966,0.47087143281012095
2022020151,20222023,2022-11-01,2,1,0.6527278743743756,0.6898687847603191,0.6686705778356165,0.6643083453286283,0.625204699958882
2022020152,20222023,2022-11-01,2,0,0.44834976102128915,0.4778724585650433,0.4369232788460119,0.4497191614079102,0.45840684280994515
2022020153,20222023,2022-11-01,2,1,0.5687969729576562,0.5896299464906816,0.5836579113866325,0.5423656852449668,0.5803673222413696
2022020154,20222023,2022-11-01,2,1,0.5857776662642294,0.6539681249696712,0.5533599548403396,0.6097466601480813,0.5942263838042672
2022020155,20222023,2022-11-01,2,0,0.6306490977901547,0.6834609724871923,0.6137606658296358,0.6425045324861013,0.635682095054727
2022020156,20222023,2022-11-01,2,1,0.2858521375474546,0.4049617812709569,0.3750626413567076,0.22096812427806858,0.2615256470075875
2022020157,20222023,2022-11-01,2,0,0.5298575464004044,0.6243853488845243,0.5597954119327575,0.48798722557154817,0.5417900016969076
2022020158,20222023,2022-11-01,2,0,0.5802920059078335,0.5780257927840897,0.5814751973715998,0.5673940430011513,0.5920067773507496
2022020159,20222023,2022-11-02,2,1,0.7499474953628678,0.6990152077465315,0.6926268612024028,0.7809727812755183,0.7762428436106823
2022020160,20222023,2022-11-02,2,1,0.5107925454350074,0.5077365508686861,0.49950322439820727,0.5311899235273392,0.501684488379476
2022020161,20222023,2022-11-03,2,0,0.580394890182588,0.5426078349793597,0.5958239471420205,0.569360256630099,0.5760004667756445
2022020162,20222023,2022-11-03,2,0,0.5109324807282282,0.5971171049707913,0.5392858103007161,0.4976002722547669,0.4959113596292014
2022020163,20222023,2022-11-03,2,0,0.4484550336569976,0.46376039796824,0.42984619710903144,0.4807235552445172,0.4347953486174442
2022020164,20222023,2022-11-03,2,1,0.44621222472320193,0.4596660289035368,0.46056288807803913,0.440761701161951,0.43731208492961565
2022020165,20222023,2022-11-03,2,1,0.5694979029810874,0.6612483005956273,0.5848946382353045,0.5737839415831537,0.5498151291248039
2022020166,20222023,2022-11-03,2,0,0.5522373977178542,0.582721364078572,0.544288851889201,0.5913056981550924,0.5211176431092692
2022020167,20222023,2022-11-03,2,0,0.611819339605033,0.6735407229608915,0.6379277763131184,0.5967734151824532,0.6007568273195271
2022020168,20222023,2022-11-03,2,1,0.45006851808860354,0.4968614354670318,0.4581896871606618,0.42886172752817814,0.4631541395769707
2022020169,20222023,2022-11-03,2,0,0.6457317571761616,0.6453042790096979,0.5976360572300377,0.685268641405742,0.6542905728927051
2022020170,20222023,2022-11-03,2,0,0.6041503787011421,0.6886439355668668,0.5976967116190572,0.5887810301935188,0.62597339429085
2022020171,20222023,2022-11-03,2,1,0.6292054361259048,0.6426353466685569,0.6140817548473884,0.607986018740487,0.6655485347898391
2022020172,20222023,2022-11-03,2,0,0.3316036323560411,0.4542362059743345,0.39383823962752496,0.3161870020594809,0.28478565538111755
2022020173,20222023,2022-11-03,2,0,0.3422726139092778,0.4152707372240419,0.4092288340188,0.2780368393642286,0.3395521683448048
2022020174,20222023,2022-11-04,2,1,0.5995122265599031,0.6681419182526581,0.6131842712155995,0.6278951453474467,0.5574572631166629
2022020175,20222023,2022-11-04,2,1,0.6919657588700133,0.7444305932716306,0.6782329891303011,0.7131157942766165,0.6845484932031227
2022020176,20222023,2022-11-05,2,1,0.6163081325323572,0.6543424546837023,0.6007141880712953,0.6061696924087794,0.6420405171169968
2022020177,20222023,2022-11-05,2,0,0.5832803106755456,0.6024551401525248,0.6098108422346358,0.5701757880094849,0.5698543017825165
2022020178,20222023,2022-11-05,2,0,0.7092345882252271,0.6835833870298952,0.6741660798306073,0.6902967704769568,0.7632409143681175
2022020179,20222023,2022-11-05,2,1,0.5010594687704645,0.5299640771775097,0.49486766706944135,0.48083917144742166,0.5274715677945305
2022020180,20222023,2022-11-05,2,1,0.6504272372985399,0.6867178305764728,0.6341332484128892,0.678055683330834,0.6390927801518964
2022020181,20222023,2022-11-05,2,1,0.4042962076639007,0.459047612100058,0.4042828115551994,0.4202226015319459,0.3883832099045566
2022020182,20222023,2022-11-05,2,0,0.6543615952631215,0.6131996113550059,0.642153942879799,0.6440854774328321,0.6768453654767334
2022020183,20222023,2022-11-05,2,0,0.6052119561464694,0.6445461625147144,0.6117402903735755,0.6414902179508459,0.5624053601149869
2022020184,20222023,2022-11-05,2,0,0.5004108397181353,0.4140632874227702,0.4426106285079739,0.504518189796317,0.5541037008501148
2022020185,20222023,2022-11-05,2,0,0.3576419658927327,0.3732270658591521,0.41130035040326696,0.34004417519488517,0.32158137208004606
2022020186,20222023,2022-11-05,2,0,0.5273601657648334,0.5740595274068548,0.5109490646711987,0.5382111452410655,0.5329202873822361
2022020187,20222023,2022-11-05,2,0,0.6139533940602296,0.6601909854529369,0.5723644983527192,0.63854478615769,0.6309508976702798
2022020188,20222023,2022-11-05,2,0,0.5992588144327684,0.5716389895564213,0.5914161249479222,0.597209584395669,0.6091507339547142
2022020189,20222023,2022-11-05,2,1,0.4599210148512782,0.4995697410523186,0.4673973675483025,0.3986046631931988,0.5137610138123331
2022020190,20222023,2022-11-06,2,0,0.7434427624199845,0.6914362870375885,0.7055612018420782,0.7919636732048755,0.7328034122129998
2022020191,20222023,2022-11-06,2,0,0.6502770858270557,0.592185046768037,0.6256949555321735,0.6447621221599003,0.6803741797890935
2022020192,20222023,2022-11-06,2,0,0.29090268453003415,0.416982771754697,0.40407260083862945,0.21770992059384128,0.25092553215763164
2022020193,20222023,2022-11-07,2,1,0.4974075828961569,0.5602709967055677,0.5066492614889193,0.5102753043436475,0.4752981828559037
2022020194,20222023,2022-11-07,2,1,0.6477954775814251,0.6374312673325242,0.6253257360090013,0.6514620284867384,0.6665986682485355
2022020195,20222023,2022-11-07,2,1,0.4908958076700978,0.5324347989396342,0.45580828494085046,0.5392230277448291,0.47765611032461375
2022020196,20222023,2022-11-08,2,0,0.6792958108368934,0.6341735884930376,0.6324489291941044,0.6681876046508922,0.7372508986656836
2022020197,20222023,2022-11-08,2,1,0.588844118512584,0.4905934154730947,0.6011251994429802,0.5489225480507472,0.6164846080440246
2022020198,20222023,2022-11-08,2,0,0.6717568103180266,0.5940099849578706,0.6310873823778479,0.7243701523044688,0.659812896271763
2022020199,20222023,2022-11-08,2,1,0.4320690896516462,0.4644542072766306,0.41516667754644004,0.44016519909916296,0.4408753923093355
2022020200,20222023,2022-11-08,2,0,0.5368180831011151,0.542532771282701,0.5104490150523566,0.5633570615461537,0.5366481727048349
2022020201,20222023,2022-11-08,2,0,0.5754854490787343,0.5654036878410548,0.5304187554784651,0.6031423957145049,0.592895196043233
2022020202,20222023,2022-11-08,2,0,0.6192406218756658,0.6191728211588027,0.5874506271457951,0.6542674869181757,0.6160037515630267
2022020203,20222023,2022-11-08,2,0,0.5163678474898049,0.5956970028981181,0.5691930869761852,0.4798399858519561,0.5000704696412734
2022020204,20222023,2022-11-08,2,1,0.46970655556029933,0.5468781479004581,0.4741380228567878,0.4721766240289855,0.4628050197951247
2022020205,20222023,2022-11-08,2,1,0.5576254372266858,0.5415248679114263,0.5220894105399694,0.5803898277192333,0.5703970734208546
2022020206,20222023,2022-11-08,2,1,0.5356365165692489,0.5284825626730002,0.5264698586125387,0.5319966112619124,0.5484430798332957
2022020207,20222023,2022-11-09,2,1,0.5513256591123815,0.5603419936960627,0.5499113513863982,0.5271025880917783,0.5769630378589679
2022020208,20222023,2022-11-09,2,0,0.5154287908138105,0.5665422953426617,0.5111344955457511,0.5308676212194192,0.5042842556762615
2022020209,20222023,2022-11-09,2,1,0.48817362780244355,0.4967895774784779,0.5119525400006085,0.4758913402048846,0.4766770032018376
2022020210,20222023,2022-11-09,2,0,0.40048278204857507,0.437330936822649,0.43646100859482195,0.39357972825260873,0.3714076092982946
2022020211,20222023,2022-11-10,2,1,0.5609338310353044,0.6391188021700753,0.6037695289028986,0.5255323980140381,0.5534995661889764
2022020212,20222023,2022-11-10,2,1,0.565063269909087,0.586120377594856,0.5582237098374168,0.5560993610591014,0.5808667388307426
2022020213,20222023,2022-11-10,2,1,0.5646660950227371,0.5819201713783434,0.5698486796051022,0.4938467565001044,0.6303028489630048
2022020214,20222023,2022-11-10,2,1,0.5605624349475132,0.5728575544139676,0.593104728768235,0.5959246035337165,0.49265797254058846
2022020215,20222023,2022-11-10,2,0,0.5290228437913492,0.4545744413527966,0.51491237645886,0.5367893646901982,0.5353667902249898
2022020216,20222023,2022-11-10,2,0,0.7245831345496038,0.6824279229984161,0.6878462060064566,0.690308980323062,0.7955942173192926
2022020217,20222023,2022-11-10,2,0,0.3923427524430067,0.4526436634780047,0.3982381669593062,0.4032616445605586,0.37552844580915523
2022020218,20222023,2022-11-10,2,1,0.6532644597980257,0.6824990049255539,0.6701511136588583,0.6631721944635897,0.6264700712716291
2022020219,20222023,2022-11-10,2,1,0.7036138240359676,0.716074815041868,0.6849093943348296,0.7301663493733648,0.6957657283997083
2022020220,20222023,2022-11-10,2,1,0.6185858199599422,0.6471891044307179,0.5877060121627637,0.6412556767690474,0.6267957709480156
2022020221,20222023,2022-11-11,2,0,0.5618422986092934,0.6040633926160648,0.5741632776559205,0.5582807320772725,0.553082886094687
2022020222,20222023,2022-11-11,2,1,0.4992085007413223,0.4861401717060936,0.5277247252842877,0.4804083771955985,0.4894923997440805
2022020223,20222023,2022-11-11,2,0,0.696557187254676,0.700731301594379,0.6957271591415404,0.6816540463095213,0.7122903563129662
2022020224,20222023,2022-11-11,2,0,0.5126177011068133,0.4933413300420201,0.51582241907598,0.48821433466642294,0.5338163495780369
2022020225,20222023,2022-11-12,2,0,0.42129732108238144,0.5488489842063141,0.4304635548399531,0.4074162157705682,0.42601219263662304
2022020226,20222023,2022-11-12,2,0,0.636320859655456,0.5925706459492789,0.608700177376307,0.62197709300799,0.6782853085820709
2022020227,20222023,2022-11-12,2,1,0.6886189806562436,0.6076842020632206,0.6357976455833216,0.7099179395499917,0.7201413568354174
2022020228,20222023,2022-11-12,2,0,0.47725917820590275,0.4229602221316384,0.4938184674144936,0.40712134988347454,0.53083771731974
2022020229,20222023,2022-11-12,2,1,0.4701066306814273,0.4524957329579596,0.46240233687714855,0.4893197722492796,0.4585977829178539
2022020230,20222023,2022-11-12,2,1,0.5695849566811364,0.6453946864568578,0.6166385100180205,0.5339484299217355,0.5581679301036533
2022020231,20222023,2022-11-12,2,1,0.6082634571070797,0.6589217415211093,0.5807643808186338,0.6198113634745199,0.6242146270280856
2022020232,20222023,2022-11-12,2,1,0.48324724741840225,0.4934499482098101,0.49651858010352296,0.484256507940632,0.4689666542110518
2022020233,20222023,2022-11-12,2,1,0.5338389160429377,0.6329737399329094,0.5767932573908491,0.5289358923364501,0.4957875984015137
2022020234,20222023,2022-11-12,2,0,0.45612511053688215,0.5501435994816932,0.47960856388045137,0.45541557674170013,0.43335119098849495
2022020235,20222023,2022-11-12,2,0,0.661600740669086,0.6337082889531852,0.5980855497944709,0.7055336520237253,0.6811830201890618
2022020236,20222023,2022-11-12,2,1,0.6126366941941602,0.5749648118078161,0.6005454949518918,0.618793068260792,0.6185715193697969
2022020237,20222023,2022-11-12,2,1,0.6674754642075559,0.6481079276185927,0.6319515869895251,0.6856232611035428,0.6848515445296
2022020238,20222023,2022-11-13,2,0,0.3496472131883867,0.4549075418947375,0.4153996964252005,0.297060659979775,0.3364812831601846
2022020239,20222023,2022-11-13,2,1,0.7478191525622435,0.6952715482674928,0.6996497402415461,0.7636474525244027,0.7801602649207815
2022020240,20222023,2022-11-13,2,0,0.6667160774051776,0.7048001214103453,0.694227248058117,0.6220646191901013,0.6838563649673147
2022020241,20222023,2022-11-13,2,1,0.6607931510272255,0.6932185954972712,0.669730740321691,0.6412466207928156,0.67140209196717
2022020242,20222023,2022-11-13,2,1,0.6030601278048296,0.638611258558636,0.5721247409344502,0.6483641839555785,0.5886914585244605
2022020243,20222023,2022-11-13,2,0,0.5684491576947636,0.5110969215929305,0.5393667820046883,0.5676330758676834,0.5983476152119188
2022020244,20222023,2022-11-14,2,0,0.4901149704449255,0.4949090201646542,0.46481431256406935,0.5105731286339004,0.49495747013680697
2022020245,20222023,2022-11-14,2,0,0.3434930767296546,0.4203925343463939,0.41949220620704425,0.27891197862793127,0.3320750453539883
2022020246,20222023,2022-11-14,2,1,0.5863678941318334,0.5968620507627256,0.5830028363408432,0.605493682644859,0.570607163409798
2022020247,20222023,2022-11-14,2,0,0.695470821685364,0.6847646890769217,0.6703856631681445,0.7071155745036677,0.7089112273842798
2022020248,20222023,2022-11-15,2,1,0.5901001328816918,0.6263849405085392,0.5828400915902899,0.6019778187299266,0.5854824883248588
2022020249,20222023,2022-11-15,2,0,0.41631605858687104,0.5310110995362614,0.4135256692818119,0.4207372644682451,0.41468524201055607
2022020250,20222023,2022-11-15,2,1,0.5314750471198855,0.595157403040676,0.5692282977073666,0.552148792376231,0.47304805127605865
2022020251,20222023,2022-11-15,2,0,0.47253844222072483,0.545686322706271,0.46945092911654895,0.5165496497879591,0.43161474775766634
2022020252,20222023,2022-11-15,2,0,0.5533301875465422,0.5488205824533163,0.5487805330487912,0.5741722847502466,0.5370377448405887
2022020253,20222023,2022-11-15,2,1,0.6364811948562162,0.6201277201757094,0.6063061471289221,0.6350972691868837,0.6680401682528427
2022020254,20222023,2022-11-15,2,1,0.5287397255529313,0.5126652088088264,0.5088830722416383,0.5459845336120781,0.5313515708050773
2022020255,20222023,2022-11-15,2,1,0.48219984355753254,0.5449694000677916,0.4794216925910288,0.48090957439816073,0.4862682636834081
2022020256,20222023,2022-11-15,2,0,0.7235931705415098,0.7293093420862063,0.6940742896724054,0.7656032654115356,0.7111019565405885
2022020257,20222023,2022-11-16,2,1,0.5028959774152787,0.5690299414670957,0.5349218107084023,0.5433931529953309,0.430372968542103
2022020258,20222023,2022-11-16,2,0,0.4389636839816044,0.4576421613905689,0.43202122367249673,0.43825217354227414,0.4466176547300422
2022020259,20222023,2022-11-16,2,0,0.5190716021377458,0.624682772771379,0.5261950359775911,0.5417290516102868,0.4892907188253595
2022020260,20222023,2022-11-17,2,1,0.546477606671221,0.6323291221146133,0.5352370745929766,0.5595371651390592,0.5446585802816274
2022020261,20222023,2022-11-17,2,0,0.5867953039414696,0.5088687523013989,0.5802799484784419,0.5797718733917251,0.6003340899542418
2022020262,20222023,2022-11-17,2,0,0.599409360906949,0.6059141682733943,0.6100525347774748,0.5520248559716026,0.6361506919717695
2022020263,20222023,2022-11-17,2,1,0.4790795391973805,0.5894403384545207,0.5036151968701227,0.4721082898017473,0.46151513092027135
2022020264,20222023,2022-11-17,2,0,0.5802388250638857,0.6623133849423916,0.5450611325853615,0.579230020239593,0.6164253223667027
2022020265,20222023,2022-11-17,2,1,0.713494729170764,0.7558912278957419,0.7150959550135844,0.7128373763370212,0.7125508561616865
2022020266,20222023,2022-11-17,2,1,0.6736988473213442,0.6912190572595496,0.6890871833782098,0.6323186945777526,0.6996906640080702
2022020267,20222023,2022-11-17,2,1,0.5378305415123469,0.5230280886172601,0.5088212070104843,0.5384062624264391,0.5662641551001173
2022020268,20222023,2022-11-17,2,0,0.561537359642949,0.5806516719933952,0.5363674786245284,0.5893337520242832,0.5589108482800357
2022020269,20222023,2022-11-17,2,1,0.5082138747519793,0.5972745140753175,0.5426752140908475,0.47094689950800955,0.5110195106570808
2022020270,20222023,2022-11-17,2,1,0.7384204368187546,0.7134513918765102,0.6972262241192103,0.785170009998665,0.7328650763383885
2022020271,20222023,2022-11-17,2,1,0.44837737389973276,0.472302562311648,0.4584214592973841,0.43981990644325475,0.4468907559585595
2022020272,20222023,2022-11-17,2,0,0.5986571024378539,0.5716192731229683,0.5912469199754303,0.5865762707831738,0.6181481165549576
2022020273,20222023,2022-11-18,2,1,0.46258469248253425,0.5418841254157188,0.446116759265427,0.5118431851272017,0.42979413305497394
2022020274,20222023,2022-11-19,2,0,0.4282183824089653,0.546019831608602,0.43309802592042546,0.45561252849004813,0.39594459281642225
2022020275,20222023,2022-11-19,2,0,0.5827227807898722,0.6051324601856516,0.5960785506939233,0.5378053474027534,0.6142844442729398
2022020276,20222023,2022-11-19,2,1,0.5823975878948039,0.6840908122938408,0.62175467165154,0.5809803785728671,0.5444577134600048
2022020277,20222023,2022-11-19,2,1,0.7300073750850182,0.7534205119033713,0.7141130235362825,0.7571894139797017,0.7187196877390704
2022020278,20222023,2022-11-19,2,0,0.5008255064788638,0.4337186084332393,0.5124974269906979,0.5069540552958725,0.48302503715002104
2022020279,20222023,2022-11-19,2,0,0.507740837825926,0.5854465658210881,0.5305648356712707,0.4748872269095427,0.5177704508969646
2022020280,20222023,2022-11-19,2,1,0.5511317516387578,0.5811968032623935,0.5430483271514325,0.5544281397277057,0.5559187880371355
2022020281,20222023,2022-11-19,2,0,0.5354806960842783,0.564103180426699,0.5125537132057354,0.5638464625672915,0.530041912479808
2022020282,20222023,2022-11-19,2,1,0.62969112596038,0.70512189559824,0.6947684342441175,0.5848627457369084,0.6094421979001143
2022020283,20222023,2022-11-19,2,1,0.4257735188247698,0.526819027855275,0.44988412263439265,0.4143568196907199,0.4130796141491971
2022020284,20222023,2022-11-19,2,1,0.5825070382970741,0.582508149798144,0.5738672134693665,0.5841061904178473,0.5895477110040083
2022020285,20222023,2022-11-19,2,0,0.42744442479555955,0.4584149142364934,0.43289140882586585,0.3964386223385289,0.45300324322228397
2022020286,20222023,2022-11-19,2,1,0.5412623342970518,0.5295742065506545,0.508328105531255,0.5976410443817577,0.5178178529781429
2022020287,20222023,2022-11-19,2,1,0.47927032255653174,0.5475012794691503,0.4710072391734219,0.5006844155071762,0.46611931298899695
2022020288,20222023,2022-11-19,2,0,0.44139508230927427,0.4279742672706111,0.4547614304937279,0.4197679341482951,0.44965588228579983
2022020289,20222023,2022-11-20,2,1,0.32082376940069063,0.441473851972801,0.3863435535292096,0.2549161539488484,0.3212116007240138
2022020290,20222023,2022-11-20,2,0,0.3861727130010006,0.4368355892918569,0.4174543093026075,0.35754131945343354,0.38352251024696055
2022020291,20222023,2022-11-21,2,0,0.5204692291478055,0.5553179552516229,0.5293744785912908,0.4927630787756826,0.5392701300764431
2022020292,20222023,2022-11-21,2,0,0.40366581687781,0.43739180337465,0.4464799837521267,0.38169821699696016,0.38281924988434307
2022020293,20222023,2022-11-21,2,1,0.5746535258227348,0.5042526434895314,0.5574290512794369,0.5910452583430573,0.5754862678457103
2022020294,20222023,2022-11-21,2,1,0.4097186456230057,0.5186029817044367,0.438359472772893,0.3933362229675798,0.3974602411285443
2022020295,20222023,2022-11-21,2,0,0.6163143420426357,0.6128278549938996,0.6151546537081903,0.6080409242847773,0.6257474481349395
2022020296,20222023,2022-11-21,2,1,0.6489880840156138,0.7119052291599639,0.698718389128263,0.5954745826626165,0.6527712802559621
2022020297,20222023,2022-11-21,2,1,0.6061463756094793,0.6416295260581906,0.5761748912846165,0.6188994178061245,0.6233648177376969
2022020298,20222023,2022-11-21,2,0,0.5413295477730641,0.4667008239476445,0.5241851211082843,0.5353790447594355,0.5644244774514725
2022020299,20222023,2022-11-21,2,1,0.5031144499892076,0.534328829745965,0.49320238918145043,0.5244522645531956,0.4916886962329768
2022020300,20222023,2022-11-21,2,0,0.42751991907739795,0.4856604753372056,0.4545373157196579,0.4073885379203133,0.4206339035922226
2022020301,20222023,2022-11-22,2,0,0.4694501603021568,0.5469091726210185,0.4831170380716176,0.44861961545833834,0.4766138273765145
2022020302,20222023,2022-11-22,2,0,0.5038943398716764,0.5158802679448173,0.5124643472975355,0.48027606255283517,0.5189426097646584
2022020303,20222023,2022-11-23,2,0,0.7489910113733389,0.7169692050983018,0.7070256080314121,0.7668499305740328,0.7730974955145719
2022020304,20222023,2022-11-23,2,1,0.5453395493944714,0.4974267324367746,0.5235424231535792,0.4937736080321223,0.6187026169977128
2022020305,20222023,2022-11-23,2,1,0.5245816625013897,0.5792687841477194,0.5283599630798067,0.5430531262359537,0.5023318981884087
2022020306,20222023,2022-11-23,2,0,0.532932638082213,0.600395387365026,0.5899781208429132,0.4994412357941887,0.5093785576095371
2022020307,20222023,2022-11-23,2,1,0.501656354288728,0.473302796206189,0.5190288779927046,0.4817875999010251,0.5041525849724544
2022020308,20222023,2022-11-23,2,0,0.48805514076842926,0.5006328862970497,0.520224051325637,0.4765702028425566,0.4673711681370942
2022020309,20222023,2022-11-23,2,1,0.5463957439444539,0.5826173591479726,0.5404232760073976,0.549782627404326,0.5489813284216378
2022020310,20222023,2022-11-23,2,1,0.5470000247160923,0.5545318256851036,0.5428667296001338,0.5539623524946344,0.5441709920535085
2022020311,20222023,2022-11-23,2,1,0.4947806572537135,0.5183141814512621,0.4808110684916737,0.5005431210553785,0.5029877822140885
2022020312,20222023,2022-11-23,2,1,0.6621672998120945,0.6730663164610865,0.6747797728704402,0.6315466789819952,0.6801754475838485
2022020313,20222023,2022-11-23,2,1,0.7335945017741388,0.7017261949579725,0.7017007522734119,0.7414371869930724,0.7576455660559321
2022020314,20222023,2022-11-23,2,1,0.4022414428540111,0.3982750724309702,0.41659027498153534,0.39697141116643897,0.3931626424140589
2022020315,20222023,2022-11-23,2,1,0.6701805400866193,0.6988151273783131,0.6500600337634105,0.6905269540140203,0.6699546324824271
2022020316,20222023,2022-11-23,2,1,0.6189303452550189,0.620973440274189,0.5959861733361885,0.6507272140306315,0.6100776483982366
2022020317,20222023,2022-11-23,2,0,0.6783544698404856,0.7278167827233414,0.6972280128618293,0.6679122361522808,0.669923160507347
2022020318,20222023,2022-11-25,2,1,0.5320767353566648,0.631858814411277,0.5491999126799463,0.5679999139133423,0.47903037947670585
2022020319,20222023,2022-11-25,2,1,0.5056976120316065,0.5391500958034197,0.5048912164430542,0.5209645078823547,0.4912371117694104
2022020321,20222023,2022-11-25,2,0,0.4743036685850761,0.5589697153799005,0.49225850068476806,0.45678563095927005,0.47386687411119016
2022020322,20222023,2022-11-25,2,0,0.5144806234310351,0.5455623820015042,0.5155109442926886,0.5385722188363573,0.48935870716405927
2022020323,20222023,2022-11-25,2,0,0.40833080753493983,0.5301499884503077,0.4247673403462208,0.3948400737154685,0.4053850085431301
2022020324,20222023,2022-11-25,2,0,0.45745245972196336,0.4135785364659208,0.4562085036863498,0.4661493214854148,0.44999955399412545
2022020325,20222023,2022-11-25,2,1,0.5702553874827606,0.5904435960487366,0.5628464995772877,0.5329277233700601,0.6149919395009342
2022020326,20222023,2022-11-25,2,0,0.38157900032337766,0.4646119052128925,0.4143511816090108,0.3942184546327172,0.33616736472840486
2022020327,20222023,2022-11-25,2,0,0.47000117259054813,0.5389986759964904,0.4406074677757914,0.46465555617240334,0.5047404938234498
2022020328,20222023,2022-11-25,2,1,0.6235342684058375,0.6290907562094072,0.6054881922074191,0.6302406210954267,0.6348739919146666
2022020329,20222023,2022-11-25,2,0,0.6746698680207682,0.6740668953323435,0.6437770288157096,0.6888235935039326,0.6914089817426622
2022020330,20222023,2022-11-25,2,0,0.6155945072273794,0.6014547186091186,0.6062302296658303,0.6224529298430665,0.6181003621732414
2022020331,20222023,2022-11-25,2,0,0.41955201832962863,0.4854656554293253,0.4270661545792382,0.425976403286986,0.40561349712266165
2022020332,20222023,2022-11-26,2,0,0.6261094449909633,0.5874104314359285,0.6083287310078079,0.646596132936402,0.6234034710286803
2022020333,20222023,2022-11-26,2,1,0.5907748299528035,0.5960513691464195,0.5814931998207491,0.5934600946906907,0.5973711953469707
2022020334,20222023,2022-11-26,2,0,0.6765501404834543,0.5965342946105514,0.6274068686579395,0.6814795988799461,0.7207639539124772
2022020335,20222023,2022-11-26,2,0,0.5342743485406769,0.5559574730307051,0.5091693322373538,0.5674216830583376,0.5262320303263393
2022020336,20222023,2022-11-26,2,1,0.5622532734971623,0.5570180753701225,0.5544130427310213,0.5242161206430985,0.6081306571173669
2022020337,20222023,2022-11-26,2,1,0.6243766762840804,0.7112271111982257,0.6970735190970648,0.577317297810914,0.5987392119442622
2022020339,20222023,2022-11-26,2,1,0.6682099563019527,0.6721148583942966,0.6394452671030243,0.7059671854122727,0.6592174163905611
2022020340,20222023,2022-11-26,2,0,0.5775290623926516,0.6505145374459109,0.5728722045050975,0.5815922769126691,0.5781227057601882
2022020341,20222023,2022-11-27,2,1,0.6889154463376809,0.6821909279147046,0.6946546879502654,0.6609461716674668,0.7111454793953107
2022020342,20222023,2022-11-27,2,0,0.4049109770878509,0.4467721529589846,0.46172106902072496,0.38198634994369646,0.3710255122991312
2022020343,20222023,2022-11-27,2,0,0.42998720696443277,0.4780960134179668,0.44848592574675283,0.41742190711354105,0.4240537880330044
2022020344,20222023,2022-11-27,2,0,0.5347401954539944,0.4756827521468041,0.479995755118532,0.5731914672605501,0.5510333639829013
2022020345,20222023,2022-11-27,2,0,0.5985135050352418,0.6289752055982043,0.5952272428448016,0.6006609509707923,0.5996523212901317
2022020346,20222023,2022-11-28,2,0,0.6107227132561562,0.6213686078037791,0.5811746182288037,0.6121868273684836,0.6388066941711812
2022020347,20222023,2022-11-28,2,0,0.4073921906802138,0.4190661918993663,0.44531504864090554,0.36388842509718916,0.41297309830254675
2022020348,20222023,2022-11-28,2,0,0.43119506067086766,0.4368003766743747,0.45199122939937914,0.4109049565919004,0.43068899602132343
2022020349,20222023,2022-11-28,2,0,0.39102126866891673,0.4366479582291462,0.41488179475316245,0.3814216020911197,0.37676040916246806
2022020350,20222023,2022-11-28,2,0,0.519947906814355,0.5710532287542616,0.504180356021009,0.5223452593847462,0.5333181050373098
2022020351,20222023,2022-11-28,2,1,0.4768020494918706,0.5613578977749951,0.4879400290477902,0.4307857005251532,0.5116804189026686
2022020352,20222023,2022-11-29,2,0,0.48910389229929324,0.5611581712047932,0.5176112849094354,0.49459598036644664,0.4551044116219977
2022020353,20222023,2022-11-29,2,1,0.4701685066215502,0.4123564909275543,0.4821384065850564,0.45557969491561334,0.47278741836398086
2022020354,20222023,2022-11-29,2,0,0.5429776607513067,0.5887138531312226,0.551089692580471,0.5469222061512109,0.530921083522238
2022020355,20222023,2022-11-29,2,1,0.5730014108919602,0.5880427115271438,0.5794226143876116,0.5850550594178029,0.5545265588704663
2022020356,20222023,2022-11-29,2,1,0.6144108117877799,0.666823403353378,0.606009432021891,0.6013454994129181,0.6358775039285305
2022020357,20222023,2022-11-29,2,1,0.46380715026095193,0.4454413329658589,0.47476417887290595,0.42394268908580784,0.49271458282414193
2022020358,20222023,2022-11-29,2,1,0.5370250253000156,0.546688119389843,0.519320671565295,0.5447551191740908,0.5469992851606611
2022020359,20222023,2022-11-29,2,0,0.4961686085279429,0.5694613554127647,0.5219975847841272,0.4839180353830601,0.48259020541664155
2022020360,20222023,2022-11-29,2,0,0.5862397255324426,0.5870983448589372,0.5679151082084188,0.6101080720075219,0.5806959963813872
2022020361,20222023,2022-11-30,2,0,0.5076096211516186,0.562804132953007,0.5233652519245112,0.4989686529980261,0.5004949585323183
2022020362,20222023,2022-11-30,2,0,0.4481807646654561,0.4711979872712483,0.43913967781029206,0.4672813817776807,0.43812123440839545
2022020363,20222023,2022-11-30,2,1,0.7318247426213923,0.7294392569926125,0.689631786953554,0.7646751662732841,0.7411672746373387
2022020364,20222023,2022-11-30,2,0,0.39258902679831414,0.4126792051842675,0.4576834902184197,0.3793104743600951,0.3407731158164277
2022020365,20222023,2022-12-01,2,0,0.3428066507455512,0.3802147555428997,0.4223180413651045,0.2714085411349296,0.3346933697366197
2022020366,20222023,2022-12-01,2,0,0.6106559670853235,0.5958327425176702,0.6067866673081529,0.5739584044401754,0.6512228295076423
2022020367,20222023,2022-12-01,2,0,0.43896327642424643,0.3619383867523648,0.4600297075731223,0.3400297746077879,0.5168303470918292
2022020368,20222023,2022-12-01,2,1,0.5029246232580529,0.5519651674088304,0.44833511924248765,0.5729124535853103,0.4875262969463608
2022020369,20222023,2022-12-01,2,0,0.4565392942557542,0.5402545199061553,0.46496658109029226,0.4608767434941069,0.4437745581828633
2022020370,20222023,2022-12-01,2,1,0.5889067513854689,0.5597201300870297,0.5859330386293162,0.5950516857300032,0.5857355297970872
2022020371,20222023,2022-12-01,2,1,0.7265125246586327,0.7239247809152021,0.696903733005905,0.7455318686548379,0.7371019723151552
2022020372,20222023,2022-12-01,2,0,0.6701791076753802,0.6893809268518285,0.6747976297069593,0.6506608907074184,0.6850788026117632
2022020373,20222023,2022-12-01,2,0,0.4144120642878925,0.5183094443362605,0.44215761972107664,0.3870603288035025,0.4140182443390984
2022020374,20222023,2022-12-01,2,1,0.5447762985199776,0.5444296664187548,0.5136502063469137,0.5700649373566701,0.5506137518563488
2022020375,20222023,2022-12-01,2,1,0.6309174514923835,0.6438139314597664,0.6104631257506883,0.641012166115467,0.6412770626109952
2022020376,20222023,2022-12-02,2,0,0.6370726225494504,0.6752138743213132,0.6381926053550564,0.6606423844864361,0.6123828778068585
2022020377,20222023,2022-12-02,2,0,0.5876433198550122,0.617673697297872,0.594929098779072,0.5954264931134989,0.5725743676724657
2022020378,20222023,2022-12-02,2,0,0.688409853483592,0.6786807202791921,0.6805063075243724,0.6699946703585039,0.7147285825678997
2022020379,20222023,2022-12-03,2,1,0.7440081464439667,0.7250726045902145,0.6998096987574309,0.7420061715908044,0.790208568983665
2022020380,20222023,2022-12-03,2,1,0.5302610162440903,0.5503436083564978,0.523533960474512,0.49671452060330307,0.5705345676544556
2022020381,20222023,2022-12-03,2,1,0.6616085564281632,0.6953997601929406,0.6747976297069593,0.6657163487189274,0.6443116908586028
2022020382,20222023,2022-12-03,2,0,0.43017339757829287,0.4517226968417814,0.4471100009683964,0.4068745374732564,0.43653565429322566
2022020383,20222023,2022-12-03,2,1,0.5761347071493713,0.6108227973343403,0.5962568812670755,0.5377769318006541,0.5943703083803843
2022020384,20222023,2022-12-03,2,1,0.5770440452394666,0.5930744339649066,0.5995343046445578,0.5717099445531325,0.5598878865207094
2022020385,20222023,2022-12-03,2,1,0.6188475776939244,0.5916202520910376,0.5745046591788168,0.6588542654621408,0.6231838084408157
2022020386,20222023,2022-12-03,2,0,0.4877570577744154,0.4460609634278613,0.4993157879340874,0.4843029030546678,0.4796524823344909
2022020387,20222023,2022-12-03,2,0,0.6783754388971147,0.7173886147560369,0.6965137443344958,0.6631689909100655,0.6754435814467832
2022020388,20222023,2022-12-03,2,1,0.6030111995165982,0.6403296076782061,0.5855876186362985,0.5908079510396967,0.6326380288737993
2022020389,20222023,2022-12-03,2,0,0.5205265369910234,0.50571450999017,0.5295048356766039,0.48718618793566537,0.5448885873608007
2022020390,20222023,2022-12-03,2,1,0.5869054940798203,0.5912683189558926,0.5652000508994262,0.6042418227843872,0.5912746085556476
2022020391,20222023,2022-12-03,2,0,0.4646674154996508,0.4994771209929538,0.48627199879993926,0.4583374565530852,0.4493927911459279
2022020392,20222023,2022-12-04,2,1,0.7461548930972265,0.7131234250364119,0.6982195744277616,0.7475383951026238,0.7927067097612942
2022020393,20222023,2022-12-04,2,0,0.5857456693117209,0.5764387993022542,0.6035437645514451,0.6126092719188722,0.5410839714648454
2022020394,20222023,2022-12-04,2,0,0.49656310343755655,0.5744260725525331,0.5256546842660966,0.48431041135110214,0.4797242146954708
2022020395,20222023,2022-12-04,2,1,0.6405278949225813,0.6173859941120445,0.6081444840239316,0.6843780444896789,0.6290611562541335
2022020396,20222023,2022-12-04,2,1,0.7134071757509283,0.6928413357464491,0.6909429471964095,0.7151983884799437,0.7340801915764315
2022020397,20222023,2022-12-05,2,1,0.39413574654523303,0.3186269965023507,0.4461641582166059,0.31994006008677445,0.4163030213323187
2022020398,20222023,2022-12-05,2,1,0.5900172775390766,0.5882374558046203,0.5959039320121997,0.5847719519674193,0.5893759486376109
2022020399,20222023,2022-12-05,2,0,0.6316040076344226,0.6365654028923605,0.6035854773167263,0.6558658349753971,0.6353607106111443
2022020400,20222023,2022-12-05,2,0,0.5926983830965956,0.6158841643475923,0.5889318732726224,0.5941011054165765,0.595062170600588
2022020401,20222023,2022-12-05,2,1,0.6893981351406833,0.686852827894513,0.677717948009343,0.6901027880370586,0.7003736693756479
2022020402,20222023,2022-12-05,2,1,0.5704329829639807,0.6456742510561349,0.5731033758286899,0.5813553805058417,0.5568401925574106
2022020403,20222023,2022-12-06,2,1,0.7041521570551773,0.6790682456360592,0.6751234799473623,0.7167408770462005,0.720592114171969
2022020404,20222023,2022-12-06,2,1,0.7082178565653218,0.689566449126651,0.6946027461903762,0.721334802148903,0.708716021356686
2022020405,20222023,2022-12-06,2,0,0.6617320514274377,0.7281988336937589,0.6577003439684337,0.6679660717923973,0.6595297385214823
2022020406,20222023,2022-12-06,2,0,0.4912812874948818,0.5318981659990473,0.503272071849746,0.5014012827326103,0.4691705079022893
2022020407,20222023,2022-12-06,2,0,0.5962108760604196,0.5876309752115725,0.5951301365756442,0.5725807371413815,0.6209217544642329
2022020408,20222023,2022-12-06,2,1,0.4630058898512404,0.5413873534049192,0.482122365158434,0.42620587969215046,0.48068942470313675
2022020409,20222023,2022-12-06,2,0,0.5698026627535078,0.5352703076576802,0.566806234117378,0.5690182099034452,0.5735835442397003
2022020410,20222023,2022-12-06,2,1,0.32085553339833806,0.3694472700169956,0.40144025129962574,0.26742423127037834,0.29370211762501014
2022020411,20222023,2022-12-06,2,0,0.6666385087489576,0.6414331145194108,0.6184272073733358,0.7239693642579476,0.6575189546155893
2022020412,20222023,2022-12-07,2,0,0.38279933371487024,0.5410486286363944,0.4216879163940926,0.34795746961669266,0.3787526151338254
2022020413,20222023,2022-12-07,2,0,0.4850857777256146,0.4529331262527333,0.5052716772966569,0.4518787882010151,0.4981068676791719
2022020414,20222023,2022-12-07,2,1,0.5100700788438877,0.5582773772928693,0.47872449552123636,0.5611176037828074,0.4903681372276193
2022020415,20222023,2022-12-07,2,0,0.4934643587929049,0.5762457075831442,0.5145096616401001,0.45872030066937,0.5071631140692447
2022020416,20222023,2022-12-07,2,1,0.6876562233468069,0.6977350419929769,0.6893417524284602,0.650513166417293,0.7231137511946676
2022020417,20222023,2022-12-07,2,0,0.5518925323971969,0.6012091349352304,0.5532846901206245,0.5597547155975315,0.5426381914734345
2022020418,20222023,2022-12-07,2,0,0.47882044317476397,0.4773913485826934,0.499282020759369,0.46705515213960896,0.47012415662531376
2022020419,20222023,2022-12-08,2,1,0.6243184855012508,0.6757182789620495,0.6270651104417665,0.6071153711769984,0.6387749748849875
2022020420,20222023,2022-12-08,2,1,0.5499456029925756,0.6600499245476035,0.5413983388800595,0.5701570621077758,0.5382814079898911
2022020421,20222023,2022-12-08,2,1,0.6468633982314344,0.6694770677667808,0.6020137486204546,0.6966390177379271,0.6419374283359215
2022020422,20222023,2022-12-08,2,0,0.49702733225134965,0.5572209796651039,0.5050333981090396,0.5029285127494171,0.4831200858955924
2022020423,20222023,2022-12-08,2,1,0.6020213718597675,0.6613775154074012,0.5655869770131265,0.6300456374298643,0.6104315011363115
2022020424,20222023,2022-12-09,2,1,0.3816362320559741,0.4434911576996365,0.39865066372131736,0.4060039763375241,0.34025405610908077
2022020425,20222023,2022-12-09,2,0,0.5649149118563913,0.5601023954162669,0.5731598876457669,0.5213610008547209,0.6002238470686864
2022020426,20222023,2022-12-09,2,0,0.46078233396714124,0.4764020755394671,0.48572726297996116,0.43005997628601517,0.46655976263544746
2022020427,20222023,2022-12-09,2,1,0.4995087936844314,0.6113117929517373,0.5458966997623502,0.4773889487994527,0.4752407324914913
2022020428,20222023,2022-12-09,2,0,0.40958626658517044,0.4162013143571264,0.407541500592917,0.3976767488178247,0.4235405503447697
2022020429,20222023,2022-12-09,2,1,0.4900511426785165,0.5762595295545663,0.48936172672698536,0.4940420108197967,0.4867496904887675
2022020430,20222023,2022-12-09,2,0,0.5798148733638788,0.644037772917077,0.5635318724826377,0.6133579640712853,0.5625547835377133
2022020431,20222023,2022-12-09,2,1,0.34932865926763895,0.3418461746381984,0.4270726212713328,0.25985188040037194,0.36106147613121214
2022020432,20222023,2022-12-09,2,1,0.6726990372599063,0.7317092100917937,0.6762941656018985,0.6738094462034114,0.667993499974409
2022020433,20222023,2022-12-09,2,0,0.44766258834960065,0.5530543367659629,0.4657590453363072,0.44348018525167393,0.43374853446082084
2022020434,20222023,2022-12-10,2,0,0.5200133521983809,0.6207491719769013,0.5464442034338495,0.49769655367055926,0.5158992994907338
2022020435,20222023,2022-12-10,2,1,0.6546549262260143,0.6668783418711417,0.5962198743051503,0.6870082226407395,0.6807366817321531
2022020436,20222023,2022-12-10,2,1,0.5910569556147673,0.6148809923147266,0.5830628728917104,0.5762292534978927,0.6138787404546991
2022020437,20222023,2022-12-10,2,1,0.588673621478245,0.667385292004069,0.5824009187229333,0.5492074959961291,0.6344124497156727
2022020438,20222023,2022-12-10,2,1,0.6080150681880562,0.6305590258952807,0.588523762829932,0.6311054861641189,0.6044159555701174
2022020439,20222023,2022-12-10,2,0,0.4836364266140956,0.4936503379744288,0.49119257423725055,0.4872082244165789,0.47250848118845734
2022020440,20222023,2022-12-10,2,0,0.44372127125184896,0.5319484081829646,0.47638939594782126,0.41471861842896096,0.4400557993787646
2022020441,20222023,2022-12-10,2,0,0.4796134009502963,0.5249530384872578,0.47136930754900996,0.4921631153308519,0.475307779971027
2022020442,20222023,2022-12-11,2,0,0.4438994557779232,0.4656611065722,0.4909369037932673,0.4319402375782076,0.4088212259622947
2022020443,20222023,2022-12-11,2,1,0.472541567323755,0.492961939272973,0.4142639389501609,0.5394477219438454,0.4639130410772588
2022020444,20222023,2022-12-11,2,0,0.5083307044007113,0.6541594063429043,0.556299316574183,0.4673061507682396,0.5013866458597112
2022020445,20222023,2022-12-11,2,1,0.565203676613747,0.5974391485105676,0.5616549501627587,0.5315076137900006,0.6024484658884821
2022020446,20222023,2022-12-11,2,0,0.6060178046985151,0.6006397271146164,0.6020459749925815,0.5926072870885342,0.6234001520144297
2022020447,20222023,2022-12-11,2,0,0.3881717452894007,0.5014784754326204,0.4617221054406133,0.3404223516978239,0.36237077872976486
2022020448,20222023,2022-12-12,2,1,0.41375163496814177,0.4482185908108159,0.4209692981565881,0.4089814021682807,0.41130420457955635
2022020449,20222023,2022-12-12,2,1,0.5314516962363635,0.5913029063308468,0.5388290943722083,0.5352880100101214,0.5202379843267606
2022020450,20222023,2022-12-12,2,1,0.549138662412742,0.6189152570431099,0.5565520353044295,0.559154028172628,0.5317099237611684
2022020451,20222023,2022-12-12,2,1,0.6739530095048091,0.6491383022400617,0.6343629078899746,0.6799731643298297,0.7075229562946231
2022020452,20222023,2022-12-12,2,1,0.5470079806907964,0.5627779403092269,0.5464057853752817,0.5264135280938265,0.5682046286032808
2022020453,20222023,2022-12-12,2,1,0.5425649240267815,0.5948210395763327,0.5829628707371607,0.49466653611217626,0.5500653652310075
2022020454,20222023,2022-12-13,2,1,0.7751786858584406,0.7768745791120945,0.7023033075555357,0.816963649197341,0.8062691008224451
2022020455,20222023,2022-12-13,2,1,0.6912769778837706,0.6862004109235107,0.6765921306106163,0.688014055378986,0.7092247476617097
2022020456,20222023,2022-12-13,2,0,0.5269134683342124,0.5342343028246972,0.5108707728081144,0.5283468669969091,0.5415227651976139
2022020457,20222023,2022-12-13,2,1,0.49579541355904766,0.5321486117993005,0.4724619327710946,0.5027626881036613,0.5121616198023871
2022020458,20222023,2022-12-13,2,1,0.671477853243409,0.6807636676286609,0.6534900056094706,0.6617222112507385,0.6992213428700178
2022020459,20222023,2022-12-13,2,1,0.6335051817292924,0.6942470347370321,0.6318126377862027,0.6304949193392265,0.6382079880624479
2022020460,20222023,2022-12-13,2,0,0.3947864584968066,0.4330988525968483,0.43626039019699625,0.39318355825262197,0.3549154270408015
2022020461,20222023,2022-12-13,2,0,0.430676688806442,0.5044079265886172,0.4430814023234076,0.4264511774514564,0.42249748664446213
2022020462,20222023,2022-12-13,2,0,0.5958673523892969,0.5544392315645356,0.5721703304622847,0.6306214743394488,0.5848102523661568
2022020463,20222023,2022-12-13,2,0,0.3842127956522207,0.4288358121580373,0.4094665110348584,0.36956009716141647,0.3736117787603872
2022020464,20222023,2022-12-13,2,1,0.7022122905581356,0.7810667373519594,0.6782462740143518,0.733934895314386,0.6944557023456691
2022020465,20222023,2022-12-13,2,1,0.6468677014680401,0.5616397614639039,0.609961530627514,0.6214334749165853,0.7092080988600208
2022020466,20222023,2022-12-14,2,1,0.6215809236899524,0.6076664629350864,0.6086839825753244,0.5975163112874603,0.6585424772070728
2022020467,20222023,2022-12-14,2,1,0.7003431633969299,0.6791320846204523,0.6509313500314198,0.725983845274194,0.7241142948851758
2022020468,20222023,2022-12-14,2,0,0.5961741330615355,0.6129808996584962,0.6035929430916998,0.6024624903791559,0.5824669657137508
2022020469,20222023,2022-12-15,2,0,0.5888125686702975,0.6236767558652838,0.6099144601163179,0.5312195168794223,0.6253037290151522
2022020470,20222023,2022-12-15,2,1,0.7238201304432823,0.7452283579809543,0.696082480264298,0.7414335582188892,0.7339443528466595
2022020471,20222023,2022-12-15,2,0,0.523399682319094,0.557647988991621,0.5078659841802933,0.5255595156211097,0.536773547155879
2022020472,20222023,2022-12-15,2,0,0.6981312327710519,0.712870070128054,0.6752137626315149,0.7151388114576921,0.704041124223949
2022020473,20222023,2022-12-15,2,0,0.6866523452719364,0.6816024275456779,0.6476069307140107,0.7015302376876567,0.7108198674141419
2022020474,20222023,2022-12-15,2,0,0.571994668574454,0.5558299625234838,0.5643661306098069,0.588417054691699,0.5632008204218559
2022020475,20222023,2022-12-15,2,1,0.5922416832687222,0.6714188471654653,0.5683461803499391,0.5990982217039359,0.6092806477522914
2022020476,20222023,2022-12-15,2,1,0.4876443263832774,0.5261111870662039,0.5099598555001754,0.4598798631607431,0.4930932604889138
2022020477,20222023,2022-12-15,2,1,0.6141228845332366,0.627567346679664,0.6005327433031143,0.6279797162119668,0.6138561940846285
2022020478,20222023,2022-12-15,2,0,0.42508738613767666,0.3891949640104231,0.4484450455044879,0.41129922042592526,0.4155178924826167
2022020479,20222023,2022-12-15,2,0,0.6509939842822217,0.7194357383957842,0.6463193303121948,0.6399021121547452,0.6667605103797251
2022020480,20222023,2022-12-15,2,0,0.5818948383139485,0.6146610672793716,0.5863311963019363,0.5686041844006016,0.5907491342393074
2022020481,20222023,2022-12-16,2,1,0.7724476491544433,0.7336470828540572,0.7062610510230378,0.7887608593605535,0.8223210370797387
2022020482,20222023,2022-12-16,2,0,0.6379325183501817,0.5766172819701469,0.6109124065412725,0.6477948564916933,0.6550902920175794
2022020483,20222023,2022-12-16,2,1,0.35962927875372763,0.4596818887472205,0.3915006542036956,0.34237932070914345,0.3450078613483438
2022020484,20222023,2022-12-17,2,1,0.7566314423129868,0.7637987341996699,0.7047733224751079,0.7800727451992538,0.7850482592645989
2022020485,20222023,2022-12-17,2,0,0.49387371182723355,0.5493806899231889,0.49445234250240977,0.48158604357654333,0.5055827494027474
2022020486,20222023,2022-12-17,2,0,0.7384221495484411,0.7408253621979792,0.6998096987574309,0.7512930224896864,0.764163727398206
2022020487,20222023,2022-12-17,2,1,0.6339208354332664,0.6005955386891663,0.6073384760176851,0.6736771621309237,0.6207468681511906
2022020488,20222023,2022-12-17,2,0,0.5583747232209336,0.5182384944058398,0.5516515282225454,0.5566496815821574,0.5668229598580982
2022020489,20222023,2022-12-17,2,0,0.4550070652166737,0.3936409868404436,0.4560945879102449,0.42230411964032877,0.4866224880994475
2022020490,20222023,2022-12-17,2,0,0.3834218815348656,0.3597235582314425,0.401559225032407,0.33316611295601095,0.41554030661617886
2022020491,20222023,2022-12-17,2,1,0.4776258559727737,0.5037596455331728,0.5009159935532052,0.4390913931559349,0.49287018120918097
2022020492,20222023,2022-12-17,2,0,0.3972311997501758,0.5124438010303539,0.4759957755480105,0.3330107329429755,0.3826870907595414
2022020493,20222023,2022-12-17,2,1,0.6882030722470689,0.7013727211640479,0.6840313186676485,0.6818243569099263,0.6987535411636319
2022020494,20222023,2022-12-17,2,0,0.5935983246258535,0.6202522914454883,0.599559484830883,0.595012652989038,0.5862228360576396
2022020495,20222023,2022-12-17,2,0,0.4428790887822755,0.5227370868478651,0.4610124630781098,0.4490233696526687,0.41860143361604796
2022020496,20222023,2022-12-17,2,1,0.5824472720158992,0.654633829348045,0.5555370847388846,0.5980812716161342,0.5937234596926785
2022020497,20222023,2022-12-18,2,1,0.6726514234013679,0.662743903965094,0.6128561901083978,0.680902266115338,0.7241958139803678
2022020498,20222023,2022-12-18,2,1,0.5864077093905872,0.5829379353505026,0.5990683374262152,0.5738699546945698,0.5862848360509765
2022020499,20222023,2022-12-18,2,0,0.43135905528913443,0.3764399516882701,0.4590212334017233,0.40335846227109934,0.43169747019458066
2022020500,20222023,2022-12-18,2,1,0.5331913803209147,0.4952796994865305,0.49856775437870304,0.5615215559676284,0.539484830616413
2022020501,20222023,2022-12-18,2,0,0.3717682271539067,0.4570819786712216,0.4287206190417853,0.32898224999810644,0.3576018124218286
2022020502,20222023,2022-12-19,2,0,0.38875213110358553,0.4359485130836043,0.40396448244206123,0.4053238950192054,0.35696801584948984
2022020503,20222023,2022-12-19,2,1,0.6332745301376167,0.6772512023003053,0.652474334886162,0.5981991495063582,0.6491501060203297
2022020504,20222023,2022-12-19,2,1,0.6511836554624075,0.655385398418043,0.6053760289880352,0.6758357137174109,0.6723392236817765
2022020505,20222023,2022-12-19,2,1,0.4277378615173722,0.4955496401729887,0.4427349766349961,0.42918965899955797,0.41128894891756257
2022020506,20222023,2022-12-19,2,1,0.5871629817940319,0.6615051719681099,0.5911673865538313,0.5860342559247114,0.5842873029035531
2022020507,20222023,2022-12-19,2,0,0.5756190292147018,0.6478963465642329,0.571467759878235,0.5987536749182841,0.5566356528475861
2022020508,20222023,2022-12-19,2,0,0.48847505552998843,0.5797972882588424,0.5114872415486239,0.47832231376213774,0.47561561127920376
2022020509,20222023,2022-12-19,2,0,0.521970204693897,0.5273069267891501,0.5376281246331217,0.5132659093581179,0.5150165800904515
2022020510,20222023,2022-12-20,2,1,0.5995325972780732,0.5395773346642048,0.5401810350618248,0.6157727328301577,0.6426440239422371
2022020511,20222023,2022-12-20,2,1,0.567632712316452,0.5676802545122964,0.5611772113582464,0.5582363723968168,0.5834845531942927
2022020512,20222023,2022-12-20,2,1,0.6359789015310205,0.6675230506106884,0.5981488716212432,0.6738053337628358,0.6359824992089824
2022020513,20222023,2022-12-20,2,1,0.5659235413996869,0.5404996596583007,0.5197922372570571,0.5697939963694633,0.6081843905725403
2022020514,20222023,2022-12-20,2,1,0.6128788270917583,0.6539192436434423,0.5616969838424147,0.6436897692088163,0.6332497282240438
2022020515,20222023,2022-12-20,2,1,0.5955857849526714,0.5111677294065445,0.558479383423257,0.6208869622457592,0.6073910091889979
2022020516,20222023,2022-12-20,2,1,0.7017634639654634,0.6864669540295887,0.6733791687670699,0.718488552471829,0.7134226706574912
2022020517,20222023,2022-12-20,2,0,0.3996109458652856,0.4452207650977865,0.4220163148293823,0.3956809316129374,0.3811355911535371
2022020518,20222023,2022-12-21,2,0,0.5905279245412678,0.6330881067018403,0.5910790794574442,0.6098309614235443,0.570673732742815
2022020519,20222023,2022-12-21,2,1,0.42594016090635095,0.3786181242520602,0.4074508778000192,0.3958202573559501,0.47454934756308365
2022020520,20222023,2022-12-21,2,1,0.7022588703235849,0.7644477458420439,0.672405853452943,0.7420124446869137,0.6923583128308983
2022020521,20222023,2022-12-21,2,0,0.4432458110400806,0.4585960276739757,0.4458650547147324,0.45093242836714986,0.4329399500383595
2022020522,20222023,2022-12-21,2,0,0.5423489463508501,0.5773871444636152,0.5665400183576093,0.5252342543080616,0.5352725663868791
2022020523,20222023,2022-12-21,2,1,0.7135745946979872,0.7109785178058892,0.6967205516578211,0.7015357401335597,0.7424674923025809
2022020524,20222023,2022-12-21,2,0,0.3037359798002222,0.3798821295273453,0.40549530081376933,0.1975361525383134,0.30817648604858383
2022020525,20222023,2022-12-22,2,1,0.7384404737176284,0.759117762386163,0.6942132619502116,0.7885245894663417,0.7325835697363319
2022020526,20222023,2022-12-22,2,0,0.5304969094241908,0.55312608356831,0.5310452410231977,0.5462619185375621,0.5141835687118123
2022020527,20222023,2022-12-22,2,1,0.6079115734516423,0.6176125482296098,0.5906019168865638,0.625729232946031,0.607403570522332
2022020528,20222023,2022-12-22,2,0,0.4978725635594467,0.4853775664982195,0.5318800805111722,0.46559438310799506,0.49614322705917285
2022020529,20222023,2022-12-22,2,1,0.6402669859866665,0.6609219249717774,0.6025599880168409,0.7036579471341556,0.6145830228090033
2022020530,20222023,2022-12-22,2,1,0.4846318520623021,0.5653547968279595,0.5048406327441447,0.4749825355185748,0.4740723879241869
2022020531,20222023,2022-12-22,2,1,0.4580673620266647,0.5407353279886709,0.4894615859819218,0.4400734809168398,0.4446670191812326
2022020532,20222023,2022-12-22,2,1,0.4397628716526168,0.3970114517479634,0.41244020185441405,0.4655283419216912,0.4413200711817452
2022020533,20222023,2022-12-23,2,0,0.5094642490758666,0.4148979002698686,0.50785113180785,0.47793479747449535,0.5426068179452547
2022020535,20222023,2022-12-23,2,1,0.7365675504246756,0.7587280804386962,0.6971338125878649,0.7589307700764898,0.7536380686096722
2022020537,20222023,2022-12-23,2,1,0.6072346568077178,0.5667811265700623,0.6011336232953783,0.6001352736768131,0.620435073450962
2022020538,20222023,2022-12-23,2,1,0.451430192523643,0.5526838935220791,0.5016271919246746,0.41188204632243486,0.44078133932381947
2022020539,20222023,2022-12-23,2,0,0.41451179339633776,0.4295718939390524,0.4258525136327318,0.4193216186073287,0.3983612479489526
2022020540,20222023,2022-12-23,2,1,0.47858804422070955,0.5253497512621179,0.4697291443243153,0.5008497668822381,0.4651852214555751
2022020541,20222023,2022-12-23,2,1,0.6776177528447525,0.7043580889567418,0.6839866511235095,0.6816900092834095,0.6671765981273381
2022020542,20222023,2022-12-23,2,0,0.6497314421954884,0.6441157804397168,0.6136906214058616,0.6698001954829079,0.6657035096976955
2022020543,20222023,2022-12-23,2,1,0.42615449768659425,0.4680440760973725,0.4046703126064427,0.43515636060618945,0.4386368198471504
2022020544,20222023,2022-12-23,2,0,0.3278542256228593,0.4083985156293543,0.38232140800016184,0.2834418677574567,0.31779940111095933
2022020545,20222023,2022-12-23,2,1,0.615591971289151,0.599460001145767,0.5940675462671806,0.6334809319014263,0.6192274356988459
2022020546,20222023,2022-12-27,2,1,0.4169728740838452,0.3744717070092175,0.4493953735861444,0.3537793931748886,0.4477438554905028
2022020548,20222023,2022-12-27,2,1,0.7499488503197579,0.7716524837168662,0.7046575577692559,0.7725535512390977,0.7726354419509203
2022020549,20222023,2022-12-27,2,0,0.5385459734403047,0.5980267670245399,0.5280743514532352,0.5491794477512758,0.5383841211164031
2022020550,20222023,2022-12-27,2,1,0.4847533952639114,0.528469856688601,0.4893420793858906,0.4860634919285303,0.4788546144773134
2022020551,20222023,2022-12-27,2,0,0.4345458972415069,0.5034172205656027,0.4140096776056606,0.4498355809801116,0.4397924331387485
2022020552,20222023,2022-12-27,2,0,0.5116093938778011,0.5554426199919477,0.5318670099171174,0.4931962352068513,0.5097649365094348
2022020553,20222023,2022-12-27,2,0,0.3750742858729701,0.4989162018390773,0.3840039859123564,0.3522237870809225,0.3889950846256313
2022020554,20222023,2022-12-27,2,1,0.3653593327010447,0.3503420279740368,0.39991217128708867,0.3121634042071927,0.3840024226088528
2022020555,20222023,2022-12-27,2,0,0.5355322193770767,0.5556579890519723,0.5562910748091858,0.5504685214541575,0.49983706186788696
2022020556,20222023,2022-12-27,2,1,0.5775947231012677,0.655665903152534,0.5570282347665672,0.5874121659599398,0.588343768577296
2022020557,20222023,2022-12-27,2,1,0.5087089651938895,0.509263230533925,0.5006998004972621,0.5001939668617376,0.525233128222669
2022020558,20222023,2022-12-28,2,0,0.5343336843560497,0.4138702549759127,0.5233349007705791,0.5026550267619873,0.5770111255355828
2022020559,20222023,2022-12-28,2,1,0.724238866016064,0.7569630447691201,0.6920106860364051,0.7507739239981134,0.7299319880136736
2022020560,20222023,2022-12-28,2,0,0.6372489962768313,0.6936657310887068,0.6701917454331667,0.5974723016929988,0.6440829417043284
2022020561,20222023,2022-12-28,2,0,0.536711377439385,0.5249050872327075,0.5186459643718994,0.5528473478197522,0.5386408201265036
2022020562,20222023,2022-12-28,2,1,0.3425418821535034,0.3783285761428228,0.3894519832763102,0.2959891581576036,0.34218450502659636
2022020563,20222023,2022-12-29,2,1,0.5876607406697555,0.617846063245307,0.6193223261146229,0.5805875438401616,0.5630723520544819
2022020564,20222023,2022-12-29,2,1,0.7175455066604092,0.6986662382177149,0.687929392134963,0.7393949954253476,0.7253121324209172
2022020565,20222023,2022-12-29,2,1,0.548209398700132,0.6153318459945081,0.5835480233510705,0.49705644192361903,0.5640237308257063
2022020566,20222023,2022-12-29,2,0,0.6322837328452091,0.6687106645007018,0.6018574156367619,0.6628063196029478,0.6321874632959176
2022020567,20222023,2022-12-29,2,1,0.7049065545876214,0.6949868816972996,0.6929341173003948,0.6847512044183358,0.7370343420441338
2022020568,20222023,2022-12-29,2,1,0.7117518683901407,0.7172518071775944,0.6935898424454758,0.6982512570322711,0.7434145056926753
2022020569,20222023,2022-12-29,2,0,0.5806613796563023,0.5852483600975594,0.5805457502715304,0.5732383195117997,0.5882000691855767
2022020570,20222023,2022-12-29,2,1,0.5959913057516939,0.6120949496157273,0.597979292647275,0.5745279839127012,0.6154666406951054
2022020571,20222023,2022-12-29,2,0,0.6474518780081461,0.6790441673282088,0.6339556446358495,0.6538380505943555,0.654561938794233
2022020572,20222023,2022-12-29,2,1,0.30541948656288964,0.3818941274070478,0.38754115537181766,0.2368887136636102,0.291828590653241
2022020573,20222023,2022-12-29,2,0,0.6187851882114711,0.5843470535104757,0.5956280892131334,0.6131708051093095,0.6475566703119703
2022020574,20222023,2022-12-30,2,0,0.3746357707920551,0.4600961893906977,0.4222098758170663,0.3367515175858184,0.36494591897328077
2022020575,20222023,2022-12-30,2,1,0.6420137808427451,0.6324127384043173,0.5918588194624964,0.6552018686399703,0.6789806544257684
2022020576,20222023,2022-12-30,2,0,0.5233019750451566,0.6436645201905109,0.5209178368057372,0.5665517476611133,0.48243634066861935
2022020577,20222023,2022-12-30,2,0,0.4864206816199959,0.4973089208187924,0.4977074220555583,0.4642162158887142,0.49733840691571524
2022020578,20222023,2022-12-31,2,0,0.6555824027679552,0.7173417345095816,0.656206204910469,0.6669677405343256,0.6435732628590709
2022020579,20222023,2022-12-31,2,1,0.6728020423351887,0.6362089658514775,0.600969896484284,0.718584893835575,0.6988513366857072
2022020580,20222023,2022-12-31,2,1,0.7187262002373934,0.7192666449609303,0.7039753742897106,0.7154776895567064,0.736725536865763
2022020581,20222023,2022-12-31,2,0,0.6746440282498726,0.6867619278519279,0.6641340732537457,0.6494441985839091,0.710353812911963
2022020582,20222023,2022-12-31,2,1,0.7185472748401077,0.7441771190805142,0.6953893404111955,0.7188405904308456,0.7414118936782825
2022020583,20222023,2022-12-31,2,1,0.5780332535966761,0.6079441873394618,0.593111997095241,0.5262543560990508,0.6147334075957366
2022020584,20222023,2022-12-31,2,1,0.445078201929385,0.5436601202262341,0.4552082751561021,0.4463137363347337,0.4337125942973191
2022020585,20222023,2022-12-31,2,0,0.5039327853839004,0.5902631789697681,0.5314786862456656,0.4892077786421548,0.49111189126388083
2022020586,20222023,2022-12-31,2,1,0.6756080711319975,0.7249158906015117,0.6815691943922304,0.6461682830714214,0.6990867359323407
2022020587,20222023,2022-12-31,2,1,0.6581080607009538,0.61127942853797,0.6393830337397758,0.646504378932118,0.6884367694309675
2022020588,20222023,2022-12-31,2,0,0.4897442519083282,0.5902468032916379,0.5409227580694499,0.4472880287209408,0.48102196893459415
2022020589,20222023,2022-12-31,2,0,0.49708437818113227,0.540397265943624,0.5357673388776366,0.47728031723660436,0.47820547842915584
2022020590,20222023,2023-01-01,2,0,0.4625117842284296,0.4554701441834101,0.4704650413451742,0.45697313362463693,0.4600971777154777
2022020591,20222023,2023-01-01,2,0,0.4648218240385779,0.5395667290927492,0.46028712961864393,0.4756340677039567,0.45854427479313303
2022020592,20222023,2023-01-01,2,1,0.4835813026391844,0.5318507630851498,0.47206183555702164,0.47532655752594705,0.5033555148345844
2022020593,20222023,2023-01-01,2,0,0.4026634737653292,0.5406452713286625,0.38846461399960136,0.3800036106226676,0.43952219667371867
2022020594,20222023,2023-01-01,2,1,0.5197907988362697,0.5035962741095393,0.5294938810399528,0.5095761597650834,0.5203023557037727
2022020595,20222023,2023-01-02,2,1,0.6493406796088944,0.6600250840827891,0.6227821554368272,0.6968543103861142,0.6283855730037416
2022020596,20222023,2023-01-02,2,0,0.6140690814400861,0.6208771581553553,0.6008901632867969,0.6553937564911209,0.5859233245423406
2022020597,20222023,2023-01-02,2,0,0.37896272200637254,0.5360945624906659,0.4107729895191274,0.3907928586543301,0.33532231784566013
2022020598,20222023,2023-01-03,2,1,0.6605331787977482,0.6731274762784147,0.689793878591733,0.647129398078024,0.6446762597234877
2022020599,20222023,2023-01-03,2,0,0.6287330458269906,0.6367945411764944,0.6092290773445733,0.6208421975086282,0.6561278626277703
2022020600,20222023,2023-01-03,2,1,0.461654349534522,0.532886553634281,0.4545964516922938,0.4800451298796749,0.45032146703159726
2022020601,20222023,2023-01-03,2,1,0.6301439549499347,0.6258261771895853,0.6391083242846677,0.6297756827869032,0.6215478577782334
2022020602,20222023,2023-01-03,2,0,0.6866318756753809,0.6519289502636657,0.6561607885351298,0.7017774126356218,0.701957425855391
2022020603,20222023,2023-01-03,2,1,0.5051971085552135,0.5818809391575345,0.5163983776073037,0.49677589115664306,0.5024170569016936
2022020604,20222023,2023-01-03,2,1,0.6397197640028375,0.6621533675184662,0.6337045994973636,0.6520992550529884,0.6333554374581605
2022020605,20222023,2023-01-03,2,0,0.3568506422927251,0.3119539484094953,0.42170441738384606,0.25247085667703767,0.39637665281729156
2022020606,20222023,2023-01-03,2,0,0.5717322919775986,0.6474101436705666,0.5717087936070457,0.5687715706566581,0.5747165116690921
2022020607,20222023,2023-01-03,2,0,0.48121165876934374,0.5287922510484352,0.49964798405911015,0.4814991706037648,0.4624878216451562
2022020608,20222023,2023-01-03,2,1,0.5509835782560609,0.5096880522731964,0.5387121771366571,0.5381624181313196,0.5760761395002059
2022020609,20222023,2023-01-04,2,0,0.4198390022160286,0.5215395840905277,0.4065241443132825,0.4600271836499045,0.39296567868489873
2022020610,20222023,2023-01-04,2,1,0.5640201271501669,0.5159242947481015,0.5648253106396384,0.553608099333732,0.5736269714771305
2022020611,20222023,2023-01-04,2,1,0.3746922591525583,0.3652947405705139,0.40670449446772405,0.3478044013122588,0.3695678816776921
2022020612,20222023,2023-01-05,2,1,0.5236571869705361,0.5578083755363173,0.5251214977521439,0.514121622714148,0.5317284404453164
2022020613,20222023,2023-01-05,2,0,0.36053992670410046,0.3798566242701203,0.3953419652210958,0.31742202365317695,0.3688557912380285
2022020614,20222023,2023-01-05,2,0,0.659045149246298,0.6818639261285246,0.6479454309826512,0.6775626985579397,0.651627318198303
2022020615,20222023,2023-01-05,2,0,0.6746257690405422,0.6799696899252187,0.634719215505209,0.6884701859799452,0.7006879056364725
2022020616,20222023,2023-01-05,2,0,0.4924827587699679,0.542073856941142,0.5432403551220759,0.4756970002290252,0.45851092095880264
2022020617,20222023,2023-01-05,2,0,0.34004387747843134,0.4170504118504153,0.3357786291675494,0.3183691160710394,0.3659838871967052
2022020618,20222023,2023-01-05,2,1,0.5829373799988982,0.5790142865531632,0.5762392536813704,0.6105601601349921,0.5620127261803318
2022020619,20222023,2023-01-05,2,1,0.3429508740276161,0.4492947512232538,0.36228724795532713,0.3345099093106314,0.3320554648168897
2022020620,20222023,2023-01-05,2,1,0.5875954751392679,0.581328465234847,0.5925603489075763,0.6000945246542343,0.5701315518559934
2022020621,20222023,2023-01-05,2,0,0.4633200835080748,0.4301424753844037,0.4981039205651292,0.4001539371199152,0.4917023928391798
2022020622,20222023,2023-01-06,2,0,0.6490448690982822,0.6342081967557278,0.6069834131419655,0.6839218055524376,0.6562293886004437
2022020623,20222023,2023-01-06,2,0,0.4346585268209475,0.4708237240335057,0.46507186636095904,0.4035991054815229,0.4353046086203608
2022020624,20222023,2023-01-06,2,1,0.4659834982962325,0.503674062491812,0.4747318639245419,0.4645178832027353,0.4587007477614201
2022020625,20222023,2023-01-06,2,1,0.4671066933295989,0.5083512436028048,0.45915564469566583,0.4693899452736357,0.4727744900194953
2022020626,20222023,2023-01-06,2,1,0.662420091082427,0.5684891657311887,0.5996621560536348,0.7101690487849959,0.6774290684086504
2022020627,20222023,2023-01-06,2,1,0.4048750369605924,0.5354819941728776,0.41990721349327176,0.39051931226036546,0.40419858512814
2022020628,20222023,2023-01-07,2,1,0.4884045882491736,0.480075215278396,0.48637119989919425,0.49796036646261616,0.48088219838571045
2022020629,20222023,2023-01-07,2,1,0.30088571067157405,0.3701482322194003,0.34427838834082664,0.24334684759876643,0.3150318960751291
2022020630,20222023,2023-01-07,2,1,0.7486794565895446,0.7195744886351986,0.716143853911236,0.772253831682779,0.7576406841746188
2022020631,20222023,2023-01-07,2,1,0.4412157099938594,0.4934372515895192,0.44622490853083696,0.4638842758255292,0.413537945625212
2022020632,20222023,2023-01-07,2,0,0.48620928592490303,0.5428132641089948,0.4935810167043373,0.4850177939662315,0.48002904710414046
2022020633,20222023,2023-01-07,2,1,0.38807858532171063,0.4185618846276417,0.3999725560994071,0.377091735546769,0.38717146431895577
2022020634,20222023,2023-01-07,2,0,0.4835169882130989,0.5265477735246377,0.5028893793168484,0.4906195115114336,0.45704207381101447
2022020635,20222023,2023-01-07,2,0,0.5862222825698167,0.6336340257866754,0.563161845470991,0.602375233481074,0.5931297687573851
2022020636,20222023,2023-01-07,2,0,0.37768932563473184,0.3186628897570968,0.4216441002183111,0.27152705859206666,0.4398968180938178
2022020637,20222023,2023-01-08,2,1,0.5501141246394238,0.5909740643795572,0.5701033070039863,0.5220895613975204,0.5581495055167648
2022020638,20222023,2023-01-08,2,1,0.5576771901270365,0.6356641836717829,0.5631730157145409,0.5422143346268045,0.5676442200397642
2022020639,20222023,2023-01-08,2,1,0.7853312142802006,0.7154953962955313,0.7507241360526201,0.8136622956072822,0.7916072111806998
2022020640,20222023,2023-01-08,2,1,0.34705103121192366,0.3879781370931192,0.4128511520577556,0.2629784481102062,0.3653234934678091
2022020641,20222023,2023-01-08,2,0,0.3911057140600176,0.4315638404138969,0.4267878680149545,0.37806906833173065,0.3684602058333677
2022020642,20222023,2023-01-08,2,0,0.5991061465508962,0.6130254791566582,0.617555361930497,0.5808169070952112,0.5989461706269804
2022020643,20222023,2023-01-08,2,0,0.36844328663656767,0.3884025245633246,0.40496708963713807,0.339996470239223,0.3603663000333419
2022020644,20222023,2023-01-08,2,0,0.3622753781077977,0.2904546778381269,0.43128899039684504,0.24298684167170506,0.41255030225484296
2022020645,20222023,2023-01-09,2,0,0.5346743530898718,0.5302935798619053,0.5240780609969795,0.5436227551812536,0.5363222430913823
2022020646,20222023,2023-01-09,2,0,0.3541986552418068,0.4501729998541233,0.38878258699450896,0.3431793311475027,0.3306340475834089
2022020647,20222023,2023-01-09,2,1,0.5264701175140559,0.5350990278829324,0.5196918090108329,0.5263435382271809,0.5333750053041538
2022020990,20222023,2023-01-09,2,0,0.6778066161620915,0.662419425790846,0.6464680944047138,0.6883059101935307,0.69864584388803
2022020648,20222023,2023-01-10,2,1,0.7774254650980454,0.7588131946678445,0.7468407182851137,0.789602212567232,0.7958334644417908
2022020649,20222023,2023-01-10,2,1,0.564790770286426,0.5870650453601702,0.5515448233327908,0.5638532853522464,0.5789742021742404
2022020650,20222023,2023-01-10,2,0,0.6651987630663209,0.6652543577891532,0.6323347524765771,0.6804347249905518,0.6828268117318338
2022020651,20222023,2023-01-10,2,0,0.4484696452604096,0.550120703614059,0.4312430885531971,0.47082803548767604,0.44333781174035575
2022020652,20222023,2023-01-10,2,1,0.587593175845453,0.6373890717130001,0.6062028079105937,0.5530706587146187,0.6035060609111464
2022020653,20222023,2023-01-10,2,0,0.5571371109291884,0.5402889733242147,0.5601480334631175,0.561290920960812,0.5499723783636356
2022020654,20222023,2023-01-10,2,1,0.4643610289086008,0.4378420586032627,0.4858795552624825,0.48734568582992566,0.4198578456333943
2022020655,20222023,2023-01-10,2,1,0.4372435538794181,0.5750738100097507,0.4396389686979838,0.4395043789186402,0.43258731402163025
2022020656,20222023,2023-01-10,2,0,0.636411830537731,0.6398378936070465,0.6337094283483428,0.6246414106018155,0.6508846526630347
2022020657,20222023,2023-01-10,2,0,0.5118461686742778,0.5806627120803557,0.5275428326139248,0.5059525062255726,0.502043167183336
2022020658,20222023,2023-01-11,2,1,0.6664951445711801,0.6585928392730248,0.6377751188725669,0.719641852770533,0.6420684620704404
2022020659,20222023,2023-01-11,2,1,0.3908300481629576,0.427538571173462,0.40571495595169793,0.3847193223543464,0.3820558661828283
2022020660,20222023,2023-01-11,2,0,0.30357577054231816,0.3899585782504863,0.37880833668852415,0.23984869983515583,0.2920702751032746
2022020661,20222023,2023-01-11,2,1,0.7158991540667609,0.6841542365348393,0.6991039645052627,0.7146679501845385,0.733925547510481
2022020662,20222023,2023-01-12,2,0,0.2626689615743518,0.3815450851588938,0.324231816894302,0.2155084488636479,0.24826661896510552
2022020663,20222023,2023-01-12,2,1,0.6034173735139614,0.5879772962770213,0.6023480896701181,0.5902383560632475,0.6176656748085184
2022020664,20222023,2023-01-12,2,1,0.43916765639667404,0.44265200871402,0.44870318063223935,0.4579857476831264,0.41081404087465645
2022020665,20222023,2023-01-12,2,0,0.6669390078266938,0.7065073740040687,0.667332649696492,0.6941272781922441,0.6393570955913455
2022020666,20222023,2023-01-12,2,1,0.407936006042263,0.4011871452663476,0.4151458379251253,0.40031192476252864,0.40835025543913506
2022020667,20222023,2023-01-12,2,1,0.6877675527996523,0.6955294776541622,0.7099129022012253,0.6467070398278636,0.7066827163698683
2022020668,20222023,2023-01-12,2,0,0.46212472449992087,0.5054610768576412,0.46142516954207274,0.49012250136878194,0.4348265025889078
2022020669,20222023,2023-01-12,2,0,0.5211168896333439,0.5373254809612712,0.5015040064464202,0.55026530778037,0.5115813546732414
2022020670,20222023,2023-01-12,2,0,0.4423439442002189,0.5806921841065201,0.4812810883792231,0.4241709508728584,0.4215797933485753
2022020671,20222023,2023-01-12,2,1,0.3318882797803647,0.3379908710785255,0.38249121036341366,0.243006754698084,0.3701668742795965
2022020672,20222023,2023-01-12,2,0,0.43361367959773495,0.5124730904995478,0.4297749356697419,0.4421405914255506,0.4289255116979123
2022020673,20222023,2023-01-12,2,1,0.6071296761083165,0.5934457690711048,0.6000610258334482,0.6006263907918595,0.6207016116996414
2022020674,20222023,2023-01-13,2,0,0.5824809282575545,0.5673082847994291,0.5778715902969184,0.6116298629830668,0.5579413314926784
2022020675,20222023,2023-01-13,2,0,0.34049483895384475,0.4229729514437878,0.40399714511798734,0.26397195081586966,0.3535154209276773
2022020676,20222023,2023-01-13,2,0,0.42105776276853524,0.419131993982194,0.4422123985932277,0.4030126584956504,0.41794823121672775
2022020677,20222023,2023-01-14,2,0,0.4946911633183668,0.5945985382617518,0.5081986777077624,0.48080527442791415,0.495069537819424
2022020678,20222023,2023-01-14,2,0,0.6158263845466666,0.6198610256938121,0.6131674179688785,0.6109728155083153,0.6233389201628061
2022020679,20222023,2023-01-14,2,1,0.7361221318151333,0.6999023707401367,0.7405325321677189,0.7250663053568922,0.7427675579207886
2022020680,20222023,2023-01-14,2,1,0.6558146556918071,0.6948172980835293,0.6573032059329634,0.6705075070969846,0.6396332540454733
2022020681,20222023,2023-01-14,2,0,0.6778824127352281,0.693412871888641,0.7013992173494427,0.6778312068110703,0.654416814045171
2022020682,20222023,2023-01-14,2,1,0.7279932072465565,0.6159773160871851,0.6990303489804083,0.7620627746212378,0.7228864981380233
2022020683,20222023,2023-01-14,2,1,0.5727899349991423,0.627555037027896,0.5715630417953913,0.5968153847618929,0.5499913784401426
2022020684,20222023,2023-01-14,2,1,0.5620378480039095,0.6213951922881076,0.5866636752612561,0.5355202670486379,0.5639296017018347
2022020685,20222023,2023-01-14,2,1,0.7332459635820245,0.7320941976822454,0.709201894689913,0.7366516254633448,0.7538843705928157
2022020686,20222023,2023-01-14,2,0,0.5018527379582424,0.5924028075480005,0.5443719379096174,0.5026974517552638,0.4584888242098458
2022020687,20222023,2023-01-14,2,0,0.37816905188976463,0.4088024317277619,0.42088380955598165,0.3206446464019951,0.39297869971131716
2022020688,20222023,2023-01-14,2,0,0.3859608990409031,0.4876959404251756,0.40111678662139416,0.3647897278288552,0.3919761826724599
2022020689,20222023,2023-01-14,2,0,0.5910876567789202,0.577411294867306,0.5833831225530426,0.5713945556419664,0.6184852921417517
2022020690,20222023,2023-01-14,2,0,0.6265606152139922,0.5823546422427383,0.6151276304750276,0.6264498200777628,0.638104395089186
2022020691,20222023,2023-01-15,2,0,0.7959745107880423,0.7528983068826409,0.7462675237337986,0.8017420884873019,0.8399139201430263
2022020692,20222023,2023-01-15,2,0,0.7166719797837701,0.6825200322964138,0.7225114069242613,0.6721546703849318,0.7553498620421172
2022020693,20222023,2023-01-15,2,1,0.7665075839061594,0.732816712128834,0.7289914274998885,0.7866085909293541,0.7839227332892355
2022020694,20222023,2023-01-16,2,0,0.5327496869846345,0.5266870589268803,0.5402562673253533,0.5404706765374372,0.5175221170911134
2022020695,20222023,2023-01-16,2,1,0.7209495843729027,0.7674420290836211,0.699294886892327,0.7544080744169593,0.7091457918094217
2022020696,20222023,2023-01-16,2,1,0.6947047609212467,0.7186400374798207,0.7044868758135094,0.6902619125016805,0.6893654944485502
2022020697,20222023,2023-01-16,2,0,0.45022526036725,0.4429468670792715,0.43743446296498295,0.45742326288157803,0.4558180552551891
2022020698,20222023,2023-01-16,2,0,0.46619987413445685,0.4810224255644618,0.4797985460485871,0.4115720632650497,0.5072290130897336
2022020699,20222023,2023-01-16,2,0,0.57358445576851,0.5702934623636698,0.5678214103368404,0.5730271541851937,0.5799048027834959
2022020700,20222023,2023-01-16,2,1,0.7674300491293072,0.7455358731405786,0.7423965705773271,0.7869993192826006,0.7728942575279938
2022020701,20222023,2023-01-16,2,0,0.38984118829578307,0.3878102240061927,0.410279012794487,0.3534820652018465,0.40576248689101574
2022020702,20222023,2023-01-16,2,0,0.5406643004028933,0.5491372478597992,0.5232955351862157,0.575189886405693,0.523507479616771
2022020703,20222023,2023-01-16,2,1,0.41247919022624896,0.5242942429458733,0.4188933049920406,0.42090480674607744,0.3976394589406289
2022020704,20222023,2023-01-16,2,1,0.538078633871803,0.6420841389112125,0.5371827286108566,0.5562988195427645,0.5207543534617879
2022020338,20222023,2023-01-17,2,1,0.6639290402918282,0.6739394218738292,0.6725548743029575,0.6525599064095896,0.6666723401629374
2022020705,20222023,2023-01-17,2,1,0.671479335158854,0.6475766470658877,0.6486433944473314,0.6990961572088826,0.6666984538203479
2022020706,20222023,2023-01-17,2,1,0.6445921407496641,0.6219878994144152,0.6132718089543334,0.6516214787599849,0.668883134534674
2022020707,20222023,2023-01-17,2,0,0.5035721610590618,0.552056859161869,0.5230266836904076,0.4977306537594414,0.4899591457273361
2022020708,20222023,2023-01-17,2,1,0.3169036738298117,0.3904438131260268,0.36352998369124784,0.2676432479864837,0.31953778981170355
2022020709,20222023,2023-01-17,2,1,0.4172956907606065,0.4481890740350229,0.41975267320334886,0.39876258149441596,0.4333718175840548
2022020710,20222023,2023-01-17,2,1,0.48068391390803805,0.5247813699192344,0.4544428419570196,0.4902009044250387,0.4974079953420559
2022020711,20222023,2023-01-17,2,1,0.6203040688645668,0.6050031821581525,0.6083015856801689,0.6258920574573512,0.6267185634561805
2022020712,20222023,2023-01-18,2,1,0.5117400268598689,0.4772140684575646,0.4735649721390049,0.5568086440650729,0.5048464643755288
2022020713,20222023,2023-01-18,2,0,0.46728915169839746,0.4314327797866287,0.46545343371831255,0.444050225826307,0.4923637955505728
2022020714,20222023,2023-01-18,2,0,0.5401504671592875,0.511272123190887,0.5350579397409669,0.5580328549730634,0.5273606067638322
2022020715,20222023,2023-01-18,2,0,0.3738564492230005,0.4248806938119197,0.41091164421723525,0.34600742429425113,0.36465027915751497
2022020716,20222023,2023-01-18,2,1,0.43719291071572336,0.3911671740428915,0.41909952894911107,0.4426790925650831,0.4498001106329759
2022020717,20222023,2023-01-19,2,0,0.6330466842674354,0.6160016887561199,0.6543815673165775,0.6051195826428989,0.6396389028428298
2022020718,20222023,2023-01-19,2,0,0.561771394208067,0.4905205476969667,0.5062014485981117,0.5640295357941467,0.6150831982319425
2022020719,20222023,2023-01-19,2,0,0.6737003268654504,0.6379646071338295,0.6487517246643847,0.6558041216173601,0.7165451343146068
2022020720,20222023,2023-01-19,2,0,0.36298449465103816,0.4280868299105335,0.3974689998997643,0.3247047138789993,0.36677977017435104
2022020721,20222023,2023-01-19,2,1,0.6650221894631616,0.5864095137148566,0.664262733157135,0.6588409187947548,0.6719629164375948
2022020722,20222023,2023-01-19,2,1,0.5567931188273966,0.5355490619618323,0.5223056167031779,0.6122028212650336,0.5358709185139784
2022020723,20222023,2023-01-19,2,1,0.6092822622297372,0.6058095200164076,0.6077992175917645,0.6091645908460962,0.6108829782513508
2022020724,20222023,2023-01-19,2,1,0.5615683383172363,0.5992055569158976,0.5713953078351264,0.5608394392183401,0.5524702678982422
2022020725,20222023,2023-01-19,2,1,0.5610714887564449,0.5025020859269039,0.54212988080273,0.5598822658220673,0.5812023196445371
2022020726,20222023,2023-01-19,2,0,0.3217243674181878,0.4173556418475666,0.3329495987037415,0.3171650932431733,0.31505841030764853
2022020727,20222023,2023-01-19,2,0,0.6453405360062023,0.6835700900462887,0.6822576944055211,0.6500250109199549,0.603738902693131
2022020728,20222023,2023-01-19,2,1,0.6127256137283651,0.5712571602324997,0.6029289609929954,0.5721262142354471,0.663121665956653
2022020729,20222023,2023-01-19,2,0,0.5392976789135365,0.5238109586218013,0.5420553235667381,0.5640966017558662,0.511741111418005
2022020730,20222023,2023-01-20,2,1,0.5498258583114026,0.6542024190200657,0.5254419276492018,0.5781804792393672,0.5458551680456387
2022020731,20222023,2023-01-20,2,0,0.41860853744299115,0.4401021997944868,0.4575171859400727,0.39111853854207845,0.40718988784682236
2022020732,20222023,2023-01-21,2,1,0.7323109911566664,0.6930796740885127,0.7162735213602219,0.7445982668501101,0.7360611852596671
2022020733,20222023,2023-01-21,2,1,0.5034228324508797,0.4765735000146969,0.48274256469710886,0.49854457095902555,0.5289813616965049
2022020734,20222023,2023-01-21,2,1,0.5195028395886906,0.5459327731983464,0.5006651434980128,0.5426575386436815,0.5151858366243772
2022020735,20222023,2023-01-21,2,0,0.5280860397782928,0.5830900657524589,0.5167909837197301,0.5409873142213956,0.5264798213937527
2022020736,20222023,2023-01-21,2,1,0.4754103286759402,0.5602172405522,0.4762460189942187,0.47174164914707134,0.47824331788653063
2022020737,20222023,2023-01-21,2,1,0.3317686779364894,0.3623431912705983,0.3817391944554179,0.27830552387368634,0.33526131548036386
2022020738,20222023,2023-01-21,2,0,0.4092724033101273,0.4676917869958453,0.41940356229447817,0.41502997775884876,0.3933836698770551
2022020739,20222023,2023-01-21,2,0,0.41090823832773316,0.4862124092055354,0.3815467001770856,0.4219201621061645,0.42925785269994937
2022020740,20222023,2023-01-21,2,1,0.742427691082782,0.7379743538647616,0.7113551428663736,0.7687721077837081,0.7471558225982643
2022020741,20222023,2023-01-21,2,0,0.7003915526609937,0.7210612967680565,0.7197354739867828,0.6891245445847455,0.6923146394114532
2022020742,20222023,2023-01-21,2,1,0.46868833231838436,0.563193012207631,0.4740647116906191,0.4687306822100588,0.4632696030544752
2022020743,20222023,2023-01-21,2,0,0.5789853179504175,0.4814368427236189,0.551506298241202,0.5455953715851046,0.6398542840249457
2022020744,20222023,2023-01-21,2,0,0.3686447342739654,0.4716036437159704,0.4189800529350307,0.33127977806822423,0.3556743718186412
2022020745,20222023,2023-01-21,2,1,0.5496544790558775,0.566253103996075,0.5551622805136434,0.5581308946802016,0.5356702619737876
2022020746,20222023,2023-01-22,2,1,0.48111109495696797,0.5427522792345356,0.47933814739452013,0.5131748067016783,0.4508203307747057
2022020747,20222023,2023-01-22,2,0,0.338219052829855,0.4503758713687951,0.3841108396479551,0.2912753633658129,0.3392709554757969
2022020748,20222023,2023-01-22,2,1,0.7837299256394767,0.8056187648718005,0.7435735564788496,0.8293597201616548,0.7782565002779259
2022020749,20222023,2023-01-22,2,0,0.4042731430262476,0.436374834814977,0.4273244266775759,0.4242277893446101,0.36126721305655696
2022020750,20222023,2023-01-22,2,1,0.34209510318316066,0.4011385595162878,0.39944550511015503,0.31476589435564484,0.31207391008368196
2022020751,20222023,2023-01-23,2,1,0.6031630346405102,0.600394519449306,0.599678335743242,0.6150080308239111,0.5948027373543775
2022020752,20222023,2023-01-23,2,1,0.6516297798831907,0.6583352690347314,0.5974511025549538,0.6976627789574135,0.6597754581372048
2022020753,20222023,2023-01-23,2,0,0.5858260320786756,0.6549758177134162,0.5560546826029438,0.6394373362009085,0.5619860774321745
2022020754,20222023,2023-01-23,2,1,0.7523519010127244,0.712781456871907,0.7349051115677604,0.7654081245819206,0.7567424668884923
2022020755,20222023,2023-01-24,2,0,0.35900605744547387,0.3017765921547857,0.435647306947618,0.2393515093115227,0.40201935607728084
2022020756,20222023,2023-01-24,2,1,0.5879123487544337,0.5718538217014842,0.5835325729566407,0.5820645624030202,0.5981399109036402
2022020757,20222023,2023-01-24,2,0,0.42513581834437225,0.489906445041532,0.42143263828040406,0.44239922228113315,0.4115755944715795
2022020758,20222023,2023-01-24,2,1,0.5942154543006403,0.6261876041930355,0.6065479023648166,0.586774538461979,0.589323922075125
2022020759,20222023,2023-01-24,2,1,0.47750759890321054,0.5503935920896316,0.4732473999204741,0.4697157361765061,0.48955966061265144
2022020760,20222023,2023-01-24,2,1,0.5920550268344708,0.6144772349258057,0.5991391018542997,0.5627093045767532,0.6143166740723595
2022020761,20222023,2023-01-24,2,0,0.5947846592585143,0.6080572507982798,0.5801395243409033,0.5952567809433004,0.6089576724913394
2022020762,20222023,2023-01-24,2,1,0.4011670432224679,0.5065881459221275,0.3987369950422123,0.42334724969479864,0.3814168849303928
2022020763,20222023,2023-01-24,2,0,0.5860312929934165,0.6117670519357948,0.6001868160835118,0.5719680490884305,0.5859390138083074
2022020764,20222023,2023-01-24,2,1,0.5161373707766845,0.6420118726741423,0.5124256289680177,0.5332406671966936,0.5027458161653423
2022020765,20222023,2023-01-24,2,1,0.6845690944224372,0.6562456037723856,0.6472754360081008,0.6544981541370889,0.7519336931221218
2022020766,20222023,2023-01-25,2,1,0.5368491025610264,0.516107678633873,0.5272598457484647,0.5610855865140837,0.5222018754205308
2022020767,20222023,2023-01-25,2,1,0.5425505115521663,0.586619616435387,0.5256201055226319,0.5397174226798556,0.5623140064540114
2022020768,20222023,2023-01-25,2,0,0.45876148466100103,0.5370332235266172,0.43693537654987635,0.48221242498101974,0.45713665245210705
2022020769,20222023,2023-01-25,2,0,0.7578664621098516,0.7419413960514063,0.7315819753917057,0.7531293175582492,0.7888880933796001
2022020770,20222023,2023-01-25,2,1,0.63949160714553,0.6201018815193207,0.6195140873882986,0.6212356404503081,0.6777250935979832
2022020771,20222023,2023-01-26,2,1,0.5103587732255372,0.5213382498164505,0.5274730898854043,0.4910029046078527,0.5126003251833546
2022020772,20222023,2023-01-26,2,0,0.43810302171446497,0.5286851050598524,0.4253654253014773,0.43995774044125474,0.4489858994006628
2022020773,20222023,2023-01-26,2,1,0.5875784978140591,0.5657203521370401,0.5771948649370304,0.6123571495736599,0.5731834789314869
2022020774,20222023,2023-01-26,2,0,0.5896355430398281,0.6357133236458512,0.5841843961865004,0.6172980191167929,0.5674242138161909
2022020775,20222023,2023-01-26,2,1,0.5151595316098214,0.5524583798830014,0.5017897980200922,0.5277395546851769,0.5159492421241951
2022020776,20222023,2023-01-26,2,0,0.7597074941438509,0.7945828794035551,0.7325376254811637,0.7852395434533259,0.7613453134970627
2022020777,20222023,2023-01-26,2,0,0.7837171200576712,0.725928071251978,0.7415367581535666,0.8039023338281188,0.8057122681913284
2022020778,20222023,2023-01-26,2,1,0.6890447694069772,0.7029176228088192,0.6921857178365829,0.6820407747645841,0.6929078156197646
2022020779,20222023,2023-01-26,2,1,0.37518400697413945,0.4306344685221738,0.414136334635489,0.3716538724269704,0.3397618138599589
2022020780,20222023,2023-01-27,2,1,0.641366890433123,0.6293709014211264,0.6394472496770618,0.6692588861102458,0.6153945355120617
2022020781,20222023,2023-01-27,2,0,0.5361841980060921,0.6040690548945067,0.5764516573701869,0.5212912679496842,0.5108096686984049
2022020782,20222023,2023-01-27,2,0,0.6667888661366771,0.7132976032770962,0.6595846664589489,0.6634268174937163,0.6773551144573662
2022020783,20222023,2023-01-27,2,1,0.7733921202736397,0.76557248825339,0.760046003381825,0.7688048754924194,0.7913254819466748
2022020784,20222023,2023-01-27,2,1,0.6164953677100334,0.6126879451981967,0.6121759995536704,0.6415717130182649,0.595738390558165
2022020785,20222023,2023-01-27,2,0,0.6504267934953295,0.6146400993684076,0.6341566297074663,0.6703621026509448,0.6467616481275775
2022020786,20222023,2023-01-27,2,0,0.5924682637509786,0.5666512383048196,0.588652945240838,0.5432482915401027,0.6455035544719951
2022020787,20222023,2023-01-27,2,1,0.6624498537929113,0.6421279358931766,0.6544528975841196,0.6691809286069793,0.663715735187635
2022020788,20222023,2023-01-28,2,1,0.6092388864094542,0.6648529084479716,0.574796411674202,0.6590510104958224,0.5938692370583384
2022020789,20222023,2023-01-28,2,1,0.4289966820060073,0.4349493990878185,0.4907064899553263,0.3753396755345516,0.42094388052814397
2022020790,20222023,2023-01-28,2,1,0.652438303841636,0.6815988633265692,0.626320518200932,0.6779480064631547,0.6530463868608214
2022020791,20222023,2023-01-28,2,1,0.6139999459111373,0.6414755552438955,0.6530917978986941,0.5802820227987213,0.6086260170359964
2022020792,20222023,2023-01-28,2,0,0.6841793468292844,0.7022403730649684,0.6879833913478485,0.6746032801139535,0.6899513690260513
2022020793,20222023,2023-01-28,2,0,0.7398386044040176,0.7188634852185909,0.7361084563674313,0.7428894231073473,0.7405179337372743
2022020794,20222023,2023-01-28,2,1,0.5038240000253617,0.5377960197895099,0.46614045400498355,0.5713587499279914,0.47397279614311
2022020795,20222023,2023-01-28,2,1,0.5435425900090003,0.6314281275480037,0.530086519419557,0.6009811166551386,0.4995601339523052
2022020796,20222023,2023-01-28,2,1,0.4431104618035963,0.547354257903424,0.421132113321496,0.45082440087112563,0.45737487121816733
2022020797,20222023,2023-01-28,2,1,0.798138333067017,0.7381571422765966,0.7447759648557748,0.8089920537942646,0.8406469805510115
2022020798,20222023,2023-01-28,2,1,0.7379593265092512,0.6945465103763734,0.7375264978151037,0.7217892419429063,0.7545622397697436
2022020799,20222023,2023-01-29,2,1,0.6241889346981943,0.5103245182916175,0.5866201610188747,0.6233658539808625,0.6625807890948455
2022020800,20222023,2023-01-29,2,1,0.5632751491700972,0.6174693700878223,0.5500432762347544,0.5794522184600878,0.5603299528154497
2022020801,20222023,2023-01-30,2,1,0.5903020366065931,0.6103359897560232,0.5925637554554732,0.5956765675578256,0.5826657868064805
2022020802,20222023,2023-01-31,2,1,0.6734734661188669,0.6718121153516258,0.6529936216479214,0.701840223341258,0.6655865533674213
2022020803,20222023,2023-01-31,2,0,0.3533027147180194,0.487372433742345,0.3656652112197536,0.35350223683240456,0.3407406961018999
2022020804,20222023,2023-01-31,2,0,0.33297814147887866,0.4162422996808209,0.34168081667504485,0.31052322353820566,0.3467303842233856
2022020805,20222023,2023-02-01,2,0,0.464776994910862,0.4537762951150993,0.47605114897766515,0.4661202805742282,0.4521595551806927
2022020806,20222023,2023-02-01,2,0,0.5275178632032382,0.5059854985660922,0.47962071351700625,0.5503182040107758,0.5526146720819328
2022020807,20222023,2023-02-06,2,0,0.46707896378926933,0.4959473997996977,0.48341630417088277,0.46045268892260977,0.45736789827431557
2022020808,20222023,2023-02-06,2,1,0.4574375960391162,0.4786314030983925,0.4892844346103,0.40012203887087594,0.48290631463617284
2022020809,20222023,2023-02-06,2,1,0.4929651074263479,0.6179780771631447,0.5273515064057173,0.47456901984379457,0.4769747960295319
2022020810,20222023,2023-02-06,2,1,0.5047138184354981,0.6247505128737127,0.5397086570894744,0.47986874457429296,0.494564053642727
2022020811,20222023,2023-02-06,2,1,0.7248389365175673,0.7427982066260079,0.6974063120101328,0.7538759313433813,0.7232345661991877
2022020812,20222023,2023-02-06,2,1,0.34700318652823187,0.3925443468196933,0.4321593659454474,0.27750652360227146,0.33134367003697673
2022020813,20222023,2023-02-07,2,1,0.49736502263820787,0.4938521629760375,0.4804251318342811,0.486015868827461,0.5256540672528814
2022020814,20222023,2023-02-07,2,0,0.6596357296118992,0.7733403296881428,0.6914624651212362,0.6229192540783229,0.6645254696361388
2022020815,20222023,2023-02-07,2,0,0.3585496318953436,0.4306596923745597,0.42722049717292865,0.2956241218447445,0.3528042766683577
2022020816,20222023,2023-02-07,2,1,0.4525845381823654,0.5570996562928571,0.5219197630114778,0.38762437290754626,0.4482094786280719
2022020817,20222023,2023-02-07,2,0,0.5201823450919111,0.5501773734092267,0.4985569811191038,0.5185429886950366,0.543447065461593
2022020818,20222023,2023-02-07,2,0,0.5610540735730977,0.5858371559125539,0.5790511400763757,0.5477776508008739,0.5563334298420435
2022020819,20222023,2023-02-08,2,1,0.6245049613892698,0.6863362611187224,0.6410886430713101,0.6032670968503656,0.629159144246134
2022020820,20222023,2023-02-08,2,1,0.5901862062341398,0.5712941945186945,0.572822523685709,0.5873817222209085,0.6103543727958017
2022020821,20222023,2023-02-09,2,1,0.5557317967323617,0.5799026402762826,0.5385352747681759,0.568814945539918,0.5598451698889912
2022020822,20222023,2023-02-09,2,1,0.3251011105568311,0.4172986877999986,0.3960831633522564,0.2700052537656726,0.3092149145525644
2022020823,20222023,2023-02-09,2,1,0.6988393746698162,0.7114803401236817,0.6787797297430237,0.6999314112664571,0.7178069829999679
2022020824,20222023,2023-02-09,2,1,0.5111883463742216,0.5824024700429234,0.5421573886706793,0.4822910211315164,0.5091166293204693
2022020825,20222023,2023-02-09,2,1,0.38206876943933343,0.462382228145331,0.45107122323495713,0.3294958100966201,0.36563927498642307
2022020826,20222023,2023-02-09,2,0,0.5370274584421876,0.6193194002497202,0.5687075270862386,0.5377714161246134,0.5046034321157105
2022020827,20222023,2023-02-09,2,0,0.5165551727078571,0.5873084637720497,0.5450471748855654,0.4890583862198747,0.5155599570181312
2022020828,20222023,2023-02-10,2,1,0.6170184377508928,0.6483736107873572,0.5876682116504757,0.6551914648356841,0.608195636766519
2022020829,20222023,2023-02-10,2,0,0.3360705035407267,0.3641303499865236,0.4281500249469111,0.2521786595672569,0.32788282610801206
2022020830,20222023,2023-02-10,2,1,0.49759914902983965,0.557948446858852,0.483331865696617,0.5020884313898971,0.5073771500030048
2022020831,20222023,2023-02-10,2,0,0.34603626065518417,0.4033653364814343,0.4418686402146701,0.259948631682407,0.33629151006847535
2022020832,20222023,2023-02-11,2,1,0.4386640573042346,0.5340141620299634,0.4777589039504253,0.4176222595264595,0.4206110084358189
2022020833,20222023,2023-02-11,2,0,0.43004729048945767,0.5311179202778215,0.4681183771703823,0.39992318393784465,0.42210031036014606
2022020834,20222023,2023-02-11,2,0,0.4139771726249988,0.464479681024906,0.4655779941345973,0.3511613627615609,0.42519216097883816
2022020835,20222023,2023-02-11,2,1,0.39293202213825174,0.4397407185294008,0.43624002030332537,0.4030298310150269,0.3395262150964029
2022020836,20222023,2023-02-11,2,0,0.42331339954418024,0.4989060643990741,0.4502052947921581,0.4121961991748549,0.4075387046655277
2022020837,20222023,2023-02-11,2,0,0.5634543982629926,0.5136310424768442,0.5559241845420481,0.5586094743718684,0.5758295358750614
2022020838,20222023,2023-02-11,2,0,0.5943469522457936,0.6904840357727019,0.6249242941144074,0.6041754491516608,0.5539411134713127
2022020839,20222023,2023-02-11,2,0,0.5136728347065657,0.5216081525674727,0.505808700389446,0.5288811572555965,0.5063286464746546
2022020840,20222023,2023-02-11,2,0,0.7277238223478512,0.7631631825806408,0.6961961286986861,0.7502348499165356,0.7367404884283317
2022020841,20222023,2023-02-11,2,0,0.5737090350403674,0.5978887944249903,0.596486870552901,0.6164430681047283,0.5081971664634728
2022020842,20222023,2023-02-11,2,1,0.6755984447530304,0.680423976189392,0.6700612943879017,0.7128931772520334,0.6438408626191564
2022020843,20222023,2023-02-11,2,1,0.5957706608789105,0.5871705206918031,0.5813814279914586,0.583201805276076,0.622728749369197
2022020844,20222023,2023-02-11,2,1,0.7439506248217578,0.7271861023751311,0.6962903730138854,0.7659902770797734,0.7695712243716144
2022020845,20222023,2023-02-11,2,1,0.5082603557884978,0.5330623742056043,0.5269665137231804,0.484401562668377,0.513412990973936
2022020846,20222023,2023-02-12,2,1,0.32099735988348094,0.3737540466894288,0.41005354798505794,0.23282920378562477,0.32010932787975993
2022020847,20222023,2023-02-12,2,0,0.6855616822669565,0.7119626834682077,0.6905598019445004,0.6552274548223119,0.7108977900340568
2022020848,20222023,2023-02-12,2,0,0.36972842001873646,0.4905477277232976,0.4114376239549007,0.3588767199727785,0.33887091612853015
2022020849,20222023,2023-02-12,2,1,0.7249323005973102,0.736389007566414,0.6961961286986861,0.7676998975159932,0.7109008755772515
2022020850,20222023,2023-02-13,2,1,0.38994776945759746,0.492504343204399,0.4435488951818056,0.3430568181508901,0.38323759504009647
2022020851,20222023,2023-02-13,2,0,0.6862365706150807,0.683694009563608,0.6700612943879017,0.6924786250370316,0.6961697924203087
2022020852,20222023,2023-02-13,2,0,0.5612487493012946,0.5738781957790202,0.5859581589661018,0.548178176944499,0.549609911993283
2022020853,20222023,2023-02-13,2,0,0.6228359418548813,0.5963777794647815,0.5925656503072334,0.6220864181553911,0.6538557571020193
2022020854,20222023,2023-02-13,2,1,0.5154274173734238,0.6008080663248574,0.5443952809599519,0.5188130166038851,0.4830739545564345
2022020855,20222023,2023-02-14,2,0,0.3949863120450323,0.4940330261396799,0.44216999701945914,0.40286498533326776,0.3399239537823701
2022020856,20222023,2023-02-14,2,1,0.5513560026977453,0.5862839883196799,0.5569827154432238,0.5044809622173294,0.5926043304326826
2022020857,20222023,2023-02-14,2,0,0.42713336549365577,0.4249457186319812,0.4621352592223462,0.3832741953125318,0.4359906419460893
2022020858,20222023,2023-02-14,2,0,0.5807982067614998,0.6099008168680512,0.578392446296583,0.5970140592764994,0.5669881147114171
2022020859,20222023,2023-02-14,2,1,0.5350947752370402,0.5258412812467277,0.5616017600799166,0.537219034550331,0.5064635310808727
2022020860,20222023,2023-02-14,2,1,0.5446898570826003,0.6151395324967971,0.5572449274777823,0.5781542940867046,0.4986703496833143
2022020861,20222023,2023-02-14,2,0,0.4794868745210746,0.4684737054556085,0.473052156524575,0.45400696436177795,0.5114015026768709
2022020862,20222023,2023-02-14,2,0,0.5360401267482163,0.5499716302088267,0.5296578501682957,0.5491013275431589,0.5293612025331943
2022020863,20222023,2023-02-14,2,0,0.37291339324247136,0.43857668193677,0.4326908942202493,0.36693769104696866,0.319111594460196
2022020864,20222023,2023-02-15,2,1,0.7553325625512689,0.7628485199171066,0.6934847651022705,0.8094260862225348,0.7630868363290014
2022020865,20222023,2023-02-15,2,1,0.4099723800280288,0.3356096628307058,0.4453846190309649,0.3666661773473989,0.4178663437057227
2022020866,20222023,2023-02-15,2,0,0.5700132110989914,0.5123745828086909,0.55992716291639,0.6162657191046766,0.5338467512759075
2022020867,20222023,2023-02-15,2,0,0.6880520701662354,0.6874891475121295,0.6496213334571836,0.7164324375606425,0.6981024394808801
2022020868,20222023,2023-02-15,2,0,0.352432520048448,0.4541869747585901,0.4287292160641585,0.29452436091578843,0.3340439831653973
2022020869,20222023,2023-02-15,2,0,0.4794683724899191,0.4194251141708326,0.514839589748558,0.4585521130101139,0.4650134147110853
2022020870,20222023,2023-02-16,2,0,0.5278253600781894,0.560141990901687,0.5272949216283318,0.5523284136398465,0.5038527449663899
2022020871,20222023,2023-02-16,2,1,0.7239222165706257,0.7636469655345764,0.6936752316360562,0.7451694174445871,0.7329220006312339
2022020872,20222023,2023-02-16,2,1,0.3746977127636768,0.3936455646009907,0.43132044433805383,0.3420387493879863,0.3507339445649903
2022020873,20222023,2023-02-16,2,0,0.4407609085207453,0.402042451131692,0.4703668414232012,0.3943103475957151,0.45760553654331965
2022020874,20222023,2023-02-16,2,1,0.5607762975621174,0.5531218314399803,0.5505496648899336,0.5787126579957262,0.5530665698006928
2022020875,20222023,2023-02-16,2,0,0.7320648409745655,0.6529015073924015,0.6473210513915686,0.7956254339609762,0.7532480375711518
2022020876,20222023,2023-02-16,2,1,0.6667178715020269,0.6525699710622261,0.6030718209913675,0.7082949809001824,0.6887868126145311
2022020877,20222023,2023-02-16,2,1,0.7177647780659046,0.712541628048854,0.6802377672860629,0.7374648327723157,0.7355917341393352
2022020878,20222023,2023-02-17,2,0,0.6403052964168289,0.6685754247469722,0.6262435023179184,0.6537780739182366,0.6408943130143319
2022020879,20222023,2023-02-17,2,1,0.4828609896073465,0.531761365005221,0.49219608340291915,0.49797133037928615,0.45841555503983433
2022020880,20222023,2023-02-17,2,1,0.5801252296208204,0.5557085956096054,0.5732202115029073,0.5649555166990728,0.6021999606604811
2022020881,20222023,2023-02-17,2,0,0.56422105840929,0.5286327144197048,0.5458700616733432,0.5813789674777349,0.5654141460767922
2022020882,20222023,2023-02-17,2,0,0.3388313349717697,0.4079245104909341,0.4260170682107265,0.30154368521356323,0.2889332514910194
2022020883,20222023,2023-02-18,2,0,0.4941537340739277,0.4802705642115142,0.5348552056387386,0.5464401406087923,0.40116585597425214
2022020884,20222023,2023-02-18,2,1,0.5219987104317275,0.5105584554265314,0.5256321288436858,0.5221564774225095,0.5182075250289871
2022020885,20222023,2023-02-18,2,1,0.7127777683893107,0.7250423054622315,0.6766871628651798,0.7820506833348254,0.6795954589679266
2022020886,20222023,2023-02-18,2,0,0.5922020299774079,0.5826993503856471,0.6290969953105048,0.5896834534795993,0.5578256411421196
2022020887,20222023,2023-02-18,2,0,0.6969470397824843,0.7251418044483955,0.6916946536714896,0.6962719997138488,0.7028744659621144
2022020888,20222023,2023-02-18,2,1,0.7231840266308202,0.747216472770355,0.6896618613613524,0.7401063647056838,0.7397838538254242
2022020889,20222023,2023-02-18,2,1,0.6659442577252632,0.6615450344604404,0.5954873430232589,0.7148334496615409,0.6875119804909897
2022020890,20222023,2023-02-18,2,1,0.6305686503850333,0.4868801945846844,0.5752159265412418,0.6436899634058346,0.6728000612080235
2022020891,20222023,2023-02-18,2,1,0.607044127496884,0.6017030542734542,0.5863917684311895,0.6029938276141731,0.6317467864452895
2022020892,20222023,2023-02-18,2,1,0.6654444015304822,0.6887605185184752,0.6729489499181329,0.631197863151909,0.6921863915214052
2022020893,20222023,2023-02-18,2,0,0.3786181499000881,0.483280060096698,0.4132409915718874,0.38261515283276815,0.3399983052956089
2022020894,20222023,2023-02-18,2,1,0.6476491651947726,0.6206871799912936,0.612292788204333,0.6626938117537876,0.6679608956261972
2022020895,20222023,2023-02-18,2,1,0.5111806642434357,0.496632081500073,0.4767173154450327,0.5310438575309816,0.5257808197542927
2022020896,20222023,2023-02-19,2,1,0.6104540167613325,0.6170163503894247,0.5905208695203288,0.6177943265819629,0.6230468541817058
2022020897,20222023,2023-02-19,2,1,0.5542778139290722,0.5259729671768867,0.5560987159550238,0.5443356748376705,0.5623990509945221
2022020898,20222023,2023-02-19,2,1,0.4915013623872561,0.6216873449954825,0.551364115133303,0.4521329419491385,0.47100703007932676
2022020899,20222023,2023-02-19,2,1,0.37074836358903157,0.3521168255533668,0.42669424747662865,0.3035856954960965,0.3819651477943695
2022020900,20222023,2023-02-19,2,1,0.4660955132312667,0.555167183134158,0.5122604399039835,0.41376123030597717,0.47226486948383933
2022020901,20222023,2023-02-19,2,1,0.5195620921864895,0.5714833009224456,0.4961880081101046,0.5030234817282386,0.559474786721125
2022020902,20222023,2023-02-20,2,1,0.7471045358889984,0.7453906378053544,0.6916513492199025,0.7862711403347508,0.7633911181123422
2022020903,20222023,2023-02-20,2,1,0.6969730879426153,0.7522691200482966,0.6748909128081957,0.7540115665669429,0.6620167844527071
2022020904,20222023,2023-02-20,2,0,0.720153235092387,0.6842020649567948,0.649086032864905,0.7413352616291357,0.7700384107831205
2022020905,20222023,2023-02-20,2,1,0.412137070385336,0.4467567129546139,0.43959462815927913,0.4207007718691436,0.37611581112758524
2022020906,20222023,2023-02-20,2,0,0.6186670074911745,0.6001260818612945,0.603774884782644,0.6020238092896614,0.6502023284012183
2022020907,20222023,2023-02-20,2,0,0.6008582630243846,0.6328606222810046,0.583617024218448,0.6318494811112264,0.5871082837434796
2022020908,20222023,2023-02-21,2,1,0.7687473361606149,0.803411968399574,0.6961961286986861,0.840469567626166,0.7695763121569927
2022020909,20222023,2023-02-21,2,0,0.6158671929670828,0.6327491057990784,0.5899972724895077,0.6487605571672113,0.6088437492445296
2022020910,20222023,2023-02-21,2,0,0.7055786820593267,0.7077827185979854,0.674334650982805,0.7354220201082659,0.7069793750869089
2022020911,20222023,2023-02-21,2,1,0.6819782827681117,0.6847156155414561,0.6469597086864939,0.7202485228969812,0.6787266167208603
2022020912,20222023,2023-02-21,2,0,0.4234434830451462,0.4737097730158857,0.47197845505428093,0.38718592737310986,0.41116606670804784
2022020913,20222023,2023-02-21,2,1,0.5644042801483727,0.5928394222166641,0.5803591822030213,0.5343387437105495,0.5785149145315477
2022020914,20222023,2023-02-21,2,1,0.5541432760303219,0.611811557099954,0.5582459746027509,0.5358952208735639,0.5682886326146508
2022020915,20222023,2023-02-21,2,1,0.37123513803017366,0.3941689674613006,0.4290673562218637,0.33692682466050367,0.34771123320815367
2022020916,20222023,2023-02-21,2,1,0.7218812705599117,0.7038817206651075,0.6749551439338715,0.7487848961886966,0.7419037715571674
2022020917,20222023,2023-02-22,2,1,0.49410357875012906,0.5241701209317334,0.5188072884848676,0.49357562720446846,0.46992782056105104
2022020918,20222023,2023-02-22,2,0,0.7216293964375385,0.717850799245291,0.6786410467040852,0.7667458688318117,0.7195012737767186
2022020919,20222023,2023-02-22,2,0,0.2883749882442324,0.443071850647229,0.40250860372315767,0.23517089981226666,0.227445461197273
2022020920,20222023,2023-02-23,2,0,0.712545083341619,0.7247741321735547,0.6890132120492172,0.7386421290840599,0.70997990889158
2022020921,20222023,2023-02-23,2,0,0.6245427489554038,0.7048458872944553,0.6299547599274674,0.6168707112941141,0.6268027756446299
2022020922,20222023,2023-02-23,2,0,0.5000359479725407,0.5313557598972278,0.503966023096212,0.5214633178204692,0.47467850300094105
2022020923,20222023,2023-02-23,2,1,0.5559800275651511,0.5770986699814759,0.539762258309107,0.564941681617431,0.5632361427689154
2022020924,20222023,2023-02-23,2,0,0.4121162135256638,0.4144818834623876,0.43636773187882955,0.4078611368131844,0.3921197718849775
2022020925,20222023,2023-02-23,2,1,0.35965802614796943,0.4352591612899416,0.41921320644550647,0.30670638455455684,0.35305448744384516
2022020926,20222023,2023-02-23,2,0,0.5413723731585542,0.6179920765154252,0.5198633893362453,0.5557986915073835,0.548455038632034
2022020927,20222023,2023-02-23,2,0,0.46358712509728855,0.4002766387855133,0.49163598417380183,0.40573225383455414,0.4933931372835098
2022020928,20222023,2023-02-23,2,1,0.5393146647659145,0.591807094714813,0.5646229190795381,0.5178221984565882,0.5354988767616171
2022020929,20222023,2023-02-23,2,0,0.4230484924500833,0.4731731255858853,0.4104662248810539,0.450124484731857,0.4085547677373391
2022020930,20222023,2023-02-24,2,0,0.6546553472040904,0.6265193143554546,0.6265382800024862,0.6572225579334741,0.6802052036763109
2022020931,20222023,2023-02-24,2,1,0.6701682116587494,0.6096874562444533,0.6009279417150047,0.7224888943668517,0.6870877988943914
2022020932,20222023,2023-02-24,2,0,0.6088789276785594,0.5841722051700514,0.6028281632662924,0.6051693123784095,0.6186393073909762
2022020933,20222023,2023-02-24,2,1,0.690964338041654,0.7158488338720381,0.653647069285124,0.7124427813470136,0.7068031634928247
2022020934,20222023,2023-02-24,2,0,0.5549304280271664,0.5617665507752524,0.5642852308276974,0.5748615498136788,0.5256445034401231
2022020935,20222023,2023-02-24,2,0,0.5092817041502168,0.5057062509495384,0.5275930674183845,0.5146816498493693,0.48557039518289663
2022020936,20222023,2023-02-25,2,1,0.35447318948792,0.3893464423400158,0.42833000676771815,0.29301618284815095,0.3420733788478909
2022020937,20222023,2023-02-25,2,1,0.43280433230978366,0.4834524796268913,0.4638178591515467,0.41291354052451545,0.4216815972532887
2022020938,20222023,2023-02-25,2,0,0.7430976690036332,0.8038680570388433,0.7010723940061181,0.7935633672548545,0.734657245749927
2022020939,20222023,2023-02-25,2,0,0.4666026714371731,0.3488665227354492,0.5186863148659355,0.380672984089569,0.5004487153560148
2022020940,20222023,2023-02-25,2,0,0.4164833133614647,0.5137732872660575,0.4659687132421884,0.38222852798802937,0.40125269885417636
2022020941,20222023,2023-02-25,2,1,0.718613277076102,0.6888206075340497,0.6599759895762324,0.7683935013184149,0.7274703403336591
2022020942,20222023,2023-02-25,2,0,0.33089416776573977,0.4204994319164629,0.42000957452391063,0.27462407066536837,0.2980488581079403
2022020943,20222023,2023-02-25,2,0,0.45819977542935025,0.5523510853020677,0.47013713073666513,0.4769722237167713,0.4274899718346143
2022020944,20222023,2023-02-25,2,1,0.4842932679216925,0.6611671191808883,0.543910061394302,0.4405122426157473,0.4684574997550284
2022020945,20222023,2023-02-25,2,0,0.5772925976640356,0.5883577541233557,0.5760035043841836,0.57746762208422,0.5784066665237035
2022020946,20222023,2023-02-25,2,0,0.5820182988444361,0.5749662208409139,0.5429695037152709,0.6056019963487195,0.5974833964693184
2022020947,20222023,2023-02-26,2,1,0.5239164696163819,0.5558400072223942,0.5594282600761821,0.5043590742343848,0.5079620745385788
2022020948,20222023,2023-02-26,2,1,0.7346062584760865,0.7167284760828392,0.6809153705590714,0.7719623031762941,0.750941101692894
2022020949,20222023,2023-02-26,2,0,0.6230506491845738,0.6078535203782746,0.6034076028377503,0.6255109114669374,0.6402334332490335
2022020950,20222023,2023-02-26,2,1,0.5429272000562436,0.6313812453879305,0.5530461620026036,0.5415669720200431,0.5341684661460844
2022020951,20222023,2023-02-26,2,1,0.4312115862354897,0.4606602039527301,0.44301647414774176,0.4611690128017861,0.3894492717569413
2022020952,20222023,2023-02-26,2,0,0.36887582120182066,0.4593000464782831,0.4184470958016362,0.35701302987344036,0.33116733793038533
2022020953,20222023,2023-02-26,2,0,0.47178568861507886,0.4799223017315038,0.4852495706584442,0.4436391172002461,0.4864683779865461
2022020534,20222023,2023-02-27,2,1,0.5764001037153171,0.5777944090343375,0.5740110279835167,0.5595249392717954,0.5956643438906393
2022020954,20222023,2023-02-27,2,0,0.530190768381432,0.4528583133253355,0.5493902402389252,0.5236984883591786,0.5174835765461921
2022020955,20222023,2023-02-27,2,0,0.5940126535208141,0.6579677025098484,0.5520746536605109,0.619436423114123,0.6105268837878083
2022020956,20222023,2023-02-27,2,1,0.5712871760609346,0.6449227596986474,0.56644641941005,0.5871975743112037,0.56021753446155
2022020957,20222023,2023-02-27,2,1,0.4038648755974987,0.5378820720062523,0.4223367734208384,0.37832970448639647,0.41092814888526114
2022020958,20222023,2023-02-28,2,0,0.6687363920023884,0.6757355991121776,0.658314333362896,0.641173045578364,0.7067217970659054
2022020959,20222023,2023-02-28,2,1,0.5727025429614953,0.5897475972566626,0.588203285491097,0.5618019758830115,0.5681023675103773
2022020960,20222023,2023-02-28,2,0,0.602567856438557,0.6494125217551457,0.5725562059831677,0.5745771389189952,0.6605702244135081
2022020961,20222023,2023-02-28,2,0,0.5482191984290887,0.5861066303429824,0.5283412429732081,0.5634283349726957,0.5528880173413623
2022020962,20222023,2023-02-28,2,1,0.6185330987093356,0.6085622717596577,0.5885870063187446,0.6509729102533696,0.6160393795558926
2022020963,20222023,2023-02-28,2,0,0.48170952507718184,0.5571432851035859,0.5351460473917686,0.4364142005261184,0.4735683273136583
2022020964,20222023,2023-02-28,2,0,0.44303626595734397,0.5646114328924723,0.4595316621121248,0.45267272606863673,0.41690440969127035
2022020965,20222023,2023-02-28,2,0,0.6026834169570275,0.4087368274174131,0.5749932206556331,0.5864252031587657,0.646631827056684
2022020966,20222023,2023-02-28,2,1,0.5601237650033779,0.5692936488095728,0.5123919923762832,0.5989252884106389,0.5690540142232117
2022020967,20222023,2023-02-28,2,0,0.5755484770883462,0.5586581223810125,0.5867837226666522,0.5462171277495521,0.5936445808488343
2022020968,20222023,2023-03-01,2,0,0.3720777861737403,0.3824339536365967,0.4109484493996445,0.3225953091766091,0.3826895999449673
2022020969,20222023,2023-03-01,2,1,0.575382611676917,0.5324444280087295,0.582641699474475,0.5415941884049152,0.6019119471513606
2022020970,20222023,2023-03-01,2,1,0.7428438143843977,0.7064192951013849,0.7008303628422503,0.7808998014885253,0.7468012788224175
2022020971,20222023,2023-03-01,2,0,0.5399630833543249,0.6629170237351203,0.5391782949318575,0.5575935882419976,0.5231173668891193
2022020972,20222023,2023-03-01,2,1,0.4382905332397929,0.4931369659596181,0.46766495730948354,0.41020314923156376,0.4370034931783315
2022020973,20222023,2023-03-01,2,0,0.2875127262436707,0.4298333494976992,0.3824233948984769,0.21410540606846057,0.26600937776407463
2022020974,20222023,2023-03-02,2,1,0.6356196499416975,0.7471016640333704,0.6218238630848947,0.6992913823109943,0.5857437044292035
2022020975,20222023,2023-03-02,2,0,0.6155704894657695,0.6127468225202964,0.6134690003195884,0.6281048041138233,0.605137663963897
2022020976,20222023,2023-03-02,2,0,0.6044487889323507,0.6729185112582918,0.6525416085491705,0.5540968934528917,0.6067078647949897
2022020977,20222023,2023-03-02,2,0,0.569776535388127,0.6471700072212044,0.56754196037473,0.6021963141303682,0.5395913316592826
2022020978,20222023,2023-03-02,2,0,0.44237103376981474,0.5216115089561456,0.4727263521454883,0.44634015460870535,0.4080465945552504
2022020979,20222023,2023-03-02,2,0,0.3920227053190393,0.413317720907623,0.4068178849211881,0.3633378062174232,0.4059124248185067
2022020980,20222023,2023-03-02,2,0,0.6008958291834506,0.4970621993285496,0.5983819895678559,0.6370557304959407,0.5672497674865553
2022020981,20222023,2023-03-02,2,0,0.4858819846683439,0.4719279760130059,0.4685579227396759,0.5120326353060178,0.47705539595933805
2022020982,20222023,2023-03-02,2,1,0.6864422692277041,0.6798893190489843,0.6953147005947675,0.6673359345221253,0.6966761725662195
2022020983,20222023,2023-03-02,2,0,0.5032530692316022,0.4692090090962255,0.46185469855994327,0.5423114128592843,0.505593096275579
2022020984,20222023,2023-03-03,2,0,0.3877278513359412,0.4624027482060553,0.4399671690570885,0.3940445615592036,0.32917182339153145
2022020985,20222023,2023-03-03,2,1,0.6039332356419516,0.6106676631286585,0.5825161000209954,0.6165404346756137,0.6127431722292456
2022020986,20222023,2023-03-03,2,0,0.3139627025019387,0.3424139403129593,0.38442284655128267,0.22305219848223992,0.33441306247229347
2022020987,20222023,2023-03-03,2,1,0.4754770637333045,0.5274497946917852,0.4961536718015202,0.3897362723514272,0.540541247046966
2022020988,20222023,2023-03-03,2,1,0.5120456737783803,0.578038950622958,0.5116206577171101,0.5138312467675822,0.5106851168504484
2022020536,20222023,2023-03-04,2,1,0.39265448095413874,0.4546459822314159,0.41883950251394236,0.3984562270830862,0.3606677132653876
2022020989,20222023,2023-03-04,2,1,0.5843959435348118,0.6316794153175674,0.5978646428619236,0.5988295288378952,0.5564936589046168
2022020991,20222023,2023-03-04,2,1,0.6002326388230622,0.6750147974325011,0.608843960822926,0.621254962295001,0.5705989933512597
2022020992,20222023,2023-03-04,2,1,0.5748566528688496,0.5779009856131899,0.5668475423044537,0.5974729217714666,0.5602494945306283
2022020993,20222023,2023-03-04,2,0,0.45408884801200083,0.438728477083367,0.43067072679257434,0.4401792315664037,0.49141658567702434
2022020994,20222023,2023-03-04,2,1,0.6995694827748741,0.6656545555214783,0.6383917661234614,0.7384188802371563,0.7218978019640045
2022020995,20222023,2023-03-04,2,1,0.45608425852417217,0.521399116062359,0.47462365393623795,0.42953605511185255,0.46409306652442606
2022020996,20222023,2023-03-04,2,1,0.4163607611269156,0.4244768732231836,0.42408404979451536,0.39713503892413504,0.42786319466209666
2022020997,20222023,2023-03-04,2,1,0.5261622908598064,0.492501815616966,0.48686731195784844,0.5522534491796837,0.539366111441887
2022020998,20222023,2023-03-04,2,0,0.4104269593975108,0.4390437395372535,0.4187920393166463,0.4058071461553068,0.40668169272057925
2022020999,20222023,2023-03-04,2,0,0.6224965047349489,0.5316251311294251,0.6122038088239257,0.6455316668645686,0.6097540385163525
2022021000,20222023,2023-03-04,2,1,0.6393634371902889,0.6053579938862187,0.6284498498291067,0.6363939046463921,0.6532465570953678
2022021001,20222023,2023-03-05,2,1,0.6762963792030044,0.5976772353272461,0.6371565102862137,0.721686393773034,0.6700462335497658
2022021002,20222023,2023-03-05,2,1,0.5371251493258168,0.5235011895423306,0.5458255753340143,0.5700668402345084,0.49548303240892744
2022021003,20222023,2023-03-05,2,1,0.6873899615413451,0.7103210412016322,0.6912287009155261,0.692048203001939,0.67889298070657
2022021004,20222023,2023-03-05,2,0,0.3245878837150035,0.4138016691298347,0.38560401540824435,0.2743846195117266,0.31377501622503956
2022021005,20222023,2023-03-05,2,0,0.5490348243181759,0.6707303210317298,0.5887613250684459,0.5118491554599038,0.546493992426178
2022021006,20222023,2023-03-06,2,0,0.39998075600903027,0.4974265537993353,0.4013966368573832,0.3732782477304041,0.4252673834393035
2022021007,20222023,2023-03-06,2,0,0.6569274383029072,0.7181464364516023,0.6999053851442941,0.6425804054779805,0.628296524286447
2022021008,20222023,2023-03-06,2,0,0.558197589820871,0.6120095943677527,0.5634499321112401,0.5729279892856438,0.5382148480657292
2022021009,20222023,2023-03-06,2,1,0.3780796982123409,0.4465589975858415,0.39421054304309705,0.3641494301414264,0.37587912145249913
2022021010,20222023,2023-03-06,2,1,0.5032135338908553,0.518564102013436,0.5140196977050273,0.5038431114148484,0.4917777925526903
2022021011,20222023,2023-03-06,2,1,0.5614358623455789,0.5849134830154264,0.5607237264072873,0.5477968633026564,0.575786997326793
2022021012,20222023,2023-03-07,2,0,0.2951228914540105,0.3424500817816223,0.38283701786463115,0.21629046223880735,0.2862411942585929
2022021013,20222023,2023-03-07,2,1,0.7172835747715641,0.7024300591716518,0.6968709087979955,0.7266379915386935,0.7283418239780034
2022021014,20222023,2023-03-07,2,1,0.7145470260209318,0.7422029643670459,0.7092742621639848,0.7387948529044992,0.6955719629943116
2022021015,20222023,2023-03-07,2,0,0.5480088019373092,0.5229012336129485,0.5365082473208547,0.5701381750369985,0.5373799834540743
2022021016,20222023,2023-03-07,2,1,0.61583706169117,0.5647945919663918,0.6185625377393587,0.634630259792648,0.5943183875415035
2022021017,20222023,2023-03-07,2,1,0.5692641998291851,0.5958970728665474,0.56898726249996,0.582202909291729,0.556602427695866
2022021018,20222023,2023-03-07,2,0,0.5823203485085287,0.619735129117318,0.5902386388106408,0.5798769475351827,0.5768454591797625
2022021019,20222023,2023-03-07,2,1,0.7329737197023882,0.7767500408447668,0.7094106781733371,0.767367384776887,0.7221430961569407
2022021020,20222023,2023-03-07,2,1,0.44212686010655733,0.4654152359115961,0.46655727005321285,0.4451832576562798,0.4146400526101794
2022021021,20222023,2023-03-07,2,1,0.7188442744603657,0.7115928457631411,0.7162685026596364,0.7559233121814384,0.6843410085400224
2022021022,20222023,2023-03-08,2,1,0.5870086448858735,0.6282154760082804,0.5952280253082715,0.5635084581626834,0.6022894511866654
2022021023,20222023,2023-03-08,2,0,0.6007849358894948,0.5343597251277484,0.5878587141683911,0.6070094878099725,0.6074866056901207
2022021024,20222023,2023-03-08,2,1,0.6863212789540545,0.6691883677062563,0.6217126355224116,0.7133790388414415,0.7238721624983105
2022021025,20222023,2023-03-09,2,0,0.4226780862162618,0.5117864402115857,0.45540737990131036,0.4294810379443685,0.3831458408031066
2022021026,20222023,2023-03-09,2,0,0.5949955681308245,0.6883615782823777,0.6137015958939442,0.612218389278974,0.5590667192195554
2022021027,20222023,2023-03-09,2,0,0.6127117362319221,0.5843469808767136,0.6117401300207712,0.5881931282236076,0.6382019504513873
2022021028,20222023,2023-03-09,2,0,0.33367783385325395,0.3889000915602808,0.3863076856214111,0.2959972836369794,0.31872853230137144
2022021029,20222023,2023-03-09,2,0,0.39887751497515794,0.5426398317502812,0.402398255365864,0.40639920311453154,0.38783508644507836
2022021030,20222023,2023-03-09,2,1,0.782458012416169,0.7757165030085335,0.7294270629263131,0.8112073400496145,0.8067396342725793
2022021031,20222023,2023-03-09,2,0,0.638365295873213,0.6145649361588129,0.6122448758496523,0.6630355095783467,0.6398155021916403
2022021032,20222023,2023-03-09,2,1,0.6256004899963207,0.6724996864340325,0.6504234301930529,0.6187905382013968,0.6075875015945125
2022021033,20222023,2023-03-09,2,0,0.5612987412428445,0.6501430045907961,0.5370056163749028,0.5760314312210429,0.5708591761325879
2022021034,20222023,2023-03-09,2,1,0.39469424272180814,0.4488733192630766,0.4235476776547763,0.3835025780451258,0.3770324724655225
2022021035,20222023,2023-03-09,2,0,0.5156202101318196,0.6033522618297106,0.5140070788457173,0.5221640157655868,0.5106895357841544
2022021036,20222023,2023-03-10,2,1,0.7435589033061447,0.7275264152591308,0.7237530952305572,0.7589548418589736,0.7479687728289032
2022021037,20222023,2023-03-10,2,0,0.7122639433888839,0.7192299850596442,0.7060095168205834,0.7496072572650846,0.6811750560809834
2022021038,20222023,2023-03-11,2,1,0.7065000345018673,0.7853298028851105,0.6681786978542317,0.7483774548853116,0.7029439507660589
2022021039,20222023,2023-03-11,2,1,0.7131972623200459,0.6931980116272044,0.6991286921586716,0.7036359079721163,0.7368271868293499
2022021040,20222023,2023-03-11,2,0,0.38144730375051744,0.4676803273415965,0.42237781166785676,0.37593620766546604,0.34602789191822936
2022021041,20222023,2023-03-11,2,1,0.7503037327194565,0.7573942773869786,0.7310608151463907,0.7709499031880562,0.7489004798239227
2022021042,20222023,2023-03-11,2,1,0.7766888135093694,0.7601570251173645,0.7310805354888392,0.8189901750103343,0.7799957300289346
2022021043,20222023,2023-03-11,2,1,0.5578331840516747,0.5890649990510717,0.5597057705491371,0.576866795457686,0.5369269861482011
2022021044,20222023,2023-03-11,2,0,0.3211031329824054,0.4230444824576791,0.3781048494454704,0.28589084591760394,0.2993137035841418
2022021045,20222023,2023-03-11,2,0,0.4302340639517692,0.4772045120505461,0.4374057700654355,0.41210612454802364,0.4411902972418484
2022021046,20222023,2023-03-11,2,0,0.7156783192644084,0.6485484864739396,0.6406909633914495,0.7753360999261631,0.7310078944756128
2022021047,20222023,2023-03-11,2,0,0.5736719728722653,0.6052168064825202,0.6273048473462692,0.5066086572041222,0.5871024140664047
2022021048,20222023,2023-03-11,2,0,0.5695479158757644,0.5878459734368158,0.5640956919241079,0.5822926327687226,0.5622554229344627
2022021049,20222023,2023-03-11,2,0,0.4629090054311926,0.5299537623465592,0.45140948810021353,0.48458554371761575,0.4527319844757486
2022021050,20222023,2023-03-11,2,1,0.43759905579538017,0.5457807623204171,0.4531585871046461,0.43452370156761444,0.42511487871387993
2022021051,20222023,2023-03-11,2,0,0.46148347967981485,0.3734095594660002,0.466785588380442,0.43911581361874397,0.47854903704025853
2022021052,20222023,2023-03-11,2,0,0.6234123676295267,0.6097253895041338,0.619102145337499,0.635151202226608,0.6159837553244729
2022021053,20222023,2023-03-12,2,1,0.35219485195727157,0.324732507886449,0.42652693669974134,0.24701067082057812,0.3830469483514953
2022021054,20222023,2023-03-12,2,1,0.5206231121932547,0.5171957507864774,0.5234221704474507,0.5050651614142544,0.5333820047180594
2022021055,20222023,2023-03-12,2,1,0.5104127239772097,0.4926487111822523,0.5143919391211949,0.47854187762219075,0.5383043551882436
2022021056,20222023,2023-03-12,2,0,0.4662062228590244,0.4922962358891142,0.44798314088529656,0.49551355808075254,0.4551219696110241
2022021057,20222023,2023-03-12,2,0,0.5692722242593488,0.6403338254158618,0.5670856677046532,0.5821731501062556,0.5585578549671376
2022021058,20222023,2023-03-12,2,1,0.3532983216890187,0.39426193818351,0.3959759112877943,0.3241559920978517,0.33976306168141024
2022021059,20222023,2023-03-12,2,1,0.5929383633035293,0.5967537388368898,0.596286006148686,0.5985264751000207,0.5840026086618815
2022021060,20222023,2023-03-12,2,0,0.4015279073651134,0.4309334706510016,0.4306679029822461,0.38002173801300015,0.39389408110009394
2022021061,20222023,2023-03-13,2,0,0.6602902640463465,0.6871521289194273,0.65807314573112,0.6943657173721203,0.6284319290357991
2022021062,20222023,2023-03-13,2,0,0.30855949515197933,0.357049213573176,0.3886085756397778,0.2668883878858034,0.2701815219303568
2022021063,20222023,2023-03-13,2,0,0.48754423155799076,0.5225332467801488,0.49318176811759185,0.485612458882326,0.4838384676740545
2022021064,20222023,2023-03-14,2,0,0.7472778590726764,0.7097134944292328,0.7100835021832176,0.7735650910097122,0.7581849840250994
2022021065,20222023,2023-03-14,2,0,0.5570870068834578,0.5368230566144011,0.5194927955352328,0.5833081609740903,0.5684600641410503
2022021066,20222023,2023-03-14,2,0,0.5011448336137655,0.3938263046410931,0.5057578352847033,0.47023660555468133,0.5274400600019118
2022021067,20222023,2023-03-14,2,1,0.6093569440121366,0.6366890001846328,0.6089351649264059,0.6079087709079716,0.6112268962020323
2022021068,20222023,2023-03-14,2,1,0.6819702252316912,0.659769894574002,0.6195852176710402,0.7201701574555937,0.7061553005684394
2022021069,20222023,2023-03-14,2,1,0.5761157991302924,0.6306836707047414,0.5702135019135585,0.5560599567366984,0.6020739387406205
2022021070,20222023,2023-03-14,2,1,0.30254790891424027,0.2752209471955327,0.3633697116800071,0.170332560771618,0.37394145429109577
2022021071,20222023,2023-03-14,2,1,0.5647697752806599,0.659121093738516,0.539031416190637,0.6026269112270456,0.5526509984242969
2022021072,20222023,2023-03-14,2,1,0.3347367720858831,0.4517243132213166,0.39499233091764285,0.31114660909940955,0.29807137624059693
2022021073,20222023,2023-03-14,2,1,0.4610829319979753,0.4749768784885871,0.4655363429902292,0.44586652543361666,0.4718459275700799
2022021074,20222023,2023-03-14,2,0,0.5847597762676564,0.5533752374655664,0.5661348764309637,0.5585938229145002,0.6295506294575052
2022021075,20222023,2023-03-14,2,1,0.5975591620967285,0.594232911256721,0.5964818543305717,0.5934752939957136,0.6027203379639003
2022021076,20222023,2023-03-15,2,1,0.5154090152539225,0.6007580372746189,0.5458769626580401,0.4823447145510548,0.5180053685526724
2022021077,20222023,2023-03-15,2,0,0.5064919334458091,0.5544119954771469,0.5228013951263923,0.49044085659501296,0.506233548616022
2022021078,20222023,2023-03-15,2,0,0.4199173031337171,0.4858133039178239,0.41485595939618486,0.41844894935920995,0.42644700064575647
2022021079,20222023,2023-03-15,2,0,0.3829018101129346,0.4259765273317607,0.39677089692120765,0.3796965886699011,0.37223794474769506
2022021080,20222023,2023-03-16,2,0,0.4620303538161785,0.4304231855714878,0.46003759902444635,0.4828725106937836,0.4431809517303056
2022021081,20222023,2023-03-16,2,1,0.7410636941204013,0.7130609680945067,0.7143192887981451,0.7784660835437386,0.7304057100193202
2022021082,20222023,2023-03-16,2,1,0.5551574664225564,0.6292449359322909,0.56638094057018,0.5458726083062266,0.5532188503912624
2022021083,20222023,2023-03-16,2,0,0.5483764845364266,0.5224235521853945,0.5228594637033829,0.5699819861187894,0.5522880037871076
2022021084,20222023,2023-03-16,2,0,0.3907005352395709,0.4192523489533359,0.42198384472277134,0.33757460522791266,0.41254315576802847
2022021085,20222023,2023-03-16,2,0,0.6743162907312802,0.6904553997428371,0.6653650357411565,0.6635269815252632,0.694056854927421
2022021086,20222023,2023-03-16,2,1,0.547252504175432,0.5866132288767403,0.5410414102129836,0.5406373748109056,0.5600787275024071
2022021087,20222023,2023-03-16,2,0,0.5088026131719973,0.6313031066742922,0.5209472154545634,0.5297002719586151,0.4757603521028134
2022021088,20222023,2023-03-16,2,1,0.379160054553559,0.4944351711453524,0.4225144571569766,0.3889929393269562,0.32597276717674434
2022021089,20222023,2023-03-16,2,1,0.7188314759994968,0.7162730064065027,0.7242003657457364,0.683303501308788,0.7489905609439662
2022021090,20222023,2023-03-16,2,0,0.42249268985527416,0.4247401141021097,0.4766892733770002,0.3745248254370049,0.4162639707518174
2022021091,20222023,2023-03-17,2,1,0.4437046501186937,0.4809617633541825,0.4686274074860315,0.42103363664127996,0.4414529062287697
2022021092,20222023,2023-03-17,2,1,0.4917179404516118,0.5400757082870697,0.5060100280024358,0.4879739344234445,0.48116985892895514
2022021093,20222023,2023-03-17,2,0,0.6008544385010429,0.6096234594635259,0.5957649932713898,0.5987571342006339,0.6080411880311052
2022021094,20222023,2023-03-17,2,1,0.49426091388903876,0.548936148696808,0.4723080631995086,0.49030248827030387,0.5201721901973038
2022021095,20222023,2023-03-18,2,0,0.3628818563546414,0.3986473276151735,0.3950164057776276,0.3305442265143929,0.3630849367719037
2022021096,20222023,2023-03-18,2,0,0.45604459778768813,0.4638610489279038,0.4518658264873856,0.4265245142245094,0.4897434526511696
2022021097,20222023,2023-03-18,2,0,0.5102831349758351,0.5609099654242761,0.5241580755469522,0.48744170953508614,0.5192496198454668
2022021098,20222023,2023-03-18,2,0,0.47846542007443515,0.497590627629555,0.4538459842994291,0.49819272079326854,0.48335755513060774
2022021099,20222023,2023-03-18,2,0,0.340764356075105,0.3532974393930431,0.39621401254895555,0.26215278278621845,0.3639262728901411
2022021100,20222023,2023-03-18,2,1,0.6049510224424717,0.57976180993326,0.5941142094273092,0.631862642111407,0.588876215788699
2022021101,20222023,2023-03-18,2,1,0.7355451184850085,0.7568570609019043,0.7121780768212239,0.7602026426328995,0.7342546360009018
2022021102,20222023,2023-03-18,2,0,0.5295975146805706,0.4464010145062624,0.536223479497138,0.5386160948166605,0.513952969727913
2022021103,20222023,2023-03-18,2,1,0.5569128523226395,0.6364678341580003,0.578016864661287,0.5604242573275499,0.5322974349790818
2022021104,20222023,2023-03-18,2,0,0.5107425421242996,0.5401386494208549,0.5026819925148087,0.5377141800891667,0.4918314537689234
2022021105,20222023,2023-03-18,2,0,0.6283926310035857,0.6396888401292855,0.6179256558065201,0.63333747029573,0.6339147669085069
2022021106,20222023,2023-03-18,2,1,0.5571971184958995,0.58661993928085,0.5622680134638672,0.5314414656805161,0.5778818763433151
2022021107,20222023,2023-03-18,2,0,0.44178158255142125,0.4125637354160726,0.4833467162008391,0.40682521873814553,0.4351728127152792
2022021108,20222023,2023-03-19,2,0,0.4167667369849579,0.3595565207928264,0.4692653256020563,0.3451965762027439,0.43583830915007343
2022021109,20222023,2023-03-19,2,1,0.5515485218318287,0.63070291193614,0.5884462167718592,0.5078377342796797,0.558361614443947
2022021110,20222023,2023-03-19,2,1,0.6713781379924733,0.7413460182536555,0.7074962353147456,0.645356503568514,0.66128167509416
2022021111,20222023,2023-03-19,2,1,0.6080013014105425,0.6604831509448645,0.580751362596068,0.638379664766079,0.6048728768694805
2022021112,20222023,2023-03-19,2,0,0.5727169373571486,0.6324618285922405,0.5402708705225917,0.6115031217750098,0.5663768197738445
2022021113,20222023,2023-03-19,2,1,0.4974748225883139,0.5334516530042844,0.5202097536346443,0.500285849930632,0.47192886419966534
2022021114,20222023,2023-03-19,2,0,0.44971006673752933,0.4554341804138177,0.4519985955620104,0.45146368527780173,0.4456679193727759
2022021115,20222023,2023-03-20,2,0,0.5411067578032994,0.6178011063852082,0.5708525258869396,0.5448792894669033,0.5075884580560552
2022021116,20222023,2023-03-20,2,0,0.35610909367463767,0.4551165961573401,0.38287368869705535,0.2742038049981218,0.41124978732873596
2022021117,20222023,2023-03-20,2,1,0.7555117542743447,0.7780333043230744,0.721517920321427,0.7855632579704369,0.7594540845311705
2022021118,20222023,2023-03-20,2,1,0.7406046682705738,0.7760071730023933,0.7192718450564387,0.7667634853275896,0.735778674427693
2022021119,20222023,2023-03-20,2,1,0.5769689399284332,0.5921931517268066,0.5971787679459846,0.5253550231312701,0.6083730287080451
2022021120,20222023,2023-03-21,2,0,0.4397326820438596,0.5548675168217853,0.5053909550160627,0.4546517077503358,0.3591553833651804
2022021121,20222023,2023-03-21,2,0,0.6736202342164388,0.6934111416835698,0.6767762209444043,0.679140338495835,0.664944143209077
2022021122,20222023,2023-03-21,2,1,0.3705118532754963,0.4030017102342453,0.4140940372492936,0.30090240213650815,0.3965391204406871
2022021123,20222023,2023-03-21,2,0,0.5120195142857183,0.5481472089674384,0.5062285557517924,0.5293488719902012,0.5004811151151615
2022021124,20222023,2023-03-21,2,0,0.546702430842737,0.5402764404543516,0.560488484265223,0.5280265675115184,0.5515922407514693
2022021125,20222023,2023-03-21,2,1,0.7235032570646202,0.7631793209338128,0.6967295275416471,0.7521848514626492,0.7215953921895641
2022021126,20222023,2023-03-21,2,1,0.3144281491218728,0.3672429946342373,0.37317330599657894,0.2822195940593591,0.2878915473096803
2022021127,20222023,2023-03-21,2,1,0.5128374614140477,0.4905901990300563,0.48968500135109466,0.5022894125518572,0.5465379703391916
2022021128,20222023,2023-03-21,2,1,0.6995126988858474,0.6716494490465559,0.6923577964354808,0.7240566513555267,0.682123648866535
2022021129,20222023,2023-03-21,2,0,0.586417573949829,0.6249640760889945,0.6067005670764177,0.5658653123485777,0.5866868424244914
2022021130,20222023,2023-03-21,2,0,0.5649157049034987,0.6265476206565971,0.5468502762045788,0.5681209665319705,0.579775871973947
2022021131,20222023,2023-03-21,2,0,0.3334398417804095,0.4188594515150358,0.38867071680348464,0.31037511921455774,0.301273689323186
2022021132,20222023,2023-03-21,2,0,0.5066787470315066,0.4855048497243054,0.5129722049113125,0.5099774392241122,0.4970865969590952
2022021133,20222023,2023-03-22,2,0,0.6197357043450896,0.6798113618347063,0.6587126993512218,0.5852891123651258,0.6152053013189211
2022021134,20222023,2023-03-22,2,1,0.7612952674785881,0.7344767477383509,0.6998301330991082,0.7967677368714813,0.7872879324651746
2022021135,20222023,2023-03-23,2,1,0.6805684410938331,0.6794215558693782,0.6592644161000255,0.6778048370397248,0.704636070141749
2022021136,20222023,2023-03-23,2,1,0.38128006966629263,0.3984642041471156,0.4266550793875727,0.33717490652082394,0.3800102230904814
2022021137,20222023,2023-03-23,2,1,0.747557836221792,0.8187993986445056,0.7072753991422167,0.8160189357245794,0.7193791737985799
2022021138,20222023,2023-03-23,2,0,0.6583133298008167,0.5954935592327023,0.6023085932724664,0.6871695372090709,0.6854618589209127
2022021139,20222023,2023-03-23,2,1,0.4200025911041117,0.4548437177441151,0.44019762658103884,0.4220984988415867,0.39771164788970964
2022021140,20222023,2023-03-23,2,0,0.580912088312929,0.5334460671440198,0.5999082175028783,0.5763275380841244,0.5665005093517841
2022021141,20222023,2023-03-23,2,0,0.5236659497234719,0.5253007409467938,0.5196048072124986,0.5238080839963437,0.5275849579615735
2022021142,20222023,2023-03-23,2,1,0.4590169232258679,0.5700768540577914,0.48915661452236364,0.4146933575769564,0.4732007975782837
2022021143,20222023,2023-03-23,2,1,0.5728680494086964,0.6029991106436408,0.5965305027537011,0.579191401240844,0.5428822442315441
2022021144,20222023,2023-03-23,2,0,0.5620899550249291,0.5191724416723762,0.516314234316418,0.6295905166484304,0.5403651141099387
2022021145,20222023,2023-03-23,2,1,0.6829423978588668,0.6931434075097049,0.6820617325858714,0.6705181800543458,0.6962472809363832
2022021146,20222023,2023-03-23,2,0,0.31859127334369997,0.4087845864807422,0.4006230629997001,0.27876576716830964,0.2763849898630901
2022021147,20222023,2023-03-24,2,1,0.37123619682397063,0.4197452433928144,0.4310947380408369,0.3403918336188938,0.3422220188121811
2022021148,20222023,2023-03-24,2,1,0.4333398480666946,0.4852605787559049,0.447236982710379,0.4371091029127329,0.41567345857697213
2022021149,20222023,2023-03-24,2,1,0.7273700083387692,0.7589097616344725,0.7135671874123898,0.7430615959280414,0.7254812416758764
2022021150,20222023,2023-03-25,2,1,0.46507562952015324,0.5422153482353582,0.45411125856874346,0.49075887062773316,0.4503567593639832
2022021151,20222023,2023-03-25,2,1,0.6267661828674101,0.6805348187030821,0.6375034706960011,0.6224312014650768,0.6203638764411529
2022021152,20222023,2023-03-25,2,0,0.4742673423277799,0.5757883299674602,0.5144495951915613,0.44230809973698393,0.4660443320547945
2022021153,20222023,2023-03-25,2,1,0.7411242855177687,0.727219428810844,0.7186836632357817,0.7519488248972065,0.7527403684203178
2022021154,20222023,2023-03-25,2,1,0.6505713442606531,0.5985798557102717,0.6417831703827381,0.6210523554503733,0.6888785069488479
2022021155,20222023,2023-03-25,2,1,0.6958761993447925,0.7442021737225502,0.7081635813913665,0.693332872285546,0.6861321443574652
2022021156,20222023,2023-03-25,2,0,0.6131843978311585,0.5146208412319502,0.6136432139929759,0.6033492433919335,0.6225607361085662
2022021157,20222023,2023-03-25,2,0,0.5705195186536617,0.6316914317337787,0.6036810309347668,0.5739626649913321,0.5339148600348861
2022021158,20222023,2023-03-25,2,1,0.5479053206478262,0.5809169827032362,0.5231021651075983,0.5616907849201507,0.5589230119157294
2022021159,20222023,2023-03-25,2,1,0.5989370631966473,0.6282907370364668,0.6178228314589174,0.5782976901272272,0.6006906680037973
2022021160,20222023,2023-03-25,2,1,0.64657607810713,0.5898720082475314,0.6303794886637661,0.6506668503976036,0.6586818952600202
2022021161,20222023,2023-03-25,2,0,0.6009391113730627,0.6418810367549135,0.572462046394579,0.617442092302332,0.6129131954222768
2022021162,20222023,2023-03-25,2,1,0.6275313446528735,0.5891145196207647,0.5877560644148169,0.6395498656586668,0.6552881038851367
2022021163,20222023,2023-03-25,2,0,0.6238109043602716,0.5857372508749021,0.6019961103218823,0.6341641946290186,0.6352724081299139
2022021164,20222023,2023-03-25,2,0,0.38683108888505946,0.4345743353121413,0.43168486085936836,0.3278327971293812,0.4009756086664289
2022021165,20222023,2023-03-26,2,0,0.3461054860698142,0.356562392544773,0.4000497401021602,0.28878098729520213,0.3494857308120802
2022021166,20222023,2023-03-26,2,0,0.565120706902424,0.4964291063757255,0.5640306516786867,0.5275062683533221,0.6038252006752632
2022021167,20222023,2023-03-26,2,0,0.38791344059814686,0.4741364349433419,0.425663875666067,0.3679442623032628,0.37013218382511087
2022021168,20222023,2023-03-26,2,0,0.3819202977750706,0.4544467218003143,0.3827354371380434,0.38336172712517014,0.3796637290619981
2022021169,20222023,2023-03-26,2,1,0.6552161129240327,0.6284121253315849,0.6407254637759782,0.6336905611191698,0.69123231387695
2022021170,20222023,2023-03-27,2,1,0.35133152484016916,0.506594760310663,0.37768528605963647,0.3534996004605099,0.3228096880003611
2022021171,20222023,2023-03-27,2,0,0.6094082152989463,0.6403103618962454,0.6118458565111942,0.5863818851684958,0.6299969042171489
2022021172,20222023,2023-03-27,2,1,0.4837280329567168,0.5440994748652155,0.46294396084031353,0.5081297199332393,0.48011041809659755
2022021173,20222023,2023-03-27,2,1,0.5163817150055555,0.6292286171258449,0.5440407819926548,0.49976819710619874,0.5053361659178127
2022021174,20222023,2023-03-27,2,0,0.34760106748915803,0.3039142802422544,0.4207203758832212,0.2570074511995621,0.36507537538469076
2022021175,20222023,2023-03-27,2,0,0.31056895036622545,0.3875340211513987,0.3918341380575503,0.258355428518215,0.2815172845229111
2022021176,20222023,2023-03-28,2,1,0.6728694274751965,0.7734241838510985,0.6848098094564927,0.7034846108424132,0.6303138621266835
2022021177,20222023,2023-03-28,2,1,0.5772621376756367,0.5814346389906202,0.5585244202690813,0.5870191888465068,0.5862428039113219
2022021178,20222023,2023-03-28,2,0,0.7048881650976183,0.7537320682098165,0.6679986469953819,0.7409565418323301,0.7057093064651431
2022021179,20222023,2023-03-28,2,0,0.6122438538641702,0.6123098283440317,0.6037509435914787,0.6273271479056467,0.6056534700953851
2022021180,20222023,2023-03-28,2,1,0.4279724959830838,0.4778725535164668,0.44063942751561375,0.43479719699796554,0.408480863435672
2022021181,20222023,2023-03-28,2,1,0.5371978682320309,0.5671603515243755,0.5216354994154554,0.5166832303184015,0.5732748749622358
2022021182,20222023,2023-03-28,2,0,0.3589916893842671,0.3920081824394972,0.37452429558278266,0.3323004385514292,0.37015033401858954
2022021183,20222023,2023-03-28,2,1,0.4540973877231491,0.5345118321374539,0.44124197075680105,0.44929378017609517,0.4717564122365512
2022021184,20222023,2023-03-28,2,0,0.5198329165122273,0.5627802543391316,0.5724937095164271,0.49301296489863733,0.4939920751216175
2022021185,20222023,2023-03-28,2,1,0.42473525215526986,0.398041800462146,0.4613273457484245,0.3671225925252954,0.4457558181920898
2022021186,20222023,2023-03-29,2,0,0.48186717130503826,0.6323687786706957,0.5116719485415809,0.4566275623969084,0.47730200297662556
2022021187,20222023,2023-03-29,2,0,0.495223281447523,0.5474249260976767,0.4718911578325792,0.5120103724772347,0.501768314032755
2022021188,20222023,2023-03-29,2,0,0.6127302848119824,0.6191001498131294,0.6044443726554473,0.6399189899756729,0.5938274918048272
2022021189,20222023,2023-03-30,2,1,0.731298114648005,0.8320870270862495,0.7181479585194604,0.8053076113855947,0.6704387740389599
2022021190,20222023,2023-03-30,2,0,0.37143856891836347,0.4295346113668049,0.40032532388649517,0.3690239119015783,0.344966470967017
2022021191,20222023,2023-03-30,2,1,0.5206241389823679,0.4993528619017723,0.5009863843418078,0.5336415429874773,0.5272444896178188
2022021192,20222023,2023-03-30,2,1,0.6533732624269141,0.5855530286790349,0.6431809927869101,0.6691062651084871,0.6478325293853449
2022021193,20222023,2023-03-30,2,1,0.5943249359084578,0.6383930197915176,0.6063274719659966,0.5790739333238762,0.5975734024355007
2022021194,20222023,2023-03-30,2,1,0.6424526382354171,0.6590458542342845,0.6077093051727614,0.6765885277881047,0.6430600817453851
2022021195,20222023,2023-03-30,2,1,0.4126671297205058,0.3977812643871171,0.4321046345686127,0.39458082539390826,0.4113159291989965
2022021196,20222023,2023-03-30,2,0,0.38086658254216976,0.4412147380005822,0.3971808432979136,0.38266426455011715,0.36275463977847866
2022021197,20222023,2023-03-30,2,1,0.5510958377722406,0.6136997129156129,0.5249089406995369,0.5384050282856977,0.5899735443314872
2022021198,20222023,2023-03-30,2,1,0.7375895689909712,0.722500647017845,0.6972055526198182,0.7873835340638762,0.7281796202892192
2022021199,20222023,2023-03-30,2,1,0.4339085163564103,0.3522586575084122,0.44115366929596106,0.35096318616789085,0.5096086936053791
2022021200,20222023,2023-03-31,2,1,0.47864761814323736,0.4291920455988439,0.506438340557048,0.44971823970413416,0.4797862741685301
2022021201,20222023,2023-03-31,2,1,0.6664534972685945,0.635641331333322,0.6428362106394867,0.6851233438797308,0.6714009372865658
2022021202,20222023,2023-03-31,2,0,0.44826317543587507,0.5431451906425825,0.4602992497384355,0.4425189256359344,0.4419713509332554
2022021203,20222023,2023-03-31,2,0,0.3829638828705139,0.414848402247946,0.4126816609732572,0.33482307178836723,0.40138691584991737
2022021204,20222023,2023-04-01,2,1,0.4798567801173763,0.5689115763350738,0.4957025240712054,0.42723139821681,0.5166364180641135
2022021205,20222023,2023-04-01,2,0,0.5112126541991033,0.3952339736518048,0.5208596539027459,0.4461991187920297,0.5665791899025342
2022021206,20222023,2023-04-01,2,0,0.5086987576786092,0.51566331559925,0.5150140043421658,0.5059703764835599,0.505111892210102
2022021207,20222023,2023-04-01,2,0,0.32393664255254867,0.3611513127127913,0.3757826685908747,0.29517851504540327,0.30084874402136796
2022021208,20222023,2023-04-01,2,0,0.3350941051699187,0.3953299610204789,0.4090145220525334,0.27075723265802903,0.32551056079919377
2022021209,20222023,2023-04-01,2,1,0.5970752294581488,0.6341066846997636,0.5858927229665507,0.6075669103673029,0.597766055040593
2022021210,20222023,2023-04-01,2,0,0.4175971028665064,0.4631106472040553,0.43936639345931516,0.3884484663367303,0.42497644880347374
2022021211,20222023,2023-04-01,2,0,0.3935500259231546,0.3914619306152859,0.4396947319773506,0.35391583150005373,0.38703951429205935
2022021212,20222023,2023-04-01,2,1,0.6321723026589239,0.6296462420094011,0.6141610509631242,0.6453317216110901,0.6370241354025574
2022021213,20222023,2023-04-01,2,1,0.7655183886706861,0.792609694180909,0.730350197915783,0.8244530906063541,0.7417518774899213
2022021214,20222023,2023-04-01,2,0,0.5403923364493283,0.5346746062855819,0.5341434895675439,0.5424561277021709,0.5445773920782703
2022021215,20222023,2023-04-01,2,1,0.5216264664818198,0.5533953529172491,0.5217086795367573,0.5351728992586854,0.5079978206500165
2022021216,20222023,2023-04-01,2,0,0.537007269084853,0.6092230689481433,0.5777198677467369,0.5031102728369741,0.5301916666708479
2022021217,20222023,2023-04-02,2,0,0.47058121400240854,0.45959404590515,0.44747066793721296,0.46222962071367973,0.502043353356333
2022021218,20222023,2023-04-02,2,0,0.3480693708955613,0.3667971661411542,0.4056081563841498,0.2874282899241312,0.3511716663784029
2022021219,20222023,2023-04-02,2,1,0.6608607044045492,0.6563910752101609,0.6108348641679899,0.7065492522584988,0.6651979967871587
2022021220,20222023,2023-04-02,2,1,0.29174824640765484,0.4530960969274787,0.37029312977136297,0.2671540444960548,0.2377975649555468
2022021221,20222023,2023-04-02,2,1,0.6904374680048222,0.6769258276073976,0.6889788999998414,0.6870161705716707,0.6953173334429542
2022021222,20222023,2023-04-02,2,0,0.6517502064216881,0.7219578973810739,0.6967435260029472,0.6071888347719687,0.6513182584901487
2022021223,20222023,2023-04-02,2,1,0.5324466036833293,0.5379553544076581,0.5190103618609876,0.5330916797416275,0.5452377694473726
2022021224,20222023,2023-04-02,2,1,0.8100578527627093,0.7414666179827727,0.7349414276563169,0.8371424763613083,0.8580896542705024
2022021225,20222023,2023-04-02,2,0,0.4844894472439612,0.5065731775466397,0.49655273719779797,0.5000207360221023,0.45689486851198347
2022021226,20222023,2023-04-03,2,0,0.5146272556755421,0.5780090841193224,0.536251536319858,0.4782069375453906,0.5294232931613777
2022021227,20222023,2023-04-03,2,1,0.6278035577179087,0.6218358765623496,0.5950741616893003,0.6637303610472363,0.6246061504171897
2022021228,20222023,2023-04-03,2,1,0.6837388594602327,0.6863813598887911,0.6715103744224151,0.661481699356377,0.7182245046019062
2022021229,20222023,2023-04-04,2,1,0.637970737946222,0.6463075172055445,0.6271896674215941,0.6307986793992311,0.6559238670178412
2022021230,20222023,2023-04-04,2,1,0.7335608310633964,0.7669001693019183,0.7214122848344593,0.7545141761003834,0.7247560322553465
2022021231,20222023,2023-04-04,2,0,0.44696326464975494,0.5145474376822355,0.45830035921263307,0.45890895879497245,0.4236804759416592
2022021232,20222023,2023-04-04,2,1,0.614695112270132,0.6978769866194585,0.6738892867920309,0.6634652551622852,0.5067307948560797
2022021233,20222023,2023-04-04,2,1,0.5798177539056865,0.5890233307031661,0.5870214922876159,0.5699255916306715,0.5825061777987718
2022021234,20222023,2023-04-04,2,1,0.5814150723360961,0.6556213963234827,0.5743870310008325,0.5853045276285552,0.5845536583789008
2022021235,20222023,2023-04-04,2,1,0.4268381669420796,0.4924540666127928,0.4369581752082747,0.39259705557086577,0.45095927004709835
2022021236,20222023,2023-04-04,2,0,0.7591530985341658,0.7274346553692201,0.7325516501388876,0.7456331172236859,0.799274528239924
2022021237,20222023,2023-04-04,2,0,0.5065512524745228,0.5294659795071784,0.5190886129538685,0.501640697424633,0.49892444704506683
2022021238,20222023,2023-04-04,2,0,0.4891316228286138,0.5434430503428194,0.5011718626455965,0.4964595076516315,0.46976349818861335
2022021239,20222023,2023-04-04,2,0,0.36638824944954046,0.3178564709580131,0.41414137369232373,0.2506101239956588,0.43441325066063885
2022021240,20222023,2023-04-05,2,0,0.5150534295281658,0.5693255369394102,0.5176557353990818,0.5189955619627161,0.5085089912226995
2022021241,20222023,2023-04-05,2,1,0.5581818070608927,0.5815565958879638,0.5472057198073982,0.5683401480494565,0.5589995533258234
2022021242,20222023,2023-04-05,2,0,0.3419300617497985,0.3055788807928335,0.4216484423575025,0.23465618037099012,0.3694855625209029
2022021243,20222023,2023-04-06,2,1,0.7572322307045868,0.7341491425287495,0.7351869042054106,0.8015329014373198,0.7349768864710299
2022021244,20222023,2023-04-06,2,1,0.5726676274052882,0.5105760883407647,0.5790495580658973,0.558731468966271,0.5802218551836963
2022021245,20222023,2023-04-06,2,1,0.5901096351139391,0.6485720692708684,0.5971559943649382,0.5954289386559495,0.5777439723209297
2022021246,20222023,2023-04-06,2,1,0.6129030836722844,0.6745911579227032,0.6174291328864726,0.6152424102738685,0.6060377078565122
2022021247,20222023,2023-04-06,2,1,0.4105098289396423,0.467054083288171,0.4416166993201533,0.40039750110906985,0.3895152863897037
2022021248,20222023,2023-04-06,2,0,0.5121921608433738,0.5530905521663911,0.4979583424545628,0.49989156752396174,0.5387265725515967
2022021249,20222023,2023-04-06,2,1,0.5216699211222555,0.4982343305640587,0.47544451713643815,0.5633670646510884,0.5261981815792399
2022021250,20222023,2023-04-06,2,1,0.36967977454371487,0.4581597136256279,0.430479888422092,0.34896577507326293,0.32959366013578967
2022021251,20222023,2023-04-06,2,1,0.45022262665000373,0.4516310639455071,0.4448430749506436,0.43942379707699963,0.46640100792236805
2022021252,20222023,2023-04-06,2,1,0.7076690921334595,0.7197922047896139,0.7169337546314918,0.700337900809303,0.7057356209595836
2022021253,20222023,2023-04-06,2,1,0.6790811178325712,0.7016909305414664,0.7079216233103941,0.6872074205643897,0.6421143096229298
2022021254,20222023,2023-04-06,2,1,0.6802469118919499,0.6794439724792,0.6724988886787238,0.6594591345368237,0.7087827124603023
2022021255,20222023,2023-04-06,2,1,0.537000595900058,0.5895451512020331,0.525914029656189,0.5511136250554611,0.5339741329885237
2022021256,20222023,2023-04-06,2,0,0.36187055232091736,0.3142688202614984,0.4310319385058621,0.23639237326959592,0.41818734518729406
2022021257,20222023,2023-04-08,2,1,0.371667642304003,0.4400024779542954,0.4252759150089112,0.3553393348279466,0.33438767707515105
2022021258,20222023,2023-04-08,2,1,0.5991555851294819,0.6401981441107826,0.576358324876029,0.6009045238855267,0.62020390662689
2022021259,20222023,2023-04-08,2,0,0.3755386434227069,0.3237542150486122,0.42930295053148215,0.2667087991679781,0.4306041805686605
2022021260,20222023,2023-04-08,2,1,0.6069826241952643,0.6138398345914902,0.5923789604917429,0.667908654901086,0.5606602571929639
2022021261,20222023,2023-04-08,2,0,0.4806519726164263,0.4871257757284883,0.4777532168113559,0.49921638751119846,0.4649863135267246
2022021262,20222023,2023-04-08,2,1,0.7360630874474127,0.7507097821225488,0.7205198893502892,0.7417330532796598,0.7459363197122891
2022021263,20222023,2023-04-08,2,0,0.310250632997077,0.3273455389555908,0.409975453753588,0.20297073937157376,0.31780570586606927
2022021264,20222023,2023-04-08,2,1,0.6171076296636778,0.5755901736196363,0.5875574165151026,0.657949832437135,0.6058156400387958
2022021265,20222023,2023-04-08,2,1,0.5644479761947115,0.7136958410857476,0.6043841775418757,0.6125799255351193,0.4763798255071396
2022021266,20222023,2023-04-08,2,0,0.4338702382028794,0.5002951619362416,0.451266907801612,0.4154433919169565,0.4349004148900696
2022021267,20222023,2023-04-08,2,1,0.5000851682645391,0.4561533257761293,0.48221916874550985,0.5194842377899328,0.49855209825817465
2022021268,20222023,2023-04-08,2,1,0.6964233201805925,0.694501794807809,0.6932196004007185,0.6960936529220533,0.6999567072190059
2022021269,20222023,2023-04-08,2,1,0.5239404849577952,0.5571273686793063,0.5134463435517224,0.5441743353292275,0.5142007759924359
2022021270,20222023,2023-04-08,2,1,0.43588114360823704,0.52298016390623,0.45148115039314635,0.4157704790068285,0.4403918014247364
2022021271,20222023,2023-04-08,2,1,0.7322709359791918,0.7214545298311413,0.7231018220055907,0.7501420481034341,0.7235689378285507
2022021272,20222023,2023-04-08,2,0,0.4836309995248147,0.4896347879179367,0.4940361471532857,0.44347219577666,0.5133846556444983
2022021273,20222023,2023-04-09,2,0,0.35085943555387766,0.2723804862691193,0.4030534631442662,0.2712843540035273,0.3782404895138394
2022021274,20222023,2023-04-09,2,0,0.3109564992446053,0.2791427700088219,0.4017579117656917,0.1566795271183293,0.3744320588497948
2022021275,20222023,2023-04-10,2,0,0.6440405920365349,0.695767051494404,0.6373987412704296,0.6434693503692078,0.6512536844699669
2022021276,20222023,2023-04-10,2,1,0.4667092380926469,0.4441138385075468,0.48128265469710846,0.46146645466926045,0.4573786049115719
2022021277,20222023,2023-04-10,2,1,0.4966541677370316,0.5111250828406697,0.5198994987127643,0.5438760683404841,0.42618693615784625
2022021278,20222023,2023-04-10,2,1,0.7349312165386382,0.7214337924688445,0.7047678914192411,0.7331646690061251,0.7668610891905489
2022021279,20222023,2023-04-10,2,0,0.450875344104646,0.5432358600023807,0.4798212203231568,0.4204597780913923,0.452345033899389
2022021280,20222023,2023-04-10,2,0,0.41675080636448797,0.4463688281839131,0.46453752703532564,0.37786720405997204,0.4078476879981662
2022021281,20222023,2023-04-10,2,0,0.3952412126435582,0.3544125226958442,0.4235148151380736,0.33966612451972344,0.4225426982728775
2022021282,20222023,2023-04-10,2,0,0.6779104628394385,0.5913309479904375,0.6248489023835575,0.702783435222096,0.7060990509126618
2022021283,20222023,2023-04-10,2,0,0.384757260309279,0.4233167453989954,0.42798401753059745,0.34168791002324367,0.38459985337399577
2022021284,20222023,2023-04-10,2,1,0.6050666246416684,0.6330495340600587,0.5944391211333011,0.6217400610527152,0.5990206917389889
2022021285,20222023,2023-04-11,2,1,0.6496962070233487,0.6309062286390387,0.6275984387212616,0.6740003266284741,0.6474898557203103
2022021286,20222023,2023-04-11,2,0,0.7556545732760699,0.7332865397278272,0.7218211652500212,0.7421618446533446,0.8029807099248437
2022021287,20222023,2023-04-11,2,1,0.6314049484038569,0.6038149546212491,0.6188399845143048,0.6629798942249527,0.6123949664723132
2022021288,20222023,2023-04-11,2,1,0.6997798579920703,0.7210207742396081,0.6762406571425423,0.7253256335301255,0.6977732833035433
2022021289,20222023,2023-04-11,2,0,0.5303522194225834,0.5505181923670232,0.5102527501653494,0.5628553324389142,0.5179485756634865
2022021290,20222023,2023-04-11,2,1,0.7520237781143679,0.7718991971138403,0.6896626894368838,0.7898726296414694,0.7765360152647507
2022021291,20222023,2023-04-11,2,0,0.5030584768594188,0.6247343569396862,0.5161476940506847,0.49505355345712826,0.49797418307044355
2022021292,20222023,2023-04-11,2,0,0.5599519974875715,0.5909025383558292,0.5544729946944156,0.5545964170231256,0.5707865807451733
2022021293,20222023,2023-04-11,2,1,0.5588537054799422,0.6155733421370926,0.5820028025981414,0.5519218747382413,0.5426364391034441
2022021294,20222023,2023-04-11,2,0,0.3963607118249292,0.4198624727764111,0.43507097360710906,0.37299397484058283,0.3810171870270957
2022021295,20222023,2023-04-12,2,1,0.6910670601037167,0.701635120353585,0.6900491140165145,0.6962041049508255,0.68694796134381
2022021296,20222023,2023-04-12,2,0,0.4136578313859329,0.4907424797823545,0.44834842009032183,0.385418848552079,0.4072062255153978
2022021297,20222023,2023-04-12,2,1,0.7539500377884035,0.7268229448132117,0.7324838069749053,0.7596432771413679,0.7697230292489371
2022021298,20222023,2023-04-13,2,0,0.3108385624122074,0.2606979038359076,0.41947561597861005,0.1811670437466851,0.3318730275113271
2022021299,20222023,2023-04-13,2,0,0.44720261418222323,0.5305767746441501,0.4853024952667479,0.4581971592404646,0.3981081880394573
2022021300,20222023,2023-04-13,2,1,0.6838292568566441,0.7018434682025378,0.6837521166687778,0.6806356854898961,0.6870999684112584
2022021301,20222023,2023-04-13,2,0,0.3962117472144691,0.4939598530501459,0.41258114276576774,0.4316165372586708,0.3444375616189689
2022021302,20222023,2023-04-13,2,1,0.4293880734590547,0.5712286656972065,0.4890675160700378,0.3901182080101656,0.4089784962969608
2022021303,20222023,2023-04-13,2,1,0.32363313576409897,0.406025567809736,0.3964495164916544,0.24516537631532254,0.3292845144853201
2022021304,20222023,2023-04-13,2,0,0.5352681008568242,0.578336699839183,0.5399130964762144,0.5391957955728784,0.5266954105213795
2022021305,20222023,2023-04-13,2,1,0.43893860032194315,0.5107450342889767,0.4610994665801511,0.42576835841899646,0.42994797596668194
2022021306,20222023,2023-04-13,2,0,0.4821723488749403,0.540655137372391,0.4643734589375239,0.5173295750633596,0.46481401262393734
2022021307,20222023,2023-04-13,2,1,0.6156506240522873,0.6603152973864207,0.6124015349876961,0.6235906480962043,0.6109596890729616
2022021308,20222023,2023-04-13,2,1,0.8131044834872899,0.8014261971133277,0.7453231134335558,0.8583708710640128,0.8356194659643015
2022021309,20222023,2023-04-13,2,1,0.6075379992298003,0.6697272708066564,0.577802118896222,0.6391413817324895,0.6056704970606896
2022021310,20222023,2023-04-13,2,0,0.32350672260769353,0.347625773349405,0.4096100834392474,0.23346426372626816,0.32744582065756506
2022021311,20222023,2023-04-13,2,0,0.45970608159818926,0.4617916360839973,0.4579259106976684,0.46001463542456017,0.46117769867233915
2022021312,20222023,2023-04-13,2,0,0.5407900873739143,0.5163781671759244,0.49875908329694074,0.5511829147610536,0.5724282640637484
2022020320,20222023,2023-04-14,2,0,0.3436514527136356,0.447303107941211,0.3901537257491929,0.29697125128601143,0.34382938110570244
2022020547,20222023,2023-04-14,2,0,0.32822948151967674,0.4445757027622291,0.4044165751878434,0.2764836190373048,0.30378825033388207
2022030111,20222023,2023-04-17,3,1,0.6311683661941404,0.7149604859866936,0.6205629551559568,0.6498350628967114,0.6231070805297526
2022030131,20222023,2023-04-17,3,1,0.6272960088986977,0.6487523670263136,0.6051436051986261,0.6571138342786995,0.6196305872187677
2022030161,20222023,2023-04-17,3,0,0.5811214441744688,0.5882054016274756,0.5667838866085424,0.6321191189799695,0.5444613269348945
2022030181,20222023,2023-04-17,3,0,0.5934882821309694,0.6375708757546898,0.5782394896291289,0.6127061623388212,0.589519194424958
2022030121,20222023,2023-04-18,3,0,0.563271073095639,0.5992836368574329,0.5812684664361262,0.5421415483509623,0.5664032044998284
2022030141,20222023,2023-04-18,3,0,0.4827989744576279,0.5223953244013504,0.4740929180285994,0.4908855941203289,0.4834184112239555
2022030151,20222023,2023-04-18,3,0,0.5857235246700795,0.6830044519694927,0.5770267416183975,0.608475266559599,0.5716685658322419
2022030171,20222023,2023-04-18,3,0,0.5137295453138918,0.6305209938265103,0.5068070958803388,0.5442379860944369,0.4901435539668997
2022030112,20222023,2023-04-19,3,0,0.6085229143862986,0.7208249101522002,0.6162557679058688,0.601518972121574,0.607794003131453
2022030132,20222023,2023-04-19,3,1,0.6226576825331721,0.6540211699494802,0.6081597521975635,0.6344863767988804,0.6253269186030724
2022030162,20222023,2023-04-19,3,1,0.6048043607222179,0.5779594828788219,0.5758800809852079,0.6598977816774332,0.5786352195040128
2022030182,20222023,2023-04-19,3,1,0.6363801457334745,0.6267508959139104,0.6114423434333416,0.6717713624462122,0.6259267313208695
2022030122,20222023,2023-04-20,3,1,0.5683536114608945,0.5768142709396028,0.5718753093150284,0.5671219749178041,0.5660635501498509
2022030142,20222023,2023-04-20,3,0,0.5089548854288637,0.5027330335501464,0.48649304165472784,0.5447553296160002,0.49561628501586297
2022030152,20222023,2023-04-20,3,1,0.5905985622990891,0.665436190365869,0.5436944913867366,0.6436358666993534,0.5844653288111776
2022030172,20222023,2023-04-20,3,1,0.5231240722192979,0.6072343082788669,0.49566482749175056,0.5555441371973637,0.5181632519687794
2022030113,20222023,2023-04-21,3,0,0.41358895324385153,0.4332196897498955,0.41941993214171025,0.39615630614886327,0.4251906214409811
2022030133,20222023,2023-04-21,3,1,0.466736431246418,0.4790303797322034,0.45426044342003263,0.5007182929499555,0.4452305573692659
2022030163,20222023,2023-04-21,3,1,0.45177474490953995,0.5497785282599051,0.46859018559785215,0.4441323083320133,0.4426017407987544
2022030183,20222023,2023-04-21,3,1,0.45390280393165466,0.5045470993807825,0.4664571805273601,0.4286488921669985,0.46660233910060545
2022030123,20222023,2023-04-22,3,0,0.48099085322682594,0.5495781157377142,0.48114868498107627,0.49687633127809727,0.46494754342130445
2022030143,20222023,2023-04-22,3,0,0.4921112872566484,0.654743258970745,0.5085342513080191,0.48968062485276687,0.4781189856091591
2022030153,20222023,2023-04-22,3,0,0.4549505531289646,0.4665654081625183,0.4630472641826638,0.42390620025868964,0.47789819494554037
2022030173,20222023,2023-04-22,3,0,0.5443615785525134,0.5223846631438637,0.5342824061150631,0.5430532878037172,0.5557490417387602
2022030114,20222023,2023-04-23,3,0,0.44254538140564154,0.4218675096696028,0.44626573512469103,0.45010265739648525,0.4312677516957483
2022030134,20222023,2023-04-23,3,0,0.49307186059204366,0.4986320621544791,0.45830370305022317,0.5370334515963626,0.48387842712954515
2022030164,20222023,2023-04-23,3,0,0.4836091036677909,0.5661044009186358,0.5008534588085437,0.4647527200628204,0.48522113213200857
2022030184,20222023,2023-04-23,3,0,0.43369215102231035,0.5131384584160462,0.4764915610089306,0.41139290126279143,0.41319199079520896
2022030124,20222023,2023-04-24,3,0,0.5315821419234753,0.5399446928793572,0.5056179658219121,0.5838701071806933,0.5052583527678203
2022030144,20222023,2023-04-24,3,0,0.540818025752166,0.643788711655835,0.5430552897636988,0.5725679304261433,0.5068308570666559
2022030154,20222023,2023-04-24,3,1,0.46814484605429957,0.4540158793121538,0.4605556320475659,0.4699285739022945,0.4739503322130383
2022030174,20222023,2023-04-24,3,0,0.539245463364373,0.5132517079297385,0.49570812046600077,0.5747416830050064,0.547286586622112
2022030135,20222023,2023-04-25,3,0,0.6001988075007979,0.6564161581075945,0.5904867983191381,0.6157287774873963,0.5943808466958596
2022030165,20222023,2023-04-25,3,1,0.5940301847919259,0.5865978299650166,0.5921511405301181,0.6049069775516165,0.5850324362940431
2022030185,20222023,2023-04-25,3,1,0.6530923261912641,0.6361977329485611,0.6245029904743167,0.6970501772918701,0.6377238108076054
2022030115,20222023,2023-04-26,3,0,0.6237239485283993,0.7215568306380823,0.6180129918237944,0.6253078075640006,0.6278510461974028
2022030155,20222023,2023-04-26,3,0,0.6039249528822456,0.6729504407758156,0.6112480482117612,0.628168347830638,0.5723584626043375
2022030125,20222023,2023-04-27,3,0,0.5608075930468478,0.6114863299950408,0.5737383023563353,0.5771198037302591,0.531564673053949
2022030145,20222023,2023-04-27,3,1,0.5262821927081266,0.5145015818597715,0.5139708187009852,0.5421331278767765,0.5227426315466182
2022030175,20222023,2023-04-27,3,1,0.5531092499166266,0.6408570926356675,0.5568951066597305,0.5833668904889641,0.5190657526011854
2022030116,20222023,2023-04-28,3,1,0.37889251634302396,0.4201866177291891,0.42757682625778676,0.32339114443469785,0.3857095783365873
2022030136,20222023,2023-04-28,3,0,0.4510614758021318,0.4941367103650875,0.45111544552708094,0.4526835912587715,0.44938539062054295
2022030156,20222023,2023-04-28,3,0,0.4705524061352649,0.4759926380083347,0.4466311920570672,0.5086667652802812,0.45635926106844626
2022030166,20222023,2023-04-28,3,0,0.4912577473729139,0.5413289642771655,0.5057914090498536,0.46824151753714627,0.49974031553174175
2022030126,20222023,2023-04-29,3,0,0.5290645891822233,0.5477841182576475,0.5334656875293833,0.5485658356091143,0.5051622444081723
2022030146,20222023,2023-04-29,3,1,0.5491507720672789,0.6095413533998234,0.5539713432528655,0.5750989945661753,0.5183819783827958
2022030186,20222023,2023-04-29,3,0,0.4201579759664704,0.4926451801513496,0.45107520731473805,0.3836125016071552,0.42578621897751806
2022030117,20222023,2023-04-30,3,0,0.6411817097411356,0.6968575027384447,0.6263139667530062,0.657625703866712,0.6396054586036888
2022030157,20222023,2023-04-30,3,0,0.6167254761556302,0.6757932765113563,0.6100379286068935,0.6256626055277532,0.6144758943322438
2022030147,20222023,2023-05-01,3,1,0.5180236004868598,0.5200518933264214,0.49936724353398637,0.5133752184759508,0.5413283394506422
2022030211,20222023,2023-05-02,3,0,0.5329633731042219,0.6056114142228287,0.5580845306428991,0.5115779131405156,0.5292276755292512
2022030231,20222023,2023-05-02,3,0,0.6058122741170098,0.6373918174531269,0.6042992442124646,0.6353973908058806,0.577740187332684
2022030221,20222023,2023-05-03,3,1,0.6138122137052259,0.6181111791574906,0.5953139865205817,0.6217036577704417,0.6244189968246543
2022030241,20222023,2023-05-03,3,1,0.45512813583402006,0.5364548897431713,0.47205691625422225,0.42184507528116577,0.4714824159666721
2022030212,20222023,2023-05-04,3,0,0.5462618398750758,0.5890600319860989,0.5517384676899976,0.5668294755546195,0.5202175763806103
2022030232,20222023,2023-05-04,3,1,0.6257158066891443,0.6265734313125381,0.5969537073323353,0.6934443329726505,0.5867493797624472
2022030222,20222023,2023-05-05,3,1,0.5857686696279232,0.6309750344042772,0.5882989269152007,0.596868965957992,0.5721381160105768
2022030242,20222023,2023-05-06,3,0,0.4120495229697158,0.5488982605014322,0.4536823670935916,0.37411816072776266,0.4083480410877932
2022030213,20222023,2023-05-07,3,1,0.4919874394336599,0.5640926184129739,0.5502667009785042,0.4114089749071262,0.5142866424153493
2022030223,20222023,2023-05-07,3,1,0.5067162574801422,0.495479540961944,0.4864320098786398,0.5352967820640202,0.49841998049776653
2022030233,20222023,2023-05-07,3,1,0.4800082167762661,0.5047314604295184,0.4445750942504197,0.4738394704188015,0.5216100856595771
2022030243,20222023,2023-05-08,3,0,0.6215811961086645,0.613699028510957,0.6237839117240274,0.5818445423305071,0.6591151342714592
2022030224,20222023,2023-05-09,3,0,0.4987114024988502,0.5143640077434372,0.5058664954845418,0.529693095488244,0.46057461652376486
2022030234,20222023,2023-05-09,3,0,0.4716643974609926,0.5247878820017995,0.46094343911357893,0.44712405260950383,0.506925700659895
2022030214,20222023,2023-05-10,3,0,0.5039320321074291,0.5713676117463561,0.5494528060347328,0.401555258414735,0.5607880318728197
2022030244,20222023,2023-05-10,3,1,0.6476880643475695,0.5908252886284056,0.6237839117240274,0.6194350009706416,0.6998452803480397
2022030225,20222023,2023-05-11,3,1,0.5713090625595237,0.6461411268525535,0.5892294632753636,0.5843387094540451,0.5403590149491626
2022030235,20222023,2023-05-11,3,1,0.6078671712895521,0.6333830860781526,0.6063875301522668,0.643579186532682,0.5736347971837075
2022030215,20222023,2023-05-12,3,0,0.5828867335434849,0.5814941059006856,0.6032440488192288,0.5599018974377274,0.5855142543734982
2022030245,20222023,2023-05-12,3,1,0.48152325235710025,0.5388028305616256,0.482101374024944,0.48698997712533815,0.47547840592101853
2022030236,20222023,2023-05-13,3,1,0.4623083131227223,0.4955792687447533,0.4591923319012761,0.414718609538619,0.5130139979282716
2022030246,20222023,2023-05-14,3,0,0.598937337222758,0.5959190474577518,0.606044354229927,0.5244436846608123,0.6663239727775346
2022030237,20222023,2023-05-15,3,1,0.5308843124858112,0.6285924506914764,0.5914878418128104,0.5093235809054186,0.49184151473920484
2022030311,20222023,2023-05-18,3,0,0.6030689316341332,0.6086424034158664,0.613928575211697,0.5773200709103469,0.6179581487803557
2022030321,20222023,2023-05-19,3,1,0.5219134547440988,0.5868390569249777,0.5514359410916394,0.5089050027754917,0.5053994203651653
2022030312,20222023,2023-05-20,3,0,0.6268269533058505,0.5981275018250704,0.5992045336508874,0.6116973115723271,0.6695790146943368
2022030322,20222023,2023-05-21,3,1,0.5139471772984147,0.5935825977752525,0.5587503826659195,0.48201435391643593,0.5010767953128886
2022030313,20222023,2023-05-22,3,1,0.3933697544256504,0.5550242002880006,0.5220854645560541,0.3259109611884288,0.3321128375324682
2022030323,20222023,2023-05-23,3,0,0.5640997804826088,0.5422704180505705,0.49800626248790275,0.5826551000211122,0.6116379789388116
2022030314,20222023,2023-05-24,3,1,0.43785915834069983,0.5625076837192836,0.5559367792723655,0.3543440088022113,0.4032966869475225
2022030324,20222023,2023-05-25,3,1,0.5655919810717337,0.5217916249369062,0.5359578625638853,0.5813895152038792,0.5794285654474366
2022030325,20222023,2023-05-27,3,0,0.5135974321739321,0.6119310717827462,0.5541706807276547,0.48654572765039217,0.5000758881437494
2022030326,20222023,2023-05-29,3,0,0.5510029818511304,0.5473356433153952,0.5477717739987613,0.5312843259785835,0.5739528455760463
2022030411,20222023,2023-06-03,3,1,0.5960616444308425,0.5908646485272119,0.6121397389506179,0.5630883249830962,0.6129568693588135
2022030412,20222023,2023-06-05,3,1,0.536484905861122,0.6035500727013048,0.5399845545624398,0.5227232156335145,0.5467469473874119
2022030413,20222023,2023-06-08,3,1,0.5639901077948024,0.5232818649943709,0.5481858498470806,0.5503774225103103,0.5934070510270164
2022030414,20222023,2023-06-10,3,0,0.5717688935336949,0.5314741747463854,0.5594901614780188,0.5677707460516266,0.5880457730714392
2022030415,20222023,2023-06-13,3,1,0.5415490030537812,0.6193793946139245,0.542998190599005,0.5173849629215984,0.56426385564074
2023020001,20232024,2023-10-10,2,1,0.6777906193259601,0.6163569170153446,0.625856728501068,0.6882793007211543,0.7192358287556577
2023020002,20232024,2023-10-10,2,0,0.6687000753587342,0.6755351038566021,0.6750690415218815,0.6448500005692688,0.6861811839850526
2023020003,20232024,2023-10-10,2,1,0.5928391376136832,0.6515586398657324,0.6013278258826071,0.5745050823069242,0.6026845046515183
2023020004,20232024,2023-10-11,2,1,0.5885166736902755,0.6602543837542897,0.5552056229834925,0.6064597132004343,0.6038846848868996
2023020005,20232024,2023-10-11,2,1,0.6897004783457298,0.7076485376060256,0.6541819388791037,0.6820498698801707,0.7328696262779151
2023020006,20232024,2023-10-11,2,1,0.7530036872945081,0.7712140192958707,0.6717991795225233,0.8295149654810868,0.757696916879914
2023020007,20232024,2023-10-11,2,1,0.6091858644053328,0.5778465513012067,0.5894352412579081,0.6131141356221527,0.6250082163359378
2023020008,20232024,2023-10-11,2,0,0.5140072861740421,0.5133275089041304,0.5053495196860545,0.5059469458689193,0.5307253929671524
2023020009,20232024,2023-10-11,2,1,0.355912879239814,0.4778322648327416,0.3811347304820923,0.35901333982056904,0.3275905674167808
2023020010,20232024,2023-10-12,2,0,0.4457987300235122,0.4955472176126312,0.4246600413936696,0.46137491332881725,0.4513612353480499
2023020011,20232024,2023-10-12,2,0,0.4166062565499155,0.5410271793428402,0.4264422568768896,0.4278684462729194,0.3955080664999375
2023020012,20232024,2023-10-12,2,1,0.6290614671819504,0.6502774113315508,0.6238093748402618,0.624812879781182,0.6385621469244073
2023020013,20232024,2023-10-12,2,1,0.6398377928085882,0.6359700596063925,0.6506690318132007,0.6178360333043197,0.6510083133082442
2023020014,20232024,2023-10-12,2,1,0.5334394916381501,0.5462538998636195,0.5206293002213742,0.5409696478891514,0.5387195268039247
2023020015,20232024,2023-10-12,2,1,0.509509994259203,0.5559423087512548,0.5138364354326619,0.5141436859752587,0.5005498613696885
2023020016,20232024,2023-10-12,2,0,0.4514575679437424,0.3548488867249408,0.43126232640174117,0.3872069098307878,0.5359034675986982
2023020017,20232024,2023-10-13,2,0,0.5544142576441285,0.6892745598577606,0.6384149264409801,0.4929140103889756,0.5319138361024297
2023020018,20232024,2023-10-13,2,0,0.48904341259097955,0.5498410701804549,0.43982502118503525,0.5735297638753976,0.45377545271250586
2023020019,20232024,2023-10-14,2,1,0.6189308697785979,0.6187580343121342,0.6425614433389596,0.5488074007332657,0.6654237652635687
2023020020,20232024,2023-10-14,2,1,0.5514213344425513,0.5210997050261034,0.5271263230109858,0.5663435333250069,0.5607941469916613
2023020021,20232024,2023-10-14,2,1,0.7023577858871297,0.6934945310843436,0.6774975206340418,0.7364673873453398,0.6931084496820078
2023020022,20232024,2023-10-14,2,1,0.34760387228668627,0.3866958417493875,0.4082728132324958,0.2581158205924496,0.3764229830351133
2023020023,20232024,2023-10-14,2,1,0.37038046800547236,0.4616776863824695,0.4001404183773693,0.32165782991631814,0.38934315572272976
2023020024,20232024,2023-10-14,2,1,0.5439699608647862,0.5805492780490401,0.5325999134126524,0.5303118624879822,0.5689981066937243
2023020025,20232024,2023-10-14,2,1,0.44130111239103514,0.5608773123928533,0.49994662517125804,0.3496365183890012,0.47432019361284616
2023020026,20232024,2023-10-14,2,1,0.6005694854022123,0.5963270884925689,0.5977184093246704,0.5959233809815937,0.6080666659003732
2023020027,20232024,2023-10-14,2,1,0.6327348044710736,0.6038096597426981,0.6233196366045503,0.6654971672390262,0.6093876095696444
2023020028,20232024,2023-10-14,2,1,0.5154785806729386,0.5466437460059367,0.4828578507713895,0.5350502263335459,0.5285276649138805
2023020029,20232024,2023-10-14,2,0,0.608135178457256,0.6428699160862078,0.6266538317009637,0.5876731231682752,0.6100785805025288
2023020030,20232024,2023-10-14,2,0,0.33427502862249664,0.3634292529691473,0.385470473254898,0.25867511464103166,0.3586794979715602
2023020031,20232024,2023-10-14,2,1,0.7218158723743467,0.7788986350048709,0.7074597415959583,0.7388393399069929,0.7191485356200888
2023020032,20232024,2023-10-14,2,0,0.4352992404086789,0.5154371400428003,0.4726787769188671,0.3710406149487881,0.4621783293583815
2023020033,20232024,2023-10-15,2,1,0.4917964017114376,0.5064139716133239,0.5263562913142598,0.45996439739285566,0.48906851642719756
2023020034,20232024,2023-10-15,2,1,0.2783936594325924,0.3607371096137939,0.34678835655600176,0.2024547548520512,0.2859378668897243
2023020035,20232024,2023-10-16,2,0,0.3679380523798275,0.5149721069095429,0.4021891997441486,0.3503427110219005,0.3512822463734334
2023020036,20232024,2023-10-16,2,0,0.49505120500942096,0.5499830337865269,0.4737782838684975,0.512053669694867,0.4993216614648983
2023020037,20232024,2023-10-16,2,1,0.6456376329289873,0.7138958468455148,0.6450201978057558,0.6279360819912546,0.6639566189899516
2023020038,20232024,2023-10-16,2,0,0.7127725576891647,0.7248081377092404,0.665810956270177,0.7681930632954256,0.7043136535018915
2023020039,20232024,2023-10-16,2,1,0.4045276889085693,0.5281938301805889,0.4529787556892189,0.37228571188891524,0.3883185991475736
2023020040,20232024,2023-10-17,2,1,0.4776653900529322,0.5095220957895343,0.5026514978222416,0.48734401001364747,0.44300066232290736
2023020041,20232024,2023-10-17,2,0,0.4204107835030561,0.4528947001977271,0.44657559057019364,0.3679077648379048,0.4467489951010698
2023020042,20232024,2023-10-17,2,1,0.5085649672685525,0.4955749631453431,0.47504441348702126,0.48754641255719755,0.5631040757614387
2023020043,20232024,2023-10-17,2,1,0.6610347355593913,0.6746013929306794,0.6147615167113579,0.6767610069389688,0.6915816830278472
2023020044,20232024,2023-10-17,2,0,0.3726934341825989,0.5094852233192488,0.4389947081312349,0.37715280646981825,0.3019327879467436
2023020045,20232024,2023-10-17,2,0,0.5538222216337203,0.5605701613218157,0.5630511087181728,0.5538014151760945,0.5446141410068936
2023020046,20232024,2023-10-17,2,0,0.4521428391589022,0.4811551933612932,0.4467550321586061,0.4110108102175261,0.49866267510057416
2023020047,20232024,2023-10-17,2,0,0.342419364920372,0.3809397275583226,0.41131940348467605,0.2867078867146788,0.32923080456176124
2023020048,20232024,2023-10-17,2,1,0.5771203175875986,0.6281097414911407,0.5456918061682683,0.6289980804765845,0.5566710661179431
2023020049,20232024,2023-10-18,2,1,0.6630961485245875,0.5883135388294564,0.6314163396508685,0.6707100384314653,0.6871620674914288
2023020050,20232024,2023-10-18,2,1,0.48893175669930095,0.5164247162335516,0.49805073571549213,0.5020998791603752,0.46664465522203535
2023020051,20232024,2023-10-19,2,0,0.42527153109384946,0.5453018166975135,0.4529568848958099,0.4210367678131564,0.4018209405725821
2023020052,20232024,2023-10-19,2,1,0.5614457892107166,0.5657501641812531,0.5295770148107122,0.554642275149592,0.6001180776718456
2023020053,20232024,2023-10-19,2,0,0.6509400396968924,0.6409529537827198,0.6321247502480392,0.6562974069696694,0.6643979618729688
2023020054,20232024,2023-10-19,2,1,0.36446354470770137,0.4277144294000619,0.4069327412453844,0.32613959435284634,0.3603182985248735
2023020055,20232024,2023-10-19,2,1,0.6264795258172218,0.6135398108546207,0.5910021132946864,0.6294582613191639,0.658978202837815
2023020056,20232024,2023-10-19,2,0,0.5269105189573949,0.5821416443490112,0.5342767201935515,0.5187934678566433,0.5276613688219901
2023020057,20232024,2023-10-19,2,0,0.5464942023992064,0.6492248039176617,0.5521604690192632,0.5384021553434203,0.5489199828349356
2023020058,20232024,2023-10-19,2,0,0.5143537965540236,0.4530867035734092,0.4884269107392296,0.5056015702542168,0.5490329086686244
2023020059,20232024,2023-10-19,2,0,0.3460336849552017,0.3958118084227148,0.41571215627463887,0.2696542179761887,0.3527346806147775
2023020060,20232024,2023-10-19,2,1,0.38981227351441666,0.4934880817177584,0.4008197724955251,0.4156008495805328,0.353016198467192
2023020061,20232024,2023-10-19,2,1,0.7347988598606398,0.7440376979949656,0.6728272768430689,0.7859708062336409,0.7455984965052098
2023020062,20232024,2023-10-19,2,0,0.3020292616153601,0.3168480734936053,0.38514734017938745,0.16527994073410382,0.3556605039325891
2023020063,20232024,2023-10-20,2,1,0.3389801523428109,0.444265354795031,0.34478470778041787,0.3643872410182784,0.30776850822973667
2023020064,20232024,2023-10-20,2,0,0.6018006475027922,0.5690430638366327,0.5828147772338486,0.6567527224318731,0.5658344428426547
2023020065,20232024,2023-10-21,2,0,0.6046917996578209,0.6022640038280784,0.6293328202846138,0.5921939872292235,0.5925485914596256
2023020066,20232024,2023-10-21,2,1,0.6279316240973717,0.611888712052221,0.652823659062696,0.6021708095279995,0.6288004037014195
2023020067,20232024,2023-10-21,2,1,0.5611274205192079,0.5346671002429433,0.5251010533195158,0.5596023352597991,0.5986788729783091
2023020068,20232024,2023-10-21,2,0,0.6423077656849384,0.633333556144974,0.6137430997934333,0.6584933494236419,0.6546868478377401
2023020069,20232024,2023-10-21,2,1,0.5217462390631405,0.5138476003579402,0.5121163843696113,0.48268756080926656,0.5704347720105438
2023020070,20232024,2023-10-21,2,0,0.5459745623249371,0.5592424686371767,0.5321485539801616,0.5097714066812031,0.5960037263134466
2023020071,20232024,2023-10-21,2,0,0.429015947227456,0.3580952004753845,0.41764918465638085,0.35721034448538674,0.5121883125406005
2023020072,20232024,2023-10-21,2,1,0.6474174169108825,0.6828135805086464,0.6183998841130045,0.6844285131027236,0.6394238535169192
2023020073,20232024,2023-10-21,2,0,0.732664356299765,0.6985412187132607,0.6793781960967533,0.7956467690329294,0.7229681037696122
2023020074,20232024,2023-10-21,2,1,0.7356387991078915,0.6931703115514672,0.6792102710519846,0.7932774761159034,0.7344286501557865
2023020075,20232024,2023-10-21,2,1,0.44864565438956916,0.542381015616768,0.435273432513679,0.43265450603022887,0.47800902462479966
2023020076,20232024,2023-10-21,2,1,0.5600790291605239,0.6056481279843718,0.5453732304452564,0.606146655550565,0.5287172014857501
2023020077,20232024,2023-10-21,2,0,0.592940081965614,0.6400601560582861,0.5811168694587047,0.5819594998702613,0.6157438765678763
2023020078,20232024,2023-10-21,2,0,0.4587687761150332,0.5197637202054665,0.4720895103352078,0.45766536135942765,0.4465514566504642
2023020079,20232024,2023-10-21,2,0,0.43870345870452837,0.4656613964596941,0.43680734495818796,0.44552215993661415,0.43378087121878295
2023020080,20232024,2023-10-22,2,1,0.37803878094811455,0.5373134617490862,0.44190856388275807,0.3479463779032914,0.3442614010582943
2023020081,20232024,2023-10-22,2,0,0.358801217856586,0.3061436610323088,0.41210899820262886,0.24959901188365255,0.4146956434834765
2023020082,20232024,2023-10-23,2,0,0.5845099995817741,0.6411436602709623,0.6218166628683105,0.5319064041419674,0.5998069317350441
2023020083,20232024,2023-10-24,2,0,0.4000523340445035,0.4767907041094568,0.4174780803255468,0.37845500728102704,0.40422391452693696
2023020084,20232024,2023-10-24,2,0,0.519859465338994,0.5990019283233996,0.5477985536180044,0.49728144251949313,0.5144983998794842
2023020085,20232024,2023-10-24,2,0,0.6234991842822564,0.5821791991782715,0.6383693251802447,0.5740082719967874,0.6581199556697371
2023020086,20232024,2023-10-24,2,1,0.4072911036971881,0.5411304696471795,0.430373419364032,0.4508668523891123,0.34063303933842
2023020087,20232024,2023-10-24,2,0,0.40942202832912633,0.4635130736805975,0.4531485578758888,0.4148697080982369,0.36024781901325326
2023020088,20232024,2023-10-24,2,0,0.5125239257091175,0.5147388464159783,0.5091722982971777,0.5231405759896466,0.5052589028405283
2023020089,20232024,2023-10-24,2,1,0.77701450193778,0.7338322450925124,0.7447429698352307,0.799673777385906,0.7866267585922032
2023020090,20232024,2023-10-24,2,0,0.4582209622000375,0.4717039334258801,0.4504661138517657,0.5133395755081939,0.4108571972401529
2023020091,20232024,2023-10-24,2,0,0.49410546864969324,0.55098534765229,0.4897342433355932,0.4874773405980206,0.505104822015466
2023020092,20232024,2023-10-24,2,0,0.4057308254573853,0.3296520676592055,0.4258506419021926,0.3436233407450751,0.44771849372488837
2023020093,20232024,2023-10-24,2,1,0.60254811377094,0.587919328605807,0.6105464945040262,0.5834610160807697,0.6136368307280241
2023020094,20232024,2023-10-24,2,1,0.46076178759748393,0.5344684209519219,0.4490742012504956,0.4582386315657665,0.47497252997618983
2023020095,20232024,2023-10-24,2,0,0.5836343601363121,0.5801835589543616,0.5800053146262418,0.59457196125943,0.5763258045232644
2023020096,20232024,2023-10-24,2,0,0.5099712816687241,0.5059801640282069,0.48553460473847976,0.5090769821987516,0.5353022580689409
2023020097,20232024,2023-10-24,2,1,0.6448101951109088,0.676979986583417,0.6114818973139352,0.6850405713952695,0.6379081166235216
2023020098,20232024,2023-10-24,2,1,0.6673955847177432,0.7417261542311959,0.6649734854529717,0.7147399449185466,0.6224733237817112
2023020099,20232024,2023-10-25,2,0,0.6334899968662058,0.6445954058509229,0.6320645438879753,0.6213424132410863,0.6470630334695557
2023020100,20232024,2023-10-26,2,0,0.7648465850360661,0.805061357728875,0.7323895656340003,0.8231261428534279,0.73902404662077
2023020101,20232024,2023-10-26,2,1,0.6441768181600934,0.6269661842544516,0.6253758894682524,0.6507407345855858,0.6564138304264422
2023020102,20232024,2023-10-26,2,0,0.46138745817813415,0.5436005927058263,0.4963346083187563,0.4374079410177786,0.45041982519786766
2023020103,20232024,2023-10-26,2,1,0.6182145048381765,0.5907236406054945,0.6032614987646793,0.6596979119271263,0.591684103822724
2023020104,20232024,2023-10-26,2,1,0.4611582092285313,0.4750984184321684,0.46296008237576425,0.458513615066132,0.4620009302436977
2023020105,20232024,2023-10-26,2,1,0.4575571938320113,0.4495183977396947,0.4474242208888136,0.4784199943110829,0.4468273662961376
2023020106,20232024,2023-10-26,2,1,0.7653258832974421,0.7307677153048173,0.7244417877953123,0.7634051132682754,0.8081307488287384
2023020107,20232024,2023-10-26,2,1,0.443843679648204,0.5947159751241335,0.4946344433626636,0.4072906501350573,0.42960594544689107
2023020108,20232024,2023-10-26,2,0,0.572851031381048,0.573700002640578,0.5681701132046066,0.5640898458341373,0.5862931351044002
2023020109,20232024,2023-10-26,2,0,0.6657488932837715,0.5876972816181524,0.6398577192668288,0.6548995211641541,0.7024894394203316
2023020110,20232024,2023-10-26,2,0,0.5735194304582033,0.5557357645032068,0.5566094412704612,0.5819836167396774,0.5819652333644713
2023020111,20232024,2023-10-27,2,0,0.740764387650228,0.7707061387979193,0.6858541940596563,0.7774162241437793,0.7590227447472485
2023020112,20232024,2023-10-27,2,1,0.7913645158694956,0.7503410348338653,0.7367464705123768,0.8077225546763206,0.8296245224197893
2023020113,20232024,2023-10-27,2,1,0.5941173799451933,0.6122515413063816,0.5918898248737066,0.6014064232374521,0.5890558917244212
2023020114,20232024,2023-10-27,2,1,0.4984141727434179,0.5127722171445106,0.5354202967744256,0.5127937742803382,0.44702844717548995
2023020115,20232024,2023-10-27,2,0,0.4139910295016291,0.4510071204230025,0.4502214809650534,0.35936409913301215,0.4323875084068215
2023020116,20232024,2023-10-27,2,1,0.6333603798857428,0.5886939834145606,0.6082712525979413,0.6293642261298735,0.6624456609294136
2023020117,20232024,2023-10-28,2,0,0.6491800757430312,0.6313416656918117,0.6201575880180583,0.6655796748749447,0.6618029643360905
2023020118,20232024,2023-10-28,2,1,0.6225323909245496,0.620448671366065,0.6191728347994767,0.6212064765230418,0.6272178614511303
2023020119,20232024,2023-10-28,2,1,0.6765972881119472,0.7332701777329319,0.6280026652312126,0.7429305285412783,0.6588586705633506
2023020120,20232024,2023-10-28,2,0,0.4131010934262483,0.4540379747486622,0.44941137993598157,0.4096332002776682,0.38025870006509516
2023020121,20232024,2023-10-28,2,1,0.45601801994468677,0.4759769228144134,0.4661707428056418,0.44284766288708804,0.45903565414133035
2023020122,20232024,2023-10-28,2,1,0.4926119924398214,0.504731321312269,0.4641227045630174,0.5178060158150356,0.4959072569414113
2023020123,20232024,2023-10-28,2,0,0.5264550857838147,0.5958675445918663,0.5425929876090666,0.4665925161155826,0.5701797536267951
2023020124,20232024,2023-10-28,2,0,0.44510695686047724,0.5029115932849919,0.485955139582688,0.42861902382210376,0.4207467071766399
2023020125,20232024,2023-10-28,2,0,0.4865635759610372,0.4878938441696305,0.4857173813541518,0.5210012449987254,0.45297210153023454
2023020126,20232024,2023-10-29,2,1,0.40781137684182295,0.4435022217171947,0.4513644556914918,0.4124733851725092,0.3595962896614676
2023020127,20232024,2023-10-29,2,1,0.5822070657627901,0.580063236022965,0.6224060389911906,0.5236607475644366,0.6005544107327431
2023020128,20232024,2023-10-29,2,1,0.7152788472094849,0.673175008320307,0.6745026315124633,0.7216068911929816,0.74972701892301
2023020129,20232024,2023-10-29,2,1,0.5930916299575458,0.6304825710646466,0.5474276415429,0.6064544698502762,0.6253927784794612
2023020130,20232024,2023-10-30,2,1,0.5925480870939795,0.6630319636878089,0.574491080994277,0.6407464315330847,0.562406748754577
2023020131,20232024,2023-10-30,2,0,0.40434392710891537,0.4377174731685289,0.43867543758541194,0.37599232448184855,0.3983640192594857
2023020132,20232024,2023-10-30,2,0,0.6662032014819593,0.6720757857888215,0.6239746209463105,0.7029238385072573,0.6717111449923103
2023020133,20232024,2023-10-30,2,0,0.6041700413773495,0.6181367161468555,0.5811769444105122,0.6034264410850613,0.6279067386364752
2023020134,20232024,2023-10-30,2,0,0.5726700479528831,0.6175393386940555,0.5947756460821046,0.5743823050785763,0.5488521926979683
2023020135,20232024,2023-10-30,2,0,0.5210170528083363,0.4965014845626299,0.4861861514934277,0.5193545551134524,0.5575104518181291
2023020136,20232024,2023-10-30,2,1,0.7210045528817207,0.7274307408460358,0.6888648102275385,0.7432931691984216,0.7308556792192022
2023020137,20232024,2023-10-30,2,1,0.5841277479452324,0.579130699331781,0.5908510247216241,0.553276759857825,0.608255459256248
2023020138,20232024,2023-10-30,2,1,0.7119045653296275,0.753586209656099,0.6565312623768004,0.7647330285114361,0.7144494051006458
2023020139,20232024,2023-10-31,2,0,0.5539841472358306,0.6032706145813914,0.5408040598116788,0.5724498095590144,0.5486985723367988
2023020140,20232024,2023-10-31,2,1,0.5465970171785607,0.5703983864316003,0.5367347029728189,0.543432085526339,0.5596242630365243
2023020141,20232024,2023-11-01,2,0,0.49197342753784784,0.5126486700768361,0.48295144480709373,0.4910228542460834,0.5019459835603665
2023020142,20232024,2023-11-01,2,0,0.5145736962025426,0.4928665713438037,0.5239915488548788,0.5215092694331016,0.4982202703196475
2023020143,20232024,2023-11-01,2,1,0.7161724100368437,0.6841550896975823,0.6971439392244679,0.7557642615801585,0.6956090293059044
2023020144,20232024,2023-11-01,2,1,0.4684048464035602,0.545744568450914,0.4390029926311527,0.4939505633682924,0.47226098321123566
2023020145,20232024,2023-11-02,2,1,0.6048599571026115,0.6606252480428778,0.5891254625247097,0.6512448719053058,0.5742095368778192
2023020146,20232024,2023-11-02,2,1,0.42437470756642365,0.4119639848754487,0.4679960927004723,0.40277452684184445,0.4023535031569542
2023020147,20232024,2023-11-02,2,0,0.42641201943524365,0.488503852200653,0.4487399191867537,0.40695555329822797,0.4235405858207493
2023020148,20232024,2023-11-02,2,1,0.5246560364287532,0.5869380768226319,0.5084974066261715,0.5473158107018212,0.5181548919582671
2023020149,20232024,2023-11-02,2,0,0.48039938498930557,0.5148451365837502,0.5251928996033287,0.46409189332604994,0.4519133620385381
2023020150,20232024,2023-11-02,2,0,0.49907541267471606,0.5339455220667234,0.47897347225656933,0.5199692679306956,0.49828349783688314
2023020151,20232024,2023-11-02,2,0,0.5094281792760199,0.5572205970940001,0.497583362415296,0.5348375314962815,0.49586364391648213
2023020152,20232024,2023-11-02,2,0,0.6170471646476258,0.5601699546389861,0.5849182781577936,0.6442640890477508,0.6219591267373329
2023020153,20232024,2023-11-02,2,1,0.49785154064926257,0.5701854954961718,0.5189678987489424,0.43809920740007596,0.5364875157987694
2023020154,20232024,2023-11-02,2,1,0.5108073459406229,0.5726557880274439,0.5249074669625298,0.49900933673256,0.5085052341267788
2023020155,20232024,2023-11-02,2,1,0.6009429074437326,0.6863812324383762,0.5717079030478658,0.6423624120597204,0.5887584072236116
2023020156,20232024,2023-11-02,2,0,0.3825993663568612,0.415244011542467,0.42760574807411655,0.3487655108460961,0.3714268401503709
2023020157,20232024,2023-11-03,2,0,0.5121334567670159,0.6410184375526199,0.5728643678789131,0.5112470483402012,0.4522889540819335
2023020158,20232024,2023-11-03,2,1,0.46800419637734697,0.5104555331184377,0.4580924037381503,0.49678796699031363,0.44913221840357703
2023020159,20232024,2023-11-04,2,0,0.6216941799219129,0.6207964008318423,0.6012878712674806,0.6140180895402767,0.6497765789579815
2023020160,20232024,2023-11-04,2,0,0.4233439227573461,0.4907066844400192,0.4655344785126375,0.3972870084507167,0.40721028130868425
2023020161,20232024,2023-11-04,2,1,0.4328179805453482,0.3815519090143095,0.46253267055125147,0.3906843417602236,0.44523692932456943
2023020162,20232024,2023-11-04,2,0,0.5160430208472896,0.5185872485689158,0.5316528026404369,0.5096786888311953,0.5067975710702364
2023020163,20232024,2023-11-04,2,0,0.40587138451947946,0.4578583937674934,0.44099538390866727,0.380391060724518,0.396227708925253
2023020164,20232024,2023-11-04,2,1,0.4846639905457504,0.6363552484941791,0.5773657910558648,0.42505931045859,0.45156687012279645
2023020165,20232024,2023-11-04,2,0,0.6417479588563985,0.6398597714310708,0.5980559899082776,0.6686027766191106,0.658585110041807
2023020166,20232024,2023-11-04,2,1,0.6207160230929681,0.6422631675251064,0.6205773184851082,0.6057040157984105,0.6358667349953854
2023020167,20232024,2023-11-04,2,0,0.4415992736699302,0.5197311177005348,0.44162443548987407,0.49220645482463193,0.39096693069528465
2023020168,20232024,2023-11-04,2,1,0.37786221716812723,0.4110022434389154,0.40604268090941875,0.35776618430407886,0.3697777862908843
2023020169,20232024,2023-11-04,2,1,0.48765485367193984,0.4931565188992891,0.480616603914082,0.49327873160985597,0.4890692254918815
2023020170,20232024,2023-11-04,2,0,0.507357123054101,0.6001152343998163,0.5444534487256354,0.4984790177436392,0.4791389026930285
2023020171,20232024,2023-11-04,2,0,0.37284372180181574,0.4289695003768454,0.408814863105295,0.3078167913736138,0.4018995109265385
2023020172,20232024,2023-11-04,2,1,0.5238267909018874,0.5237753236341669,0.5106684883059508,0.5469542657849752,0.5138576186147363
2023020173,20232024,2023-11-04,2,1,0.5161678365558772,0.5975333322534266,0.5519639540404502,0.5335228144944182,0.46301674113276325
2023020174,20232024,2023-11-05,2,0,0.34691939343800166,0.445748599967077,0.3991478857504685,0.310788081322089,0.3308222132414473
2023020175,20232024,2023-11-05,2,1,0.44753453508673563,0.3355165358082593,0.47907912936403657,0.39970205980500595,0.4638224160911643
2023020176,20232024,2023-11-06,2,1,0.7137538080320894,0.7196138097275406,0.6998120248378199,0.7123170774352923,0.7291323218231562
2023020177,20232024,2023-11-06,2,1,0.5815355459517201,0.5794991695293595,0.555581890032443,0.6018856412831722,0.5871391065395453
2023020178,20232024,2023-11-06,2,0,0.4844899743914109,0.4830101018363255,0.47381660362795186,0.4791319272783704,0.5005213922679104
2023020179,20232024,2023-11-06,2,1,0.4739200127919188,0.5567730212905244,0.4790118343705666,0.4590854431317412,0.4836627608734487
2023020180,20232024,2023-11-07,2,1,0.6270893700716007,0.6455571003564149,0.6417431112042892,0.6246191176027657,0.6149058814077473
2023020181,20232024,2023-11-07,2,0,0.443261230405759,0.4425880631711698,0.4649090796892732,0.45004803895014467,0.4148265725778591
2023020182,20232024,2023-11-07,2,0,0.4969003810426658,0.5694727427154849,0.5401954729402794,0.46596973911052536,0.48453593107719284
2023020183,20232024,2023-11-07,2,1,0.6156902204088054,0.680479695458681,0.5972812356551064,0.6346552454900476,0.6151341800812623
2023020184,20232024,2023-11-07,2,0,0.4214458167181294,0.5531705248681589,0.4235599590410391,0.40424176086725877,0.43653573024609044
2023020185,20232024,2023-11-07,2,1,0.4869559410229496,0.4855497557601059,0.5158721209769059,0.4692015003422833,0.47579420174965953
2023020186,20232024,2023-11-07,2,1,0.5444651666690332,0.552234560051044,0.5206087426022619,0.5526781563384084,0.5601086010664293
2023020187,20232024,2023-11-07,2,0,0.37327098199033787,0.4773694348353501,0.4368622774473438,0.32736607911280097,0.3555845894108688
2023020188,20232024,2023-11-07,2,1,0.6175725581878089,0.6310907076121842,0.5954736525728527,0.6595532791788905,0.5976907428116834
2023020189,20232024,2023-11-07,2,1,0.4128562118412334,0.4851396194540164,0.4031619507344236,0.3356957283926284,0.4997109563966483
2023020190,20232024,2023-11-08,2,0,0.5661749919547074,0.6436534865135638,0.5621707981447736,0.5552537249328695,0.581100452786479
2023020191,20232024,2023-11-08,2,0,0.4133495936438039,0.4855559540717213,0.4318502250815585,0.40824049930760886,0.3999580565422445
2023020192,20232024,2023-11-08,2,0,0.5287327671273947,0.6441568801732013,0.5162328677272284,0.5540164551231852,0.5159489785317707
2023020193,20232024,2023-11-09,2,1,0.6890008421477273,0.7085987341065546,0.6292205692870366,0.743616984122873,0.6941649730332725
2023020194,20232024,2023-11-09,2,0,0.4304790216356129,0.3980303554649196,0.45966384461784027,0.4291426842574798,0.40263053603151866
2023020195,20232024,2023-11-09,2,0,0.5655485536598114,0.6292878075644772,0.5724852087141341,0.536999690743713,0.5871607615215869
2023020196,20232024,2023-11-09,2,1,0.5761203740905593,0.6370035410235252,0.5670256370872332,0.5731800913818035,0.5881553938026413
2023020197,20232024,2023-11-09,2,0,0.4727973316678771,0.5262767329470992,0.49933424897865514,0.42641879368247887,0.4926389523424971
2023020198,20232024,2023-11-09,2,0,0.7245950644897031,0.703880498469367,0.6995068698314175,0.7382889649775237,0.7359893586601681
2023020199,20232024,2023-11-09,2,1,0.5388481402244434,0.6311192986585165,0.5542098724643488,0.5197071734882386,0.5426273747207427
2023020200,20232024,2023-11-09,2,1,0.6004661625048074,0.5825324076878242,0.5893749764864694,0.5999065229357274,0.6121169880922255
2023020201,20232024,2023-11-09,2,0,0.6678833510041832,0.6710078697355107,0.6643699002234769,0.7069975328628771,0.6322826199261955
2023020202,20232024,2023-11-09,2,0,0.543745610022056,0.6291255389125853,0.5760614779873171,0.5082739750817444,0.5469013769971066
2023020203,20232024,2023-11-09,2,1,0.3498691461613117,0.3828387091320773,0.41336195429500866,0.27475470109055183,0.3614907830983747
2023020204,20232024,2023-11-10,2,1,0.5626988702686849,0.5472084673652087,0.531360660837484,0.5765125278774812,0.5802234220910898
2023020205,20232024,2023-11-10,2,1,0.49413315799565094,0.5533699074569183,0.47544313803904226,0.5268623465068025,0.4800939894411081
2023020206,20232024,2023-11-10,2,0,0.6217201165939019,0.6370777073712024,0.6101587052774021,0.6161119653829682,0.6388896791213353
2023020207,20232024,2023-11-10,2,1,0.5195358493239698,0.6219684071596943,0.5155962435435909,0.5463728042190241,0.4966385002092941
2023020208,20232024,2023-11-10,2,0,0.4361963684769459,0.5481386825707159,0.4409639501800412,0.44827282220821185,0.41935233304258457
2023020209,20232024,2023-11-10,2,1,0.7853484199459805,0.8002486549606551,0.7074441072532566,0.8376496419912492,0.8109515105934353
2023020210,20232024,2023-11-11,2,1,0.6051537857410855,0.6485156628807425,0.60226131977424,0.610323349060371,0.6028766883886455
2023020211,20232024,2023-11-11,2,0,0.5436758442635247,0.52514449405794,0.5198810116784462,0.5800823298972199,0.5310641912149078
2023020212,20232024,2023-11-11,2,1,0.399572774465829,0.3293659441193618,0.43519289380329096,0.3250867142371331,0.438438715357063
2023020213,20232024,2023-11-11,2,1,0.5608279666459817,0.5617777694228345,0.551213528137745,0.591512448363092,0.5397579234371079
2023020214,20232024,2023-11-11,2,0,0.5204742827805614,0.5397906885456193,0.49293266656155,0.5822192480437697,0.48627093373636465
2023020215,20232024,2023-11-11,2,1,0.5282790629839795,0.5789431391899399,0.5657198592543727,0.4908460032263084,0.5282713264712575
2023020216,20232024,2023-11-11,2,0,0.6030161684416003,0.602823598169415,0.5956224097300937,0.6310117343163762,0.5824143612783308
2023020217,20232024,2023-11-11,2,1,0.6412628911229455,0.5851289069945594,0.5963308694926577,0.6599434535277061,0.667514350348473
2023020218,20232024,2023-11-11,2,0,0.5780637056187166,0.6488815101297726,0.5715214428003758,0.5819846348252722,0.5806850392305017
2023020219,20232024,2023-11-11,2,0,0.6934758888796031,0.6793507184866885,0.6835902251341345,0.7268036549374428,0.6700337865672321
2023020220,20232024,2023-11-11,2,0,0.4460401895153856,0.5436108326943974,0.47539833640852613,0.45383694204935554,0.408885290088275
2023020221,20232024,2023-11-11,2,0,0.7031571523336754,0.6912076860391212,0.6574070415590788,0.7414449180778672,0.7106194973640799
2023020222,20232024,2023-11-12,2,1,0.7390082856858271,0.7111012620335978,0.7148587074952172,0.7353916379061712,0.7667745116560927
2023020223,20232024,2023-11-12,2,0,0.5522751259481717,0.5156979103708509,0.5129787810728669,0.6042289422663427,0.5396176545053059
2023020224,20232024,2023-11-12,2,0,0.3670405465806448,0.4529325482654334,0.395194564081609,0.34171089460547416,0.3642161810548512
2023020225,20232024,2023-11-12,2,1,0.738379029429459,0.7600593195126307,0.709230904234316,0.7587899877547675,0.7471161962992935
2023020226,20232024,2023-11-12,2,1,0.6647609227602713,0.6167489961485686,0.6225671037177013,0.6806208775161195,0.6910947870469932
2023020227,20232024,2023-11-13,2,1,0.6749346069127178,0.6132509913509209,0.6144654282359376,0.7155819665289899,0.6947564259732262
2023020228,20232024,2023-11-13,2,0,0.39654644289170854,0.48087183826171,0.4199318205217482,0.40840131540879493,0.36130619274458253
2023020229,20232024,2023-11-14,2,0,0.42280412147839663,0.4068845963246271,0.4505712735880661,0.38602808286177814,0.43181300798534566
2023020230,20232024,2023-11-14,2,0,0.37923717313287436,0.433853275670513,0.41081331888619105,0.37554741513093326,0.35135078538149883
2023020231,20232024,2023-11-14,2,0,0.4199552460075078,0.4970326503210618,0.420513708130937,0.4350209637517744,0.40433106613981185
2023020232,20232024,2023-11-14,2,1,0.4560178804542201,0.4253030367973877,0.4547405257180772,0.4583096015362749,0.45500351410830825
2023020233,20232024,2023-11-14,2,1,0.6858628011782152,0.7126384572593643,0.667655812385626,0.698084772652396,0.6918478184966235
2023020234,20232024,2023-11-14,2,0,0.6283739688217885,0.6588802184334657,0.6237913603734861,0.6401036926608248,0.6212268534310545
2023020235,20232024,2023-11-14,2,1,0.46532858586731146,0.5386813514826003,0.4896481423637515,0.45046094689090443,0.4558766683472784
2023020236,20232024,2023-11-14,2,1,0.5405731454990533,0.5627176510280882,0.521545987219669,0.5684983885781119,0.5316750606993791
2023020237,20232024,2023-11-14,2,0,0.3232113161012332,0.3527712913230069,0.4106983108192494,0.2394901175254288,0.3194455199590215
2023020238,20232024,2023-11-15,2,0,0.6910026878692834,0.6986164073960198,0.6615791247702124,0.6988334396907594,0.7125954991468785
2023020239,20232024,2023-11-15,2,1,0.6320876955627547,0.6242898228627252,0.6084452332654543,0.6574359293127454,0.6303819241100642
2023020240,20232024,2023-11-15,2,1,0.7396310752632531,0.7413047464176551,0.6624906582153612,0.7911180643142092,0.765284503260189
2023020241,20232024,2023-11-15,2,1,0.6247618290921771,0.6205141386060933,0.6036281614334515,0.6459065437772251,0.6247507820658549
2023020242,20232024,2023-11-16,2,1,0.5723814299121105,0.5928703793164316,0.5982567987824013,0.5468448222420872,0.5720426687118428
2023020243,20232024,2023-11-16,2,0,0.45424356744754996,0.5227106376564595,0.4301683655015552,0.4787191832292296,0.453843153611865
2023020244,20232024,2023-11-16,2,0,0.3949148948055079,0.3634425009970969,0.42336457558479246,0.3453427146734522,0.4160373941582792
2023020245,20232024,2023-11-16,2,0,0.5349787781008182,0.5723983765780891,0.5311389918468921,0.5388684162265452,0.5349289262290173
2023020246,20232024,2023-11-16,2,0,0.3820607886863268,0.4578985417676716,0.39803657283246563,0.3984252632373272,0.3497205299891877
2023020247,20232024,2023-11-16,2,1,0.5377736798363072,0.5167776988087219,0.5603791468869008,0.5521594078403588,0.5007824847816619
2023020248,20232024,2023-11-16,2,1,0.5472312843734172,0.56972195808006,0.5016815095428548,0.5757360381473106,0.5642763054300861
2023020249,20232024,2023-11-16,2,1,0.5742975258081827,0.5560969242198874,0.5755255413237914,0.5833165635880451,0.5640504725127115
2023020250,20232024,2023-11-16,2,1,0.38521517653937565,0.4069134381619663,0.4319225936743107,0.3178718077618772,0.4058511281819389
2023020251,20232024,2023-11-17,2,0,0.4170107017982854,0.4800501982059766,0.466314673136167,0.3748035386695197,0.4099138935891697
2023020252,20232024,2023-11-17,2,1,0.6117845982622417,0.6077143729657631,0.5989600371794851,0.6119511880261685,0.6244425695810719
2023020253,20232024,2023-11-17,2,0,0.40947832640379583,0.4062766594370107,0.4290448215342883,0.41185933577015715,0.3875308219069421
2023020254,20232024,2023-11-18,2,1,0.5032106716813947,0.5553654858053707,0.5301515617482082,0.4774668355829271,0.5020136177130489
2023020255,20232024,2023-11-18,2,1,0.4163296055859725,0.3997768197344812,0.4348206462848896,0.3998370350341616,0.41433113543886646
2023020256,20232024,2023-11-18,2,1,0.6547569758887141,0.6499779416789359,0.6372374925192754,0.6477670995896527,0.6792663355572138
2023020257,20232024,2023-11-18,2,1,0.510874760021582,0.5525980316481972,0.4843387951200308,0.5387949030801602,0.5094905818645553
2023020258,20232024,2023-11-18,2,1,0.7232796671925871,0.7883717211406504,0.686887099406013,0.7669712324603486,0.7159806697113994
2023020259,20232024,2023-11-18,2,1,0.6391892582079249,0.6259435246612167,0.6000000375166928,0.6732982600126037,0.6442694770944783
2023020260,20232024,2023-11-18,2,0,0.6129620098278247,0.5814005406382275,0.5807409598731718,0.6141044424178997,0.6440406271924024
2023020261,20232024,2023-11-18,2,0,0.5267017883643696,0.5026070588972058,0.5102200292273216,0.5386587512319171,0.5312265846338702
2023020262,20232024,2023-11-18,2,1,0.626347223679048,0.6646303149427027,0.6205728722912561,0.6203599870364016,0.6381088117094864
2023020263,20232024,2023-11-18,2,1,0.6865722718363182,0.6815392660790777,0.6607177604356821,0.6884312905294245,0.7105677645438478
2023020264,20232024,2023-11-18,2,0,0.474386773979447,0.5545408636585387,0.482059302561413,0.4661890001215633,0.47491201925536486
2023020265,20232024,2023-11-18,2,0,0.5729889732738985,0.6181874561598109,0.565649132946687,0.5914619569897075,0.5618558298853014
2023020266,20232024,2023-11-18,2,1,0.6659205805217545,0.6303270193387588,0.6314964684992592,0.6783484719193089,0.6879168011466954
2023020267,20232024,2023-11-19,2,0,0.4407961018731852,0.5175375421527161,0.4628711403237354,0.4123530637872927,0.44716410150852737
2023020268,20232024,2023-11-19,2,1,0.6527246879390671,0.6520429135105937,0.6311033454777536,0.6255323212248456,0.7015383971146023
2023020269,20232024,2023-11-19,2,1,0.45204337524832944,0.4638508229681273,0.4593679738269004,0.4824156272581753,0.41434652465991256
2023020270,20232024,2023-11-19,2,0,0.3527126090484251,0.4891505641793802,0.36938872595971,0.3358629679175388,0.35288613326802654
2023020271,20232024,2023-11-19,2,0,0.49176239443642183,0.4787380536235943,0.4906647709682244,0.49364956204456867,0.4909728502964726
2023020272,20232024,2023-11-20,2,1,0.5373368542489582,0.5975797983562379,0.566245853167247,0.5170131516313823,0.5287515579482452
2023020273,20232024,2023-11-20,2,1,0.44760813917687975,0.4401256889716869,0.47107716624171525,0.4194575501633717,0.4522897011255522
2023020274,20232024,2023-11-20,2,1,0.5362286440717847,0.5428918953453988,0.5268151226511797,0.5204014136802723,0.5614693958839024
2023020275,20232024,2023-11-20,2,1,0.3968972913797158,0.4557844938891894,0.443909544415051,0.36313890896449685,0.3836434207595997
2023020276,20232024,2023-11-20,2,0,0.3895319364354853,0.4327331619111025,0.4316114427461938,0.35013444811963984,0.3868499184406223
2023020277,20232024,2023-11-20,2,0,0.5517813123854857,0.5739336057297478,0.5403249944541093,0.5499573153621602,0.5650616273401877
2023020278,20232024,2023-11-20,2,1,0.7678757689523147,0.7376138833573735,0.7033092167440332,0.798518961190817,0.801799128922094
2023020279,20232024,2023-11-22,2,1,0.6005343299892182,0.6067845737185404,0.59828623659121,0.5967612900615895,0.6065554633148548
2023020280,20232024,2023-11-22,2,1,0.510475710172153,0.5387371517994809,0.49522039045871513,0.5218413835211575,0.5143653565365861
2023020281,20232024,2023-11-22,2,1,0.47040429446977283,0.5087610880899386,0.4878183381878831,0.4650898716341475,0.4583046735872879
2023020282,20232024,2023-11-22,2,0,0.48916580543000476,0.4845054255013177,0.5008068706945853,0.4540264800802679,0.5126640655151611
2023020283,20232024,2023-11-22,2,0,0.4936737031795531,0.4917305126011684,0.4814134676358497,0.5198872021883675,0.4797204397144423
2023020284,20232024,2023-11-22,2,0,0.5152523748480136,0.5780338977279083,0.5007221900307846,0.5235907085140911,0.5214442259991652
2023020285,20232024,2023-11-22,2,1,0.4820173062062338,0.5754607471992419,0.5250265238476772,0.4919908816188436,0.42903451315218055
2023020286,20232024,2023-11-22,2,1,0.5342726746191822,0.6030141868082762,0.5408973475455356,0.5413399533328929,0.520580722979118
2023020287,20232024,2023-11-22,2,0,0.4425112798290474,0.4935214274006169,0.45386985576701205,0.444083287265593,0.4295806964545371
2023020288,20232024,2023-11-22,2,1,0.5339020908308364,0.5695881064462535,0.5337661010659376,0.5321982305099745,0.5357419409165969
2023020289,20232024,2023-11-22,2,0,0.49284438532912894,0.5413673223590678,0.48732079313282606,0.5246313275579415,0.46658103529661926
2023020290,20232024,2023-11-22,2,0,0.5450853356068349,0.5603828285754228,0.5336561585048599,0.5332384125695617,0.5683614357460833
2023020291,20232024,2023-11-22,2,1,0.6183753749636189,0.6346221491634481,0.5937816975735408,0.6485177833006801,0.6128266440166359
2023020292,20232024,2023-11-22,2,1,0.7348634021142493,0.7046616131057328,0.7025365796803194,0.7653186736914651,0.7367349529709631
2023020293,20232024,2023-11-24,2,0,0.6447010663946033,0.7472695824548722,0.6461775921244567,0.6572739186114958,0.6306516884478575
2023020294,20232024,2023-11-24,2,0,0.4778708807240197,0.4266211618235814,0.45788000777669274,0.48498591512344275,0.4907467192719235
2023020295,20232024,2023-11-24,2,1,0.40632978615522014,0.4013784121437564,0.43268397107382356,0.3910776904731123,0.3952276969187244
2023020296,20232024,2023-11-24,2,0,0.7042340357481102,0.7043941485267824,0.6828766026737663,0.7113858202123235,0.7184396843582408
2023020297,20232024,2023-11-24,2,0,0.5165032909529762,0.5714695545454112,0.5356057082804362,0.48080665257159805,0.5330975120068943
2023020298,20232024,2023-11-24,2,0,0.44745549600096474,0.5323356909023228,0.4868733391058196,0.44391109717035016,0.41158205172672446
2023020299,20232024,2023-11-24,2,0,0.40402490933977453,0.3935490043970345,0.4419132055929035,0.35128793174571066,0.41887359068070956
2023020300,20232024,2023-11-24,2,0,0.42159863288314886,0.5052084073916993,0.4355140730897586,0.3835541766376876,0.4457276489220003
2023020301,20232024,2023-11-24,2,1,0.5286598616799107,0.5417065614216591,0.4959973973236162,0.5679392048360522,0.5220429828800639
2023020302,20232024,2023-11-24,2,0,0.5925208690065044,0.5722871047481246,0.5685654313512145,0.6022383155503299,0.6067588601179685
2023020303,20232024,2023-11-24,2,0,0.6083240012200156,0.6167294621419214,0.6065570098946308,0.6155516123855433,0.6028633813798729
2023020304,20232024,2023-11-24,2,0,0.5654603613008825,0.6044324055882361,0.5542902822704252,0.5480930086568662,0.5939977929753564
2023020305,20232024,2023-11-24,2,0,0.607948736604204,0.6520809201009775,0.5850440416770574,0.6476056773040044,0.5911964908315503
2023020306,20232024,2023-11-24,2,0,0.43861834088913576,0.464908600558578,0.4496970114493882,0.42208658078022915,0.44407143043778996
2023020307,20232024,2023-11-24,2,0,0.4916400829740426,0.535008925642449,0.46542564642354106,0.5073946397088093,0.5020999627897774
2023020308,20232024,2023-11-25,2,1,0.4913372270666662,0.5220223822733872,0.48482459708033365,0.5043084612606274,0.4848786228590374
2023020309,20232024,2023-11-25,2,1,0.7239874082620329,0.7185469670614691,0.6709956931309122,0.7546192829690913,0.7463472486860956
2023020310,20232024,2023-11-25,2,1,0.5797528252971057,0.5944672593333347,0.5841142597429877,0.5756135723910322,0.579530643757297
2023020311,20232024,2023-11-25,2,1,0.4805334120931571,0.5248776042431467,0.47684267985749795,0.514253617658633,0.45050393876334033
2023020312,20232024,2023-11-25,2,0,0.5074748090451612,0.6185239933727237,0.535138861436073,0.5060185206570654,0.48126704504234485
2023020313,20232024,2023-11-25,2,1,0.6504199362786484,0.6743067676586607,0.6626349754949334,0.6418631590056668,0.6467616743353451
2023020314,20232024,2023-11-25,2,1,0.3255158921159291,0.3714470004844977,0.3953004700322483,0.2746341350873845,0.30661307122815445
2023020315,20232024,2023-11-25,2,0,0.7199509968850976,0.7488724940332219,0.6881509987740018,0.7395506435080264,0.7321513483732647
2023020316,20232024,2023-11-26,2,1,0.4923937543464851,0.5526985267758908,0.4782983566268457,0.4800170223468682,0.5188658840657412
2023020317,20232024,2023-11-26,2,0,0.4072474212412723,0.4770825558649158,0.4267602403651757,0.4049131331165889,0.39006889024205244
2023020318,20232024,2023-11-26,2,1,0.7691562200109159,0.7423770006615172,0.7357868879475651,0.7867993964578603,0.784882375627322
2023020319,20232024,2023-11-26,2,1,0.48696519331309235,0.537694086821272,0.49583151864313096,0.48788251999443144,0.4771815413017147
2023020320,20232024,2023-11-26,2,1,0.6796952297751773,0.7158552004515633,0.6375795159568336,0.7195932892738859,0.6819128840948122
2023020321,20232024,2023-11-27,2,1,0.29419815804778077,0.3076304163171006,0.37764588002752336,0.20405314673606292,0.30089544737975593
2023020322,20232024,2023-11-27,2,0,0.6664163840799239,0.692750011911138,0.6675667812528484,0.6797674050887565,0.6519149658981667
2023020323,20232024,2023-11-27,2,0,0.4308851441137609,0.499316799492387,0.418620776366731,0.4651119006741236,0.408922755300428
2023020324,20232024,2023-11-27,2,1,0.5997659287295313,0.6384870541087981,0.6008978240815184,0.5980828220339252,0.6003171400731505
2023020325,20232024,2023-11-27,2,1,0.45414840289698694,0.4636338185204193,0.43324163848786834,0.4842289770776353,0.4449745931254571
2023020326,20232024,2023-11-27,2,1,0.3799915192464587,0.4290356051209524,0.36991117970801696,0.38588612807875816,0.38417724995260094
2023020327,20232024,2023-11-28,2,1,0.6435056060339558,0.5928925364003852,0.6105487708247,0.6752332439380245,0.644734803339143
2023020328,20232024,2023-11-28,2,0,0.3696041152176522,0.4567897334327913,0.4294085139813849,0.3863664461925614,0.2930373854790102
2023020329,20232024,2023-11-28,2,1,0.5791546933708708,0.5581171879744972,0.564100268770259,0.5982337227577307,0.5751300885846226
2023020330,20232024,2023-11-28,2,1,0.5765161100693551,0.5683525462141011,0.5661045536049858,0.5902059010807232,0.5732378755223564
2023020331,20232024,2023-11-28,2,1,0.533466023692307,0.5690998851506744,0.5002458117729878,0.558478230211236,0.541674029092697
2023020332,20232024,2023-11-28,2,0,0.486974035064625,0.5437306224769682,0.4831308111237708,0.5069634351672996,0.47082785890280465
2023020333,20232024,2023-11-28,2,1,0.4039222680387067,0.4740885964364048,0.40798856728184724,0.421718226126531,0.3820600107077419
2023020334,20232024,2023-11-28,2,1,0.4147846111674942,0.4554731082448812,0.41348508987038535,0.4107709160064227,0.42009782762567466
2023020335,20232024,2023-11-28,2,1,0.5590388377165234,0.5163590281040319,0.5344673596956184,0.5941014814437002,0.5485476720102516
2023020336,20232024,2023-11-28,2,1,0.6931271196825683,0.7145618078540096,0.6882239524252527,0.7040779525960226,0.6870794540264299
2023020337,20232024,2023-11-29,2,0,0.4970230211851982,0.5492757726955929,0.4852621165748096,0.5233685635606145,0.4824383834201703
2023020338,20232024,2023-11-29,2,1,0.6224113724523046,0.6801128626770127,0.6173877402613925,0.6379252651746595,0.6119211119208616
2023020339,20232024,2023-11-29,2,0,0.6682198248461425,0.66202989234539,0.600867857094627,0.707251041808295,0.6965405756355052
2023020340,20232024,2023-11-30,2,1,0.7838409338250439,0.8119468516270856,0.7091000974363103,0.8495474739162271,0.7928752301225943
2023020341,20232024,2023-11-30,2,0,0.6999359904814705,0.651175553973582,0.6321191534303747,0.741655959247269,0.7260328587667676
2023020342,20232024,2023-11-30,2,1,0.5779481126275507,0.6555530845111699,0.6284424809481939,0.5193189681995748,0.5860828887348835
2023020343,20232024,2023-11-30,2,0,0.3221952276540258,0.4204019737213189,0.3898349304899136,0.2558796526885922,0.3208710997835715
2023020344,20232024,2023-11-30,2,0,0.44984736978246914,0.5012995759576713,0.4633743475507789,0.4906067327862829,0.39556102901034557
2023020345,20232024,2023-11-30,2,0,0.6019497473571281,0.5930013941412543,0.5893019434520164,0.630152116146855,0.5863951824725132
2023020346,20232024,2023-11-30,2,1,0.5486667435703628,0.6419404962199639,0.5359032800310449,0.5975992026759893,0.5124977480040542
2023020347,20232024,2023-11-30,2,0,0.5035009420945723,0.5894685620393665,0.5078928372452058,0.47490423546099275,0.5277057535775181
2023020348,20232024,2023-11-30,2,1,0.5463253651105116,0.5698583883391668,0.5608531310278524,0.5198857775173591,0.5582371867863233
2023020349,20232024,2023-11-30,2,0,0.5105711347426105,0.5553510867779287,0.496496920853247,0.5110970168678554,0.5241194665067291
2023020350,20232024,2023-11-30,2,1,0.36233519481280146,0.3841392824194054,0.4026780709745207,0.3225528534940339,0.3617746599698497
2023020351,20232024,2023-11-30,2,1,0.44912383909763515,0.4995413663496226,0.4405744057019262,0.46399920703495023,0.44279790455602913
2023020352,20232024,2023-11-30,2,0,0.5389969757719218,0.461776077520715,0.5257352963025649,0.5603766014616863,0.5308790295515141
2023020353,20232024,2023-11-30,2,0,0.5119463325012465,0.5119037820966135,0.4971860581194198,0.5248843126847235,0.5137686266995963
2023020354,20232024,2023-12-01,2,1,0.3937844124567153,0.4708402489570157,0.37905281058374163,0.41297384267366466,0.3893265841127396
2023020355,20232024,2023-12-01,2,0,0.7722601395470239,0.7324923794007112,0.7338701649027358,0.8001409203444293,0.7827693333939063
2023020356,20232024,2023-12-02,2,1,0.5575099939175109,0.6135474258521538,0.5573449597577257,0.5540269767080046,0.5611580452868022
2023020357,20232024,2023-12-02,2,1,0.6877731878881871,0.6993249797702785,0.6897918976486536,0.6730866832772,0.7004409827387079
2023020358,20232024,2023-12-02,2,0,0.44537162541771674,0.4738822858557591,0.4576466217331576,0.4699541754767275,0.40851407904326514
2023020359,20232024,2023-12-02,2,0,0.6820671073296447,0.6422137875690475,0.6360296517608061,0.7282104536196118,0.6819612166085165
2023020360,20232024,2023-12-02,2,1,0.6228692179545989,0.6514909212564177,0.6122825315836503,0.632380530440171,0.6239445918399756
2023020361,20232024,2023-12-02,2,0,0.43957958225505656,0.4918493067022611,0.43335469323075804,0.4405822424315303,0.44480181110288136
2023020362,20232024,2023-12-02,2,1,0.47447762260949405,0.5638270526547668,0.5186601718876012,0.4459734106833268,0.4587992852575542
2023020363,20232024,2023-12-02,2,0,0.5851345100996407,0.640371104941665,0.5836832236076798,0.6214194911967489,0.5503008154944935
2023020364,20232024,2023-12-02,2,0,0.4523454334843889,0.4904284704417889,0.4563199384165209,0.4802890423982074,0.4204273196384385
2023020365,20232024,2023-12-02,2,1,0.473393415460069,0.5105730634510157,0.4728521060497533,0.4767911290131558,0.4705370113172981
2023020366,20232024,2023-12-02,2,1,0.40659062637002696,0.3361996494848868,0.42853312217017037,0.3810360355964861,0.4102027213434245
2023020367,20232024,2023-12-02,2,0,0.5042383676826725,0.5446997505024095,0.46583653158525845,0.5523704910090617,0.4945080804536975
2023020368,20232024,2023-12-02,2,1,0.6834313245816331,0.6801981229500651,0.6240867358852936,0.725940684434496,0.7002665534251097
2023020369,20232024,2023-12-03,2,1,0.7326173578399112,0.6837855706754479,0.6928828300587129,0.7500480108121698,0.7549212326488506
2023020370,20232024,2023-12-03,2,1,0.7489689540191954,0.7852018701707251,0.7417624249053071,0.7828117148321382,0.7223327223201409
2023020371,20232024,2023-12-03,2,1,0.7375297616621722,0.7910644903499794,0.7127541330957115,0.7605465218294165,0.7392886300613887
2023020372,20232024,2023-12-03,2,0,0.4367014491129269,0.552438293035449,0.43816392963825096,0.4212811994774205,0.45065921822310917
2023020373,20232024,2023-12-03,2,1,0.6173274289720573,0.5345685098224919,0.5876060329175714,0.662987829156364,0.6013884248422364
2023020374,20232024,2023-12-04,2,1,0.5353599630580267,0.5090244475768324,0.543622169085584,0.5523621231162321,0.5100955969722639
2023020375,20232024,2023-12-04,2,1,0.5447145460271491,0.5148209551665763,0.544556742895125,0.5492517813039328,0.5403351138823894
2023020376,20232024,2023-12-04,2,1,0.39258794013924153,0.4987825217562048,0.3996168680980116,0.3997683123846219,0.3783786399350911
2023020377,20232024,2023-12-04,2,1,0.406345897336243,0.5258065375735651,0.40614527865958067,0.41246316898139934,0.4004292443677488
2023020378,20232024,2023-12-04,2,1,0.5016481729931327,0.5267984753166577,0.4977629559623025,0.5042118755875109,0.5029696874295848
2023020379,20232024,2023-12-04,2,0,0.6885353138966227,0.6842780386428242,0.6787045416275189,0.7116039862538053,0.6752974138085441
2023020380,20232024,2023-12-05,2,0,0.5494142741704141,0.5595803157425205,0.5450825789600144,0.5473369856544674,0.5558232578967603
2023020381,20232024,2023-12-05,2,0,0.35094483584423936,0.378218761754277,0.38251511937444754,0.31375187396166926,0.3565675141966013
2023020382,20232024,2023-12-05,2,1,0.4479358489506357,0.4429134706175579,0.4483942966495321,0.44833894587484674,0.44707430432752826
2023020383,20232024,2023-12-05,2,0,0.7031923544384656,0.707653073367792,0.6945923458140141,0.7195161032422845,0.6954686142590981
2023020384,20232024,2023-12-05,2,0,0.39101452260973796,0.4479708069550362,0.39634896072604076,0.37974866718328193,0.3969459399198913
2023020385,20232024,2023-12-05,2,0,0.5443542998417058,0.5625888990021735,0.5246058929301027,0.5471122688536402,0.5613447377413744
2023020386,20232024,2023-12-05,2,1,0.7170438973484807,0.7671528066445373,0.7113312228674976,0.7280555681428168,0.7117449010351279
2023020387,20232024,2023-12-05,2,0,0.5154320773534949,0.593984827851204,0.5236487063337802,0.5353921919676334,0.4872553337590714
2023020388,20232024,2023-12-06,2,1,0.5701938091538122,0.5683641001498887,0.5569771036464559,0.5789462622107066,0.5746580616042742
2023020389,20232024,2023-12-06,2,1,0.6170995199887417,0.5882827413172028,0.6136295133752444,0.6328592437840476,0.6048098028069331
2023020390,20232024,2023-12-06,2,0,0.4004548614615762,0.4607940997280489,0.41876990309483864,0.3883364390098986,0.39425824227999146
2023020391,20232024,2023-12-06,2,1,0.4466480727537887,0.5545785535430021,0.45200464171688304,0.44284447098700774,0.4450951055574754
2023020392,20232024,2023-12-07,2,0,0.6976542624354346,0.7286469754980827,0.6887894974604497,0.6849378284972621,0.7192354613485918
2023020393,20232024,2023-12-07,2,0,0.7312757546485876,0.6989512081673882,0.702868444160392,0.7477434310049421,0.7432153887804289
2023020394,20232024,2023-12-07,2,0,0.356367069959427,0.4014276902599509,0.38719712455383126,0.3170521492418841,0.3648519360825657
2023020395,20232024,2023-12-07,2,0,0.516808168947385,0.5020087446539137,0.4937830793732268,0.5400831573248556,0.5165582701440724
2023020396,20232024,2023-12-07,2,0,0.4860523150589524,0.4819232220167158,0.4598166646266009,0.5006172791745612,0.497723001375695
2023020397,20232024,2023-12-07,2,1,0.6542527894226637,0.6803813883313884,0.6685852051960229,0.6495891042553953,0.6445840588165731
2023020398,20232024,2023-12-07,2,1,0.5569449926184163,0.5488015008270682,0.5529036330689747,0.5836384275305587,0.5342929172557158
2023020399,20232024,2023-12-07,2,1,0.5236834933844111,0.5738358872661218,0.48014124362738464,0.5414503950957706,0.5494588414300783
2023020400,20232024,2023-12-07,2,0,0.5053503390197988,0.5657712657112949,0.517298756605081,0.5092776201524943,0.48947464030182075
2023020401,20232024,2023-12-07,2,1,0.4819612634332113,0.4991047045672105,0.4672261090918491,0.5068255919550693,0.47183208925271547
2023020402,20232024,2023-12-07,2,0,0.6268180830579291,0.6393252035064433,0.6068176280310721,0.638848458228253,0.6347881629144623
2023020403,20232024,2023-12-07,2,0,0.4988661354287191,0.5261808938609036,0.4784246317561083,0.51689774584718,0.5012760286828689
2023020404,20232024,2023-12-07,2,1,0.5653375960676214,0.5850031802154224,0.5387620702947474,0.5766863104189034,0.5805644074892131
2023020405,20232024,2023-12-08,2,1,0.37597589763889344,0.4597820578610479,0.3999899654898886,0.38973470732363585,0.33820302010315595
2023020406,20232024,2023-12-08,2,1,0.6340464602955377,0.6327964507562387,0.6020228868469352,0.6600291926969191,0.6400873013427588
2023020407,20232024,2023-12-08,2,1,0.6144641155006637,0.6195879496937984,0.6108873707231647,0.6290447633917431,0.6034602123870837
2023020408,20232024,2023-12-09,2,1,0.7090240294000073,0.7465240689320563,0.661767175827085,0.7334070339386355,0.7318978784343015
2023020409,20232024,2023-12-09,2,0,0.4793321196191908,0.5480302783728246,0.44650376764845184,0.5270181747767858,0.4644744164323346
2023020410,20232024,2023-12-09,2,0,0.5233413080642547,0.531512779675069,0.5034496309914774,0.565083408399702,0.5014908848015847
2023020411,20232024,2023-12-09,2,0,0.6596105182746208,0.6452509832285016,0.6525146751627692,0.6552743261690159,0.6710425534920773
2023020412,20232024,2023-12-09,2,0,0.505003309566829,0.5794764905199958,0.5238960654733003,0.48066271184223186,0.510451151384955
2023020413,20232024,2023-12-09,2,1,0.5779618662638072,0.6148751362360344,0.5852272303855862,0.5854411393732224,0.5632172290326132
2023020414,20232024,2023-12-09,2,1,0.4281966324163456,0.4466670965675179,0.4440984539646428,0.42283604182752743,0.41765540145686664
2023020415,20232024,2023-12-09,2,1,0.3687989201944995,0.48629162267737,0.3903450728554698,0.3726378783211273,0.3434138094069015
2023020416,20232024,2023-12-09,2,1,0.4873810994017667,0.4730749204031755,0.4649257327084086,0.4978253346555552,0.4993922308413364
2023020417,20232024,2023-12-09,2,0,0.6353650530550866,0.6967911492045107,0.6132042729027887,0.6575194716425781,0.6353714146198932
2023020418,20232024,2023-12-09,2,0,0.5379368630039217,0.51454903201286,0.5360357283433503,0.5481265055361708,0.529648355132244
2023020419,20232024,2023-12-09,2,1,0.46353060626510284,0.5450790013821956,0.46722126022901533,0.47058542387319713,0.4527851346930961
2023020420,20232024,2023-12-10,2,0,0.3247136931624344,0.383034852504806,0.3814939970454293,0.28198308471296113,0.310663997728913
2023020421,20232024,2023-12-10,2,1,0.6135624371810154,0.6092411182947491,0.600805217645173,0.635990055972624,0.603892037925249
2023020422,20232024,2023-12-10,2,0,0.4013951371531678,0.4769501830352435,0.3994117112369321,0.3986812312648435,0.4060924689577279
2023020423,20232024,2023-12-10,2,0,0.38501820606240167,0.470268561601338,0.41695214242562717,0.37799956537817675,0.3601029103834011
2023020424,20232024,2023-12-10,2,1,0.5146878721643487,0.578860856813037,0.5152188423781829,0.5054992379101101,0.5233455362047534
2023020425,20232024,2023-12-10,2,0,0.4657714937461796,0.4049726406578111,0.47568245191623104,0.43305388278755047,0.48857814653475723
2023020426,20232024,2023-12-10,2,0,0.4880491871843254,0.5251069540648842,0.48863181789076243,0.48904252715875657,0.48647321650345726
2023020427,20232024,2023-12-10,2,1,0.7565314883440943,0.7878751008583903,0.7315746145339397,0.7748159919497809,0.7632038585485622
2023020428,20232024,2023-12-11,2,1,0.5852861538203119,0.6085347912010642,0.5973891157501818,0.5588227183466201,0.5996466273641335
2023020429,20232024,2023-12-11,2,1,0.4811602878892298,0.5107895362167849,0.47881717550123937,0.4906571702805602,0.47400651788588977
2023020430,20232024,2023-12-11,2,1,0.6351075625732107,0.6465116427109768,0.6150582518835497,0.6560680286616279,0.6341964071744546
2023020431,20232024,2023-12-11,2,1,0.5841566346653513,0.662636418919638,0.5774950969548387,0.6226366752190733,0.5523381318221419
2023020432,20232024,2023-12-12,2,0,0.6436531377512602,0.6041460061292188,0.6061832435970311,0.6623598240599464,0.6624163455968032
2023020433,20232024,2023-12-12,2,0,0.43162330196919374,0.504491258234105,0.43614562811856117,0.4446718423522894,0.41405243543673054
2023020434,20232024,2023-12-12,2,1,0.6441825834236923,0.6372993292940686,0.6188240443020832,0.6642065686612241,0.6495171373077696
2023020435,20232024,2023-12-12,2,1,0.5522772971885747,0.6114940220894508,0.5893709858814021,0.5353661885921425,0.5320947170921794
2023020436,20232024,2023-12-12,2,0,0.5723844391525152,0.5676795290696525,0.5897411662025882,0.5702090119260719,0.5572031393288858
2023020437,20232024,2023-12-12,2,1,0.7466379159478137,0.7396121193783838,0.7312555016769903,0.7629482926889731,0.7457099534774776
2023020438,20232024,2023-12-12,2,1,0.43151374959175987,0.4506200699643161,0.40878230522765474,0.4397603774506046,0.4459985660970203
2023020439,20232024,2023-12-12,2,1,0.590393960435712,0.5818170040491331,0.5646827710227029,0.6118438899720496,0.5946552203123833
2023020440,20232024,2023-12-12,2,1,0.7114068558061097,0.6934962372514972,0.6932659886532776,0.7358669359060834,0.7050876428589681
2023020441,20232024,2023-12-12,2,1,0.3943894218718715,0.3903510085433697,0.42096700739839393,0.3591566776140158,0.4030445806032045
2023020442,20232024,2023-12-13,2,0,0.43433793501902507,0.4711966763377597,0.4264053322146905,0.4594591303064363,0.4171493425359483
2023020443,20232024,2023-12-13,2,1,0.4762658383030102,0.4529141438422747,0.4530833279747342,0.48708793188015115,0.4886262550541453
2023020444,20232024,2023-12-13,2,1,0.611875626839271,0.6995257423692836,0.6640610796040679,0.605401475422156,0.566164325491589
2023020445,20232024,2023-12-13,2,1,0.5988160511948896,0.6731787792762508,0.5752266048009372,0.6278893210628345,0.5933322277208969
2023020446,20232024,2023-12-13,2,0,0.7198364838519725,0.6069022632135358,0.6733451574116135,0.7669411202475765,0.7192231738967273
2023020447,20232024,2023-12-14,2,0,0.3834500495827844,0.4900577957057296,0.38448547357528173,0.3918619533413634,0.37400272183170796
2023020448,20232024,2023-12-14,2,1,0.5669891619395101,0.5534159123529326,0.5268620149851555,0.6112691872721019,0.5628362835612727
2023020449,20232024,2023-12-14,2,0,0.7507186384286952,0.7436151499947751,0.7354092767147296,0.7723447530884532,0.744401885482903
2023020450,20232024,2023-12-14,2,1,0.5891214109719427,0.6017472494046692,0.5797724461767385,0.6083780053647443,0.5792137813743455
2023020451,20232024,2023-12-14,2,1,0.47442878801580574,0.5541539167587339,0.49849546063511785,0.4699990815834191,0.4547918218288803
2023020452,20232024,2023-12-14,2,0,0.6080542531305791,0.6204432767304724,0.5764662111029164,0.6410847996290239,0.6066117486597972
2023020453,20232024,2023-12-14,2,1,0.6855876406185951,0.6534674116018505,0.6502955493967714,0.7176160021259375,0.6888513703330769
2023020454,20232024,2023-12-14,2,1,0.45370362008807374,0.5463197617090693,0.46250551946019147,0.477734381469612,0.42087095933441765
2023020455,20232024,2023-12-15,2,0,0.6409395683306508,0.6236041472809916,0.6377956658512974,0.6338947309501584,0.6511283081904966
2023020456,20232024,2023-12-15,2,1,0.7282796343877123,0.7627590273344148,0.7202450476713039,0.7305503217684748,0.7340435337233581
2023020457,20232024,2023-12-15,2,0,0.4066286272958157,0.4450301708347191,0.4226571020845765,0.42116294997040005,0.37606582983247056
2023020458,20232024,2023-12-15,2,1,0.6223410017160532,0.6523097676861271,0.6337115849801711,0.6314030962992109,0.6019083238687779
2023020459,20232024,2023-12-15,2,1,0.5965220192424286,0.6313604150766301,0.588043103839634,0.5924148809270998,0.6091080729605521
2023020460,20232024,2023-12-15,2,0,0.6775030621553655,0.7053062772164529,0.6696587483482781,0.6952453434420431,0.6676050946757752
2023020461,20232024,2023-12-16,2,1,0.5417242359803127,0.5411254130036098,0.5223110143452512,0.5533590962629026,0.5495025973327843
2023020462,20232024,2023-12-16,2,0,0.5646986026181029,0.6197323949797903,0.5702739887831924,0.5609241117724888,0.5628977072986278
2023020463,20232024,2023-12-16,2,0,0.3398686585023262,0.4299605114868795,0.3743339329449163,0.3387103443060493,0.30656169825601315
2023020464,20232024,2023-12-16,2,1,0.5312835257759007,0.4665847795996242,0.5177019464455443,0.5473468550097927,0.5288017758723645
2023020465,20232024,2023-12-16,2,1,0.6030163834944893,0.5624573666282033,0.5919609361172233,0.5999548730830251,0.6171333412832194
2023020466,20232024,2023-12-16,2,1,0.5860719471025413,0.6264615470489453,0.5738436484494426,0.6316511420611205,0.5527210507970609
2023020467,20232024,2023-12-16,2,1,0.49569772743186363,0.526901100855717,0.4872853867246576,0.521297625910451,0.4785101696604821
2023020468,20232024,2023-12-16,2,1,0.5359296308812691,0.606197317612587,0.5850950140985335,0.47157073448431897,0.551123144060955
2023020469,20232024,2023-12-16,2,1,0.47102392182111763,0.4763329845935958,0.4245006597635633,0.5193923205373787,0.46917878516241085
2023020470,20232024,2023-12-16,2,1,0.41748342375415604,0.5167252457600159,0.43900897801107164,0.42888397919744675,0.3845573140539498
2023020471,20232024,2023-12-16,2,1,0.5289186108282689,0.5241108357127612,0.4947030064146473,0.5535965680122897,0.5384562580578697
2023020472,20232024,2023-12-16,2,0,0.5360344715156642,0.5734747928961759,0.5399579379707863,0.5391552684184678,0.5289902081577386
2023020473,20232024,2023-12-16,2,0,0.424656520984193,0.4736617322594819,0.43435501133910703,0.42977011100518836,0.40984444060828346
2023020474,20232024,2023-12-17,2,0,0.4374155276838148,0.3982672106071818,0.4203782882804027,0.43944748155133945,0.45242081321970223
2023020475,20232024,2023-12-17,2,0,0.6864174296984666,0.6522242309633537,0.6418098728445557,0.7280264428180323,0.689415973432812
2023020476,20232024,2023-12-17,2,0,0.6919569125947899,0.7228502429988599,0.7280805166108626,0.6396877103871366,0.7081025107863705
2023020477,20232024,2023-12-17,2,1,0.7292365166342526,0.7652415812888337,0.6987279627105163,0.7233159459898648,0.7656656412023768
2023020478,20232024,2023-12-17,2,1,0.6075830608556149,0.6952318500653916,0.5879563800682721,0.6131198603704835,0.6216729421280891
2023020479,20232024,2023-12-18,2,0,0.6473199780138813,0.6680087011172082,0.650649875258584,0.6688086941967506,0.6225013645863094
2023020480,20232024,2023-12-18,2,1,0.518125848530892,0.5503985341766295,0.49095027007603864,0.5564004361333121,0.5070268393833255
2023020481,20232024,2023-12-18,2,0,0.7001264188690787,0.7076302265810324,0.6912854475451545,0.6907299796731731,0.7183638293889086
2023020482,20232024,2023-12-18,2,1,0.6158428993028814,0.6627852508805462,0.5966243369068154,0.6477928452368804,0.6031115157649485
2023020483,20232024,2023-12-18,2,1,0.40518244140675713,0.4888682115755832,0.40612374500799764,0.44187369410837996,0.36754988510389397
2023020484,20232024,2023-12-19,2,0,0.6687651343133391,0.6787611625350559,0.6498589816111372,0.700116883112633,0.6563195382162472
2023020485,20232024,2023-12-19,2,0,0.6733537338776702,0.6688520995728037,0.658106190200796,0.6754741680082569,0.6864808434239575
2023020486,20232024,2023-12-19,2,1,0.4986062836942951,0.5160093992218181,0.49117286925664483,0.512434247899046,0.49221173392719453
2023020487,20232024,2023-12-19,2,0,0.5916062583370544,0.6144428223710352,0.6001475777759381,0.581054856268602,0.5936163409666227
2023020488,20232024,2023-12-19,2,1,0.57579723520558,0.6197866641109233,0.5773841916521407,0.5781333668019716,0.5718741471626277
2023020489,20232024,2023-12-19,2,0,0.49681106558858823,0.5498970828589926,0.4795200993036462,0.5122408077341752,0.4986722897279432
2023020490,20232024,2023-12-19,2,1,0.4198605176707189,0.5163099609521306,0.4431443149849513,0.4172727608325996,0.3991644771946058
2023020491,20232024,2023-12-19,2,0,0.537979740976778,0.5452780540674368,0.5350402069670761,0.509163851472566,0.5697351644906918
2023020492,20232024,2023-12-19,2,1,0.35339532002919377,0.3558352181724538,0.40660792324032025,0.2954542666968234,0.3581237701504378
2023020493,20232024,2023-12-19,2,1,0.39905100271524213,0.533974060216474,0.4336238803579297,0.3931513558283938,0.370377771959403
2023020494,20232024,2023-12-19,2,0,0.29929131153509864,0.3637295993108103,0.36130499851110065,0.2217404641789661,0.3148284719152292
2023020495,20232024,2023-12-20,2,1,0.622554364008472,0.6455364289302425,0.625509880471993,0.6185142320280049,0.6236389795254184
2023020496,20232024,2023-12-20,2,1,0.5785130497954202,0.550311685919853,0.5434826865289692,0.6003943826433805,0.5916620802139108
2023020497,20232024,2023-12-20,2,0,0.6992094576484598,0.6757975677865158,0.7061164564398801,0.6927150921897395,0.6987968243157597
2023020498,20232024,2023-12-21,2,1,0.4699616264933925,0.4766672894862099,0.4786671352992177,0.4496970161392724,0.4815207280416872
2023020499,20232024,2023-12-21,2,0,0.47187361255236343,0.4732635072829155,0.41235775344644254,0.5391373363280871,0.4641257478825605
2023020500,20232024,2023-12-21,2,0,0.6361597438814917,0.6620161857684309,0.6166345092243715,0.6552586684033516,0.6365860540167517
2023020501,20232024,2023-12-21,2,0,0.46931935951258746,0.5355340307444288,0.5152502989250725,0.44770943459996515,0.44499834501272484
2023020502,20232024,2023-12-21,2,0,0.5246561917221582,0.5344021804684647,0.5128348493291542,0.5516590269608607,0.5094746988764596
2023020503,20232024,2023-12-21,2,1,0.4764143691781122,0.51041351430877,0.4666793497918855,0.49961879310219426,0.4629449646402569
2023020504,20232024,2023-12-21,2,1,0.3856130587066164,0.4944465215432577,0.42578183928412716,0.3871747667438297,0.34388257009189216
2023020505,20232024,2023-12-21,2,1,0.5840970117478085,0.5800265200823853,0.5843687495919078,0.5657255266008495,0.6021967590506682
2023020506,20232024,2023-12-21,2,1,0.6937386628345533,0.6768656860911715,0.6866786410856696,0.6883767185421821,0.7061606288758084
2023020507,20232024,2023-12-21,2,1,0.6093799329264408,0.6782515933896759,0.6159312778012258,0.5923930951953418,0.6198154257827546
2023020508,20232024,2023-12-21,2,0,0.4597054567958711,0.4575662028129205,0.43142250735732207,0.46761890474284706,0.48007495828744406
2023020509,20232024,2023-12-21,2,0,0.4172779993625328,0.488228728152504,0.40380142640156136,0.4108187218683668,0.43721384981767003
2023020510,20232024,2023-12-22,2,1,0.556488622275296,0.5668273372778926,0.571176732203945,0.5508643952469054,0.5474247393750376
2023020511,20232024,2023-12-22,2,0,0.5505192658434419,0.6132869663114483,0.5469498962963968,0.5267236747216322,0.5778842265122968
2023020512,20232024,2023-12-22,2,1,0.47945447547049685,0.4969394966284888,0.48556753103652006,0.5041935486814322,0.4486023466935383
2023020513,20232024,2023-12-22,2,0,0.532391063284224,0.5362944914708588,0.5041092432545204,0.5353837695469803,0.5576801770511711
2023020514,20232024,2023-12-23,2,1,0.5080133272286558,0.5226731250372115,0.49033335026249014,0.5116446124767177,0.5220620189467595
2023020515,20232024,2023-12-23,2,0,0.46730407668490836,0.52497554117348,0.475012217268857,0.4820098131290986,0.44489019965676957
2023020516,20232024,2023-12-23,2,0,0.63291501279081,0.6292402347833187,0.5952663185863485,0.6596997704834743,0.6437789493026072
2023020517,20232024,2023-12-23,2,0,0.387556108393095,0.4030639223477499,0.418439264172306,0.36893614584084067,0.3752929151661384
2023020518,20232024,2023-12-23,2,1,0.5109476371589693,0.4766226656566293,0.4910365941788103,0.549936357881503,0.49186995941659445
2023020519,20232024,2023-12-23,2,1,0.6427943231409187,0.6064609614235537,0.6142565739349574,0.6696129253993085,0.64451347008849
2023020520,20232024,2023-12-23,2,1,0.5359250675659682,0.5313020458091104,0.5403470328296424,0.5352533672886298,0.5321748025796327
2023020521,20232024,2023-12-23,2,0,0.44423952758327956,0.5270313800863502,0.4455398086728065,0.4263128205591068,0.4608659535179254
2023020522,20232024,2023-12-23,2,1,0.5379314572806139,0.6817584777620719,0.5975947487545213,0.4858240547280244,0.5303755683592959
2023020523,20232024,2023-12-23,2,0,0.4560483228923185,0.4757051084855941,0.4289058710575935,0.4779968715600549,0.4612422260593071
2023020524,20232024,2023-12-23,2,1,0.72010116930214,0.6760709277196921,0.7169550076595582,0.7301919377615785,0.7131565624852829
2023020525,20232024,2023-12-23,2,1,0.6773391185686699,0.702504890181676,0.6397664943938474,0.6933924651310214,0.6988583961811409
2023020526,20232024,2023-12-23,2,1,0.7210960886484382,0.639595839638388,0.6828165904548226,0.7669848245478589,0.7134868509426333
2023020527,20232024,2023-12-23,2,1,0.7643095405799384,0.7521580584069347,0.7376641036204807,0.7771927682126359,0.7780717499066983
2023020528,20232024,2023-12-27,2,1,0.6713653673882707,0.6914224748240474,0.6793869223196346,0.6565165978584931,0.6781925819866842
2023020529,20232024,2023-12-27,2,1,0.6334406507410135,0.6761883813478774,0.6002787247744877,0.6601449441315451,0.6398982833170077
2023020530,20232024,2023-12-27,2,0,0.4140083666372223,0.5491033578329106,0.4106271579006,0.4222873968600059,0.40911054515106116
2023020531,20232024,2023-12-27,2,0,0.5807161172985451,0.6564115642502558,0.5862891460398946,0.5762859792469969,0.5795732266087439
2023020532,20232024,2023-12-27,2,0,0.4784246972968362,0.4299026045453914,0.4839010971221539,0.47853307503975995,0.47283991972859457
2023020533,20232024,2023-12-27,2,0,0.5169844294078968,0.573692206824838,0.538328609077681,0.505321147295561,0.5073035318504482
2023020534,20232024,2023-12-27,2,1,0.6058885395002719,0.631192228997014,0.6026378921548262,0.6157725681424393,0.59925515820355
2023020535,20232024,2023-12-27,2,0,0.4406931895976111,0.5321021072798116,0.4108956227120159,0.46742569435291753,0.44375825172789984
2023020536,20232024,2023-12-27,2,1,0.4791219941967801,0.4816645682486472,0.5020454577160728,0.43707993093314446,0.498240593941123
2023020537,20232024,2023-12-27,2,1,0.38214537535684756,0.4223594859923567,0.4165464562742225,0.35136452945071356,0.3785251403456067
2023020538,20232024,2023-12-27,2,1,0.35988610135365917,0.3759317731542203,0.4038706929199214,0.3021345096463958,0.37365310149466024
2023020539,20232024,2023-12-27,2,0,0.5626757394557965,0.5939947316011277,0.5661733471248566,0.6019210990406229,0.5199327722019103
2023020540,20232024,2023-12-27,2,1,0.35472269477535745,0.3466842161357972,0.41817012176795826,0.28269671494659143,0.36330124761152266
2023020541,20232024,2023-12-27,2,1,0.7982409653921932,0.769361129832638,0.756692919069905,0.8175781076794663,0.8204518694272086
2023020542,20232024,2023-12-28,2,1,0.6643117214071913,0.706981309944977,0.663809835594563,0.6192373581278094,0.7098879704992015
2023020543,20232024,2023-12-28,2,0,0.5967020343766585,0.6545407936298425,0.5877135238591474,0.5895679451781286,0.6128246340926995
2023020544,20232024,2023-12-28,2,1,0.5025935141793991,0.5842348113746302,0.4924656049628905,0.5015191355195185,0.5137958020557885
2023020545,20232024,2023-12-28,2,0,0.2836754604721477,0.356638814943039,0.3796034644065908,0.18179566987857657,0.2896272471312758
2023020546,20232024,2023-12-29,2,1,0.35578629590058214,0.3984805161702231,0.3930348103798794,0.3367629406443722,0.33756113667749477
2023020547,20232024,2023-12-29,2,1,0.4606567481697342,0.5243148188574448,0.5095301032338706,0.42571197564007,0.4467281656352621
2023020548,20232024,2023-12-29,2,1,0.5422176870410014,0.5340887218337604,0.5144881882883708,0.5578857395238727,0.5542791333107605
2023020549,20232024,2023-12-29,2,0,0.49653831013128297,0.5383639731415926,0.5133897367413917,0.49235525115297285,0.48386994249948434
2023020550,20232024,2023-12-29,2,1,0.5783073915100777,0.585313169006897,0.5682062610714318,0.5916824314538939,0.5750334820049076
2023020551,20232024,2023-12-29,2,1,0.7757298153664506,0.7485813108942874,0.7417641733473087,0.7803666434033104,0.8050586293487327
2023020552,20232024,2023-12-29,2,0,0.4058776347296551,0.4699492916911324,0.42170937594725605,0.372161669153939,0.42376185908777037
2023020553,20232024,2023-12-29,2,0,0.4351316981175697,0.5052759410068196,0.4248079687955633,0.44158132426484925,0.4390058012922964
2023020554,20232024,2023-12-29,2,1,0.5479429422786103,0.5698438229213247,0.5394594894528988,0.5589261802188763,0.5454431571640559
2023020555,20232024,2023-12-30,2,1,0.5704502081567927,0.593355089428132,0.5806295632114739,0.5604765332769985,0.5702445279819057
2023020556,20232024,2023-12-30,2,1,0.682718406628546,0.6549634402180031,0.6369010107509913,0.701529063628516,0.709725145506131
2023020557,20232024,2023-12-30,2,1,0.6439228346421703,0.6693693631272387,0.6111022504924895,0.6760165995691834,0.644649653864838
2023020558,20232024,2023-12-30,2,1,0.6812302851866744,0.7122806100195163,0.6898664766741522,0.6572440251557683,0.6965803537301025
2023020559,20232024,2023-12-30,2,1,0.6274078636422317,0.6031486866313848,0.6366166914344068,0.6274447698563255,0.6181621296359627
2023020560,20232024,2023-12-30,2,0,0.4999833793586331,0.5068870179643159,0.4898241119051182,0.5180891436688609,0.49203688250192
2023020561,20232024,2023-12-30,2,0,0.463108252513156,0.5520018424678962,0.48706990918284354,0.4664122339179136,0.43584261443871086
2023020562,20232024,2023-12-30,2,0,0.4292720679552751,0.5400545989870116,0.4374727022513228,0.4082154663389478,0.44212803527555466
2023020563,20232024,2023-12-30,2,0,0.6223734409816344,0.5789919395948707,0.6208543332730098,0.5761368867965793,0.6701291028753144
2023020564,20232024,2023-12-31,2,0,0.45163898725679047,0.5407280713256252,0.44569672835544516,0.46445599929050063,0.4447642341244255
2023020565,20232024,2023-12-31,2,0,0.43269305993034995,0.4113687410247623,0.44720812266787924,0.42961411662303167,0.421256940500139
2023020566,20232024,2023-12-31,2,1,0.516427622969844,0.568716837381955,0.5386567977003688,0.5110609628249176,0.4995651083842455
2023020567,20232024,2023-12-31,2,1,0.5535331290270037,0.5883166560499437,0.6020785324520658,0.5046343926918707,0.5538864619370745
2023020568,20232024,2023-12-31,2,1,0.6658190604430362,0.680415511170935,0.6527834712311139,0.635483411815205,0.7091902982827895
2023020569,20232024,2023-12-31,2,0,0.4011680109386984,0.3764737208888915,0.42668110664922615,0.35804699082982117,0.41877593533704793
2023020570,20232024,2023-12-31,2,1,0.5439062899143474,0.5869694612386288,0.5645720746271979,0.5318813192550353,0.5352654758608087
2023020571,20232024,2023-12-31,2,1,0.7595649051924918,0.7864547132703931,0.7351555278513493,0.7546877632119995,0.7888514245141266
2023020572,20232024,2023-12-31,2,1,0.771466784161383,0.7509816342448907,0.7320575677062995,0.7920118800294731,0.7903309047483763
2023020573,20232024,2024-01-01,2,1,0.41410884994164304,0.4580675642631635,0.3844068892122754,0.4081168174226958,0.44980284318995795
2023020574,20232024,2024-01-02,2,0,0.3782801392486555,0.3266948979366417,0.4030505149316911,0.3317553530106213,0.4000345498036542
2023020575,20232024,2024-01-02,2,0,0.5388843147768286,0.6058910272595172,0.5541505061811657,0.5361228279792771,0.5263796101700432
2023020576,20232024,2024-01-02,2,0,0.6194961673024301,0.6212202757307809,0.5993101226591562,0.6301737336219027,0.6290046456262313
2023020577,20232024,2024-01-02,2,0,0.7110435658447747,0.7217503636514899,0.7060400804521224,0.6999896884966165,0.727100928585585
2023020578,20232024,2024-01-02,2,0,0.6052805693061751,0.602953183661004,0.5602511861739722,0.6181100406347423,0.6374804811098108
2023020579,20232024,2024-01-02,2,1,0.7177100172634617,0.7078052553090098,0.6800906848967837,0.739908641384054,0.7331307255095474
2023020580,20232024,2024-01-02,2,1,0.6235259577893721,0.6066691591046225,0.6008274733738926,0.6549586321741222,0.6147917678201017
2023020581,20232024,2024-01-02,2,0,0.39715878883740685,0.4514013468020926,0.42235441233987675,0.3679503617838349,0.40117159238850886
2023020582,20232024,2024-01-02,2,1,0.6279459105815248,0.6613697985165,0.6224354793088066,0.6483725857410844,0.6130296666946834
2023020583,20232024,2024-01-02,2,1,0.6190736917110392,0.6695219961820263,0.5911882385544017,0.6413258984415844,0.6247069381371313
2023020584,20232024,2024-01-02,2,1,0.619928459390199,0.640122151273697,0.6021220846677777,0.6328024654981256,0.6248608280046937
2023020585,20232024,2024-01-02,2,0,0.6083728272006313,0.5974236694531605,0.5807784613838715,0.6235380372568116,0.620801982961211
2023020586,20232024,2024-01-02,2,0,0.39030613473370196,0.4448934058984514,0.4021349278074651,0.37898676021355393,0.3897967161800869
2023020587,20232024,2024-01-03,2,0,0.3862852080857599,0.5329963925942652,0.3879490507727732,0.378734823564104,0.3921717499204025
2023020588,20232024,2024-01-03,2,0,0.4371914634264777,0.3889632410465036,0.41701963008940673,0.4489682325165111,0.44558652767351503
2023020589,20232024,2024-01-04,2,0,0.5930112933988235,0.6807341815790084,0.6075812704990743,0.5735397258107717,0.5979128838866242
2023020590,20232024,2024-01-04,2,0,0.46525866751580275,0.5193147593908202,0.457464090560489,0.47683120808366536,0.46148070390325374
2023020591,20232024,2024-01-04,2,1,0.7723565282495333,0.7759990776084813,0.7409088235461464,0.7851586732468715,0.7910020879555818
2023020592,20232024,2024-01-04,2,0,0.6539198361947448,0.65937297295949,0.6518916963219147,0.6646712046666463,0.6451966075956738
2023020593,20232024,2024-01-04,2,0,0.5354646652202194,0.5455547678607694,0.5220817427006702,0.5421165488390721,0.542195704120916
2023020594,20232024,2024-01-04,2,0,0.5332059683341188,0.5664885906721879,0.5111735778752693,0.552070835168663,0.5363734919584241
2023020595,20232024,2024-01-04,2,0,0.616622393695104,0.584901712467104,0.5901285147170285,0.6012178143974866,0.6585208519707967
2023020596,20232024,2024-01-04,2,1,0.42453293750570026,0.4976030277896269,0.46757305123335974,0.3904076620042366,0.4156180992795044
2023020597,20232024,2024-01-04,2,0,0.518741464189241,0.5218837121055895,0.5192116307297301,0.5096793862277342,0.5273333756102587
2023020598,20232024,2024-01-04,2,1,0.5683769292651019,0.5868077804771846,0.5710387670477823,0.5575157125347208,0.5765763082128026
2023020599,20232024,2024-01-04,2,0,0.5220388646282571,0.5799459828693235,0.5093306634596456,0.5270692220904152,0.5297167083347104
2023020600,20232024,2024-01-04,2,0,0.7061472519716876,0.6617976629394804,0.6632774004279475,0.7546266514025916,0.700537704084524
2023020601,20232024,2024-01-04,2,0,0.36070553832338054,0.3382732821992896,0.3908192973237432,0.27353687355597756,0.41776044409042074
2023020602,20232024,2024-01-05,2,1,0.7852611409431973,0.722040163864362,0.740731047458449,0.818874284527637,0.7961780908435058
2023020603,20232024,2024-01-05,2,0,0.37787154698869435,0.4592753287663153,0.39776931302050694,0.3739630311081482,0.36188229683742784
2023020604,20232024,2024-01-05,2,0,0.43397366655393926,0.3681644644348255,0.4217272268303666,0.40841440438012544,0.4717793684513257
2023020605,20232024,2024-01-06,2,1,0.5282973335301654,0.5265985618141201,0.5026518409977236,0.5498275053721104,0.5324126542206621
2023020606,20232024,2024-01-06,2,0,0.5271763120038938,0.5844583665203155,0.5333687984175199,0.5129302643501366,0.5352298732440249
2023020607,20232024,2024-01-06,2,1,0.5934256785048238,0.6642888544410818,0.5814348578075755,0.6424162752765561,0.5564259024303398
2023020608,20232024,2024-01-06,2,0,0.6064290714305786,0.6718005878433926,0.6558167094998689,0.5637795465321886,0.5996909582596783
2023020609,20232024,2024-01-06,2,0,0.3696316424545602,0.4403581295792976,0.3803862219948686,0.36487148113138507,0.3636372242374269
2023020610,20232024,2024-01-06,2,1,0.4220197160898602,0.3795419974134457,0.4436798693326945,0.39578141244883563,0.4265978664880505
2023020611,20232024,2024-01-06,2,0,0.4790198049797348,0.5480837047401457,0.48449805753957187,0.4277598120816346,0.5248015453179979
2023020612,20232024,2024-01-06,2,0,0.574673192457727,0.6191696440980627,0.5789027493887092,0.5826765005550881,0.5624403274293834
2023020613,20232024,2024-01-06,2,0,0.35849789851604275,0.3495103429571943,0.3776586771449072,0.26731804878103443,0.4305169696221867
2023020614,20232024,2024-01-06,2,0,0.6096931875427326,0.6272418594067282,0.589454856284154,0.6212002694669324,0.6184244368771113
2023020615,20232024,2024-01-06,2,1,0.6902434839161526,0.6791288802180003,0.6638577468375532,0.6933302744030516,0.7135424305078532
2023020616,20232024,2024-01-06,2,1,0.6326513915449999,0.6431870526936251,0.6030019297790611,0.6613903133023318,0.6335619315536072
2023020617,20232024,2024-01-07,2,1,0.4434029326741103,0.419719298350005,0.4334627365177678,0.4345640299215016,0.46218203158306154
2023020618,20232024,2024-01-07,2,1,0.37385992968957854,0.4765783656913672,0.39343525941209084,0.34354439134294573,0.38460013831369894
2023020619,20232024,2024-01-07,2,0,0.43061448132436925,0.4339762745932912,0.42086819027073286,0.43844563453700147,0.43252961916537347
2023020620,20232024,2024-01-07,2,0,0.4551829535375149,0.4613984886297201,0.4490571157543523,0.5007712927867097,0.4157204520714828
2023020621,20232024,2024-01-08,2,0,0.5639080026665595,0.6103325380164247,0.5648319578359491,0.5580308688108728,0.5688611813528567
2023020622,20232024,2024-01-08,2,0,0.5058129600351905,0.5219338434155906,0.5110214243991866,0.4941764548687898,0.5122410008375947
2023020623,20232024,2024-01-08,2,0,0.4352819869450426,0.526671348406766,0.4347917887785396,0.4310557977436778,0.43999837431291045
2023020624,20232024,2024-01-08,2,1,0.5512691711599993,0.5258421024500197,0.5656485159668516,0.5291061643594235,0.5590528331537228
2023020625,20232024,2024-01-09,2,0,0.6042275465766845,0.5608995113995112,0.5902433095330384,0.6149749936740248,0.6074643365229905
2023020626,20232024,2024-01-09,2,1,0.47524260592977957,0.545624160173175,0.45032083913053167,0.5046151327339654,0.47079184592484163
2023020627,20232024,2024-01-09,2,1,0.7948930300815721,0.7741937072540431,0.7718209744188496,0.8044103126453194,0.8084478031805475
2023020628,20232024,2024-01-09,2,0,0.4771126136463268,0.5070956025935643,0.47886559711854815,0.4913762001629179,0.4610960436575142
2023020629,20232024,2024-01-09,2,0,0.7376915357466851,0.7113631740142131,0.7179897407653713,0.7383705341980181,0.756714332276666
2023020630,20232024,2024-01-09,2,0,0.4073771608521204,0.463914691387942,0.42465339257367285,0.34931907900697123,0.44815901097571703
2023020631,20232024,2024-01-09,2,1,0.7483871793751788,0.7515513230585923,0.7450841817337039,0.764067003951998,0.7360103524398343
2023020632,20232024,2024-01-09,2,0,0.3242571717722219,0.3490898714194048,0.3674742837001621,0.24015720565226398,0.36514002596423967
2023020633,20232024,2024-01-09,2,1,0.4661339496913179,0.3730063787261025,0.4529441796158593,0.46291301380334565,0.4825446556547487
2023020634,20232024,2024-01-09,2,1,0.5993413046355486,0.6091916766866606,0.5683870043624698,0.6271106519786247,0.6025262575655511
2023020635,20232024,2024-01-10,2,1,0.6540523357137529,0.6201526780114294,0.6547499953310194,0.6523753349415661,0.6550316768686733
2023020636,20232024,2024-01-10,2,1,0.6216516290854045,0.630050912281825,0.6164605195139303,0.6265459032672479,0.6219484644750353
2023020637,20232024,2024-01-10,2,1,0.5659561297221457,0.581461270315577,0.5795593347872814,0.5688809496824361,0.5494281046967197
2023020638,20232024,2024-01-11,2,1,0.614100724459126,0.587400592136988,0.595412520700267,0.6237054838574065,0.6231841688197044
2023020639,20232024,2024-01-11,2,1,0.7478439299375698,0.760891852570802,0.7479590209251371,0.7672292811130564,0.7283434877745156
2023020640,20232024,2024-01-11,2,0,0.39857949964777933,0.4598119283395668,0.409433663758231,0.37612382591548665,0.4101810092696203
2023020641,20232024,2024-01-11,2,1,0.5555097015467737,0.6200618530543677,0.5544320285188672,0.5549543937654444,0.5571426823560095
2023020642,20232024,2024-01-11,2,0,0.6143058464782872,0.6539343703905568,0.6126708136461376,0.6062963009594139,0.6239504248293103
2023020643,20232024,2024-01-11,2,0,0.5128976863641767,0.5257145417701291,0.503384630826114,0.4947286439690889,0.5405797842973272
2023020644,20232024,2024-01-11,2,1,0.5788018815173022,0.5830826121226061,0.5867352816767333,0.5726997703752456,0.5769705924999275
2023020645,20232024,2024-01-11,2,0,0.4806553272787843,0.5379540230461891,0.4969267613125495,0.4891842928351001,0.4558549276887031
2023020646,20232024,2024-01-11,2,1,0.4222023765249232,0.500903034834872,0.41377459331863875,0.44585640984738756,0.40697612640874337
2023020647,20232024,2024-01-11,2,1,0.40623406889036034,0.46487608988442,0.4167763923764094,0.4014920574330003,0.4004337568616715
2023020648,20232024,2024-01-11,2,1,0.7905806515136354,0.7706363956234336,0.7423109324154205,0.820228812245566,0.8092022098799202
2023020649,20232024,2024-01-11,2,0,0.4995622037997318,0.5008310487702532,0.4681552296016267,0.5066675310869776,0.523863850710591
2023020650,20232024,2024-01-11,2,1,0.4730328227409979,0.5212924762391893,0.47428416224551356,0.4491251868820025,0.4956891190954776
2023020651,20232024,2024-01-12,2,0,0.6205255238759798,0.6393272504745641,0.588957869956443,0.6626012384150183,0.6100174632564784
2023020652,20232024,2024-01-12,2,0,0.5382329002228333,0.609092557865784,0.5283897335303709,0.5665441589536221,0.5197648081845068
2023020653,20232024,2024-01-13,2,1,0.34670987809027753,0.4512882079040027,0.39681853596651434,0.3097715110684332,0.33353958723588495
2023020654,20232024,2024-01-13,2,0,0.49048355608516553,0.4764464903157134,0.44636865670073184,0.4911615245231145,0.5339204870316503
2023020655,20232024,2024-01-13,2,1,0.7244007107569398,0.6905364352064529,0.6998312517992431,0.7394856736279707,0.7338852068436057
2023020656,20232024,2024-01-13,2,0,0.5957955368221588,0.6544776397547354,0.5818637431773342,0.5853687553318448,0.6201541119572973
2023020657,20232024,2024-01-13,2,1,0.5912923836815461,0.6348381735922335,0.5929135153931587,0.603703524693054,0.5772601109584253
2023020658,20232024,2024-01-13,2,0,0.4727041656534409,0.4386460591770491,0.4710849242956941,0.47028313714058684,0.4767444355240417
2023020659,20232024,2024-01-13,2,1,0.38802290062587,0.4951590147188958,0.39864343508370015,0.4004470824319502,0.36497818436195967
2023020660,20232024,2024-01-13,2,0,0.33591911436707994,0.385887632025486,0.366740948530553,0.31594336117966265,0.3250730333910242
2023020661,20232024,2024-01-13,2,1,0.729607276226353,0.7250320920830648,0.7202249845075906,0.7334119241958197,0.7351849199756488
2023020662,20232024,2024-01-13,2,0,0.5023079568792578,0.5327035019612786,0.5227452400745486,0.5025491848243228,0.4816294457389018
2023020663,20232024,2024-01-13,2,0,0.6946009314259247,0.6832575565533058,0.6906190681280198,0.7198134502806138,0.6733702758691408
2023020664,20232024,2024-01-13,2,0,0.3751727385824572,0.3635869868120074,0.42015871171925395,0.32168413256439443,0.3836753714637232
2023020665,20232024,2024-01-13,2,0,0.5056308160372828,0.6373462119231378,0.5552005322460887,0.47245813888221044,0.48923377698354903
2023020666,20232024,2024-01-13,2,1,0.6098544677888091,0.5876216080962239,0.6161384015410502,0.5832751253637591,0.630149876461618
2023020667,20232024,2024-01-13,2,0,0.3935517856240016,0.4342946292321522,0.3674582935617772,0.3887535422894596,0.42444352102076793
2023020668,20232024,2024-01-13,2,0,0.5617609360870801,0.6352190831017226,0.5173683220262589,0.5890355339903122,0.5788789522446691
2023020669,20232024,2024-01-14,2,1,0.710343974303466,0.6770165788066052,0.7131682864201221,0.7108841247953114,0.7069795116949645
2023020670,20232024,2024-01-14,2,0,0.6972477143123955,0.644089817734421,0.68169873046043,0.7239893428116393,0.6860550696651175
2023020671,20232024,2024-01-15,2,1,0.5917797964236312,0.6676087689806074,0.5831180572615559,0.6242778177035692,0.5679435143057684
2023020672,20232024,2024-01-15,2,1,0.7757175118434887,0.7105479246927136,0.7342551777388326,0.8073540405516975,0.7855433172399358
2023020673,20232024,2024-01-15,2,1,0.3961147756952366,0.3660022029369141,0.3975986293359202,0.388408145701714,0.40233755204807553
2023020674,20232024,2024-01-15,2,0,0.7707384827758705,0.7736037443111492,0.7436266137862911,0.7771681542553731,0.7914206802859474
2023020675,20232024,2024-01-15,2,0,0.5699416557275977,0.6159286723962916,0.5596326265274482,0.5784040420878258,0.5717882985675194
2023020676,20232024,2024-01-15,2,1,0.5959546089100892,0.5661310387141042,0.5806919031293621,0.6045944635849461,0.6025774600159594
2023020677,20232024,2024-01-15,2,1,0.5972682791398071,0.5763214107126032,0.5644476344688705,0.6104248747412039,0.616932328209347
2023020678,20232024,2024-01-15,2,1,0.3317804138965474,0.3699778791282207,0.37599883548786656,0.29443125259847464,0.32491115360330103
2023020679,20232024,2024-01-15,2,0,0.5086029694205155,0.5802337947612553,0.4963001905878624,0.5132666436322889,0.516242074041395
2023020680,20232024,2024-01-15,2,1,0.5307527155757529,0.6264520943836226,0.5027854116989237,0.5607034002231739,0.5287693348051609
2023020681,20232024,2024-01-16,2,1,0.6899795986427817,0.6386472557858182,0.6506960237818833,0.7334024766434416,0.68584029550302
2023020682,20232024,2024-01-16,2,0,0.419508953986967,0.4277784554680669,0.3789021093321174,0.47287006194268866,0.40675469068609493
2023020683,20232024,2024-01-16,2,1,0.6713946064786583,0.6609896046117674,0.6508236271904088,0.6774475652927292,0.6859126269528374
2023020684,20232024,2024-01-16,2,1,0.6451294848815431,0.5885518007508062,0.6285466004240424,0.6610798892509142,0.6457619649696726
2023020685,20232024,2024-01-16,2,1,0.7284256878609648,0.661144640958911,0.7077348582496396,0.7561564316298662,0.7213857737033886
2023020686,20232024,2024-01-16,2,1,0.6864800590632768,0.6010558766950129,0.6487083472787853,0.7014303301139677,0.7093014997970774
2023020687,20232024,2024-01-16,2,1,0.5687856678166369,0.6491137487046256,0.5677941188020855,0.5757942943809995,0.5627685902668256
2023020688,20232024,2024-01-16,2,1,0.5855112788472222,0.6164493050419256,0.571770032198585,0.5948977210773561,0.5898660832657254
2023020689,20232024,2024-01-17,2,0,0.6885742371741749,0.6692138154001971,0.6665912572438147,0.7154139155018905,0.6837175387768195
2023020690,20232024,2024-01-17,2,0,0.7214990081088963,0.6806406140988154,0.7196854029370608,0.7381152326531557,0.7066963887364722
2023020691,20232024,2024-01-18,2,1,0.7424233479941836,0.6886655255050903,0.7210034311997108,0.763273014511205,0.742993598271635
2023020692,20232024,2024-01-18,2,1,0.5202572364737721,0.5972463306589642,0.5121980720887096,0.531492592092114,0.5170810452404927
2023020693,20232024,2024-01-18,2,1,0.6926969043583767,0.6106682308979374,0.6263039354649036,0.7517064544047452,0.7000803232054814
2023020694,20232024,2024-01-18,2,1,0.4829015313988077,0.478492836005825,0.471627032511951,0.48738899538045977,0.48968856630401253
2023020695,20232024,2024-01-18,2,1,0.6177917172064584,0.6150943741703907,0.6129961924860337,0.5949094207631797,0.6454695383701619
2023020696,20232024,2024-01-18,2,1,0.5332408229557747,0.5583705478711787,0.5161783384839991,0.5260403822282523,0.5575037481550726
2023020697,20232024,2024-01-18,2,0,0.46728960311433565,0.5534642893510745,0.46457814928247226,0.46929239745821066,0.467998262602324
2023020698,20232024,2024-01-18,2,1,0.6813591826200484,0.6600831291431534,0.6421872494700116,0.7158877390589817,0.6860025593311517
2023020699,20232024,2024-01-18,2,0,0.5772711045844876,0.604356172369931,0.560167323125528,0.6173865220308109,0.554259468597124
2023020700,20232024,2024-01-18,2,1,0.6473487977427755,0.6961076214314599,0.651395877443406,0.6266602385890269,0.6639902771958939
2023020701,20232024,2024-01-18,2,1,0.5151953235795206,0.5674410203702511,0.5018299466324659,0.5281985097819334,0.5155575143241624
2023020702,20232024,2024-01-19,2,1,0.6534324431891125,0.6573683253727209,0.6139985983235718,0.7000059700975647,0.646292761146201
2023020703,20232024,2024-01-19,2,0,0.40255565866078097,0.428690599412403,0.4104664608211067,0.41524015472423476,0.38196036043700143
2023020704,20232024,2024-01-19,2,0,0.697906880561303,0.6628341465364247,0.6636385586992725,0.7166295851493599,0.7134524978352768
2023020705,20232024,2024-01-19,2,1,0.3931300467159973,0.4399944991859238,0.4295540872396427,0.34500645614418246,0.40482959676416674
2023020706,20232024,2024-01-20,2,0,0.48528637940442737,0.511339997409719,0.47450052887653604,0.49102554326417475,0.49033306607257127
2023020707,20232024,2024-01-20,2,0,0.4237038568909585,0.4610527889703646,0.3973697179300964,0.4307731473305234,0.4429687054122557
2023020708,20232024,2024-01-20,2,1,0.43948009193023047,0.4914224572500025,0.4373022654397269,0.4463232806019828,0.4348147297489816
2023020709,20232024,2024-01-20,2,0,0.4570834333575086,0.4448113100205597,0.4240411430920593,0.48161907253986147,0.46559008444060507
2023020710,20232024,2024-01-20,2,1,0.7556288375589686,0.7725192903215543,0.723767558558414,0.7937753923413985,0.7493435617770934
2023020711,20232024,2024-01-20,2,0,0.483613213080192,0.5266462540346358,0.4829733686572278,0.4756485846890121,0.49221768589433607
2023020712,20232024,2024-01-20,2,1,0.5306813780256846,0.5991789813753127,0.5298136005469937,0.5332468576192805,0.5289836759107798
2023020713,20232024,2024-01-20,2,1,0.544724890934614,0.5732319854558262,0.5089431923195096,0.5554083825412724,0.5698230979430597
2023020714,20232024,2024-01-20,2,0,0.4356963125499418,0.4914827288387672,0.4298105581672217,0.43543905912600095,0.44183932035660267
2023020715,20232024,2024-01-20,2,1,0.4887611887455834,0.5261366635843702,0.4730447366731232,0.5120870571552932,0.4811517724083337
2023020716,20232024,2024-01-20,2,1,0.5438481673995778,0.6301676717884552,0.5474668794919177,0.5636442164342617,0.520433406272554
2023020717,20232024,2024-01-20,2,1,0.5176518445973269,0.5368960656439093,0.4827437992998557,0.5650454724485287,0.5051662620435965
2023020718,20232024,2024-01-21,2,0,0.5888288074372762,0.6015250968019962,0.6053608525393325,0.5572597828934277,0.6038657868790683
2023020719,20232024,2024-01-21,2,0,0.6426051304245743,0.6560854908021153,0.6138383312355732,0.6482754868201692,0.6657015732179806
2023020720,20232024,2024-01-21,2,1,0.47004178150314163,0.5091895902380917,0.46274109295142996,0.4894727073781547,0.45791154417984037
2023020721,20232024,2024-01-21,2,1,0.48009904968106526,0.473483741281558,0.4361647974774878,0.5413324129950962,0.46279993857061175
2023020722,20232024,2024-01-21,2,0,0.3475667786313685,0.3598115759277813,0.37371167701322605,0.31471957483453855,0.3542690840463407
2023020723,20232024,2024-01-21,2,0,0.498069474231097,0.5295101708810277,0.5029925648696841,0.5034271286763293,0.48778872914727767
2023020724,20232024,2024-01-22,2,1,0.605018228325379,0.6241510680620849,0.5992541574742126,0.5997232931551828,0.6160772343467416
2023020725,20232024,2024-01-22,2,1,0.54543644827976,0.4987127044189377,0.5527279151932708,0.5694924404712417,0.5140889891747676
2023020726,20232024,2024-01-22,2,0,0.40669663531141415,0.5081058131471802,0.40670190965199654,0.4115190564879038,0.4018689397943422
2023020727,20232024,2024-01-22,2,1,0.4280208633743962,0.489924442132684,0.43612750773779535,0.42346568905419063,0.4244693933312027
2023020728,20232024,2024-01-22,2,1,0.7758038237520396,0.7674516935473847,0.7421870114360033,0.7879549152775455,0.7972695445425699
2023020729,20232024,2024-01-22,2,0,0.8039532025441054,0.7648250822624397,0.7560059251259361,0.8447509517092614,0.8111027307971188
2023020730,20232024,2024-01-23,2,0,0.43385676269001605,0.4900140151329244,0.4009065134262533,0.479025157463251,0.4216386171805439
2023020731,20232024,2024-01-23,2,0,0.3746236159419172,0.5130240122944384,0.37807848569032876,0.3921881946972404,0.35360416743818246
2023020732,20232024,2024-01-23,2,0,0.5168653455435391,0.5030400327480977,0.506705523807659,0.5361023091495145,0.5077882036734437
2023020733,20232024,2024-01-23,2,0,0.47875476643802356,0.4686115359895554,0.4448175480806706,0.5150918832432101,0.47635486799018995
2023020734,20232024,2024-01-23,2,1,0.5765271497636828,0.6096240509663211,0.5581021538632047,0.5901726065558709,0.581306688871973
2023020735,20232024,2024-01-23,2,0,0.601075113763216,0.6075737630947033,0.6054333136052854,0.6007807779932247,0.5970112496911376
2023020736,20232024,2024-01-23,2,1,0.7644153321997514,0.7760656066471957,0.7682289352287327,0.7605836074117183,0.7644334539588032
2023020737,20232024,2024-01-23,2,1,0.37701262851895995,0.4475990299196901,0.38766182721466025,0.3723252763100433,0.3710507820321764
2023020738,20232024,2024-01-23,2,1,0.253849891186677,0.3289730186751803,0.325507578460203,0.18885936996817834,0.24718272513164966
2023020739,20232024,2024-01-24,2,1,0.6889387576942593,0.6978071740900411,0.6580098990756783,0.6967768639091916,0.7120295100979079
2023020740,20232024,2024-01-24,2,1,0.5786188006711134,0.5385389350313692,0.538322813627518,0.6007875572933282,0.5967460310924941
2023020741,20232024,2024-01-24,2,0,0.48493193043734767,0.6387415754712367,0.5066634797514898,0.5164198508947453,0.4317124606658081
2023020742,20232024,2024-01-24,2,1,0.7282307715546846,0.7052830058657114,0.71539017483894,0.7393779377717826,0.7299242020533316
2023020743,20232024,2024-01-24,2,1,0.7198497176930942,0.7030729144879626,0.6796144977990605,0.7424535194209116,0.7374811358593107
2023020744,20232024,2024-01-24,2,0,0.6982332547096424,0.6650741547802285,0.6714278690613688,0.7216915497260242,0.7015803453415342
2023020745,20232024,2024-01-24,2,0,0.6595302819435082,0.6360686402297244,0.6331582802416035,0.6932143706656202,0.6522181949233007
2023020746,20232024,2024-01-25,2,1,0.6398758940516702,0.6309784219053507,0.6113400379734563,0.6203778942956069,0.6879097498859477
2023020747,20232024,2024-01-25,2,1,0.4230186307115893,0.5873022754528104,0.4473065782455478,0.42769297024718345,0.3940563436420366
2023020748,20232024,2024-01-25,2,1,0.4465616885280346,0.4882715600648885,0.45826003385442937,0.4598890533441572,0.42153597838551704
2023020749,20232024,2024-01-25,2,0,0.47184406682325397,0.3986442026635399,0.44440729315492344,0.5063569734981751,0.4647679338166635
2023020750,20232024,2024-01-25,2,1,0.6572050586605704,0.6748562588010297,0.6420989763576815,0.6644102697443032,0.6651059298797266
2023020751,20232024,2024-01-25,2,1,0.7467385632440978,0.7600035053981496,0.7380975767424327,0.7622489044771035,0.7398692085127573
2023020752,20232024,2024-01-25,2,0,0.48859015203830375,0.5737476930307461,0.47177692931101417,0.4880452813217396,0.5059482454821574
2023020753,20232024,2024-01-25,2,0,0.6642048882701864,0.7050136887539724,0.6820933159688862,0.6543785618199607,0.6561427870217121
2023020754,20232024,2024-01-25,2,1,0.8218496952426199,0.7921981031975003,0.7795929461513451,0.8642620858895322,0.8216940536869823
2023020755,20232024,2024-01-26,2,0,0.6097484718071998,0.5573807952153511,0.594408659404277,0.631351834184186,0.6034849218331365
2023020756,20232024,2024-01-26,2,0,0.46424435358865207,0.4988996086772034,0.4966220141922185,0.42719950787528477,0.468911538698453
2023020757,20232024,2024-01-26,2,1,0.5933265296253799,0.6468855293080351,0.569017668834567,0.6217832452518854,0.5891786747896872
2023020758,20232024,2024-01-26,2,0,0.5933839488455338,0.5823449904243092,0.5839520806939505,0.5922708662961104,0.6039288995465405
2023020759,20232024,2024-01-27,2,0,0.46798969579271416,0.394627390173862,0.46832243474635454,0.46054740002425815,0.4750992526075298
2023020760,20232024,2024-01-27,2,1,0.6848861279467097,0.6832201473016278,0.6687997260567616,0.7271177828880631,0.6587408748953041
2023020761,20232024,2024-01-27,2,1,0.6072282572996116,0.6665752562916275,0.5802835097916881,0.6493427791770183,0.5920584829301286
2023020762,20232024,2024-01-27,2,0,0.3372534083493249,0.4267051271686219,0.3663077818450539,0.31870320847913053,0.32674923472379025
2023020763,20232024,2024-01-27,2,1,0.697628852461951,0.7039245026393564,0.6643246913562464,0.7221768801371207,0.7063849858924859
2023020764,20232024,2024-01-27,2,1,0.5198135560091512,0.4689341461633592,0.4882508727778996,0.5458389912758594,0.5253508039736947
2023020765,20232024,2024-01-27,2,0,0.5140819367520932,0.4703019351323106,0.49046701661197134,0.5500241068069366,0.5017546868373718
2023020766,20232024,2024-01-27,2,1,0.6916935448121673,0.6776076286163862,0.689805249814969,0.6845363736064815,0.7007390110150514
2023020767,20232024,2024-01-27,2,1,0.5851257431261899,0.611298663564569,0.5861158232672785,0.6006088095490079,0.5686525965622832
2023020768,20232024,2024-01-27,2,0,0.5740108457350659,0.5976928946190194,0.555047163248649,0.6051024509927504,0.5618829229637983
2023020769,20232024,2024-01-27,2,0,0.4240852762085667,0.4548930492505586,0.4244493813327666,0.4161603025200699,0.4316461447728634
2023020770,20232024,2024-01-27,2,0,0.6769906501121538,0.7057816447616384,0.688354388368675,0.654931678328262,0.6876858836395242
2023020771,20232024,2024-01-27,2,1,0.7011184756044905,0.7139281604109853,0.6785709095531077,0.7422971092614343,0.6824874079989292
2023020772,20232024,2024-01-27,2,1,0.7343489541189343,0.7493464865365076,0.7489128869987973,0.7136946489978923,0.7404393263601133
2023020773,20232024,2024-01-28,2,1,0.45570565594726825,0.5364581978191421,0.45994361040471565,0.445507699201592,0.4616656582354969
2023020774,20232024,2024-01-28,2,1,0.6947357329616385,0.683633982680053,0.7244846519381126,0.6703689100539275,0.6893536368928752
2023020775,20232024,2024-01-29,2,1,0.548794513320976,0.5222023048550275,0.5709918254020867,0.5523292503824053,0.5230624641784358
2023020776,20232024,2024-01-30,2,0,0.5884960843491968,0.6867540728955981,0.6676642442547526,0.5107065620753461,0.5871174467174914
2023020777,20232024,2024-01-30,2,1,0.3392018117276741,0.4032538233441493,0.38111006885285725,0.3122426354380649,0.3242527308921002
2023020778,20232024,2024-01-31,2,0,0.4571502008268881,0.6096083674433705,0.48373112292517595,0.45246573361691245,0.43525374593857585
2023020779,20232024,2024-01-31,2,0,0.5006397338184586,0.5510670144628094,0.4556109740899289,0.5654840263339141,0.48082420103153284
2023020780,20232024,2024-01-31,2,1,0.6431921230081454,0.5994053013834196,0.5971933673922895,0.6763720256107759,0.656010976021371
2023020781,20232024,2024-02-05,2,1,0.5242511792849428,0.528967441866576,0.5401903738560986,0.4847509608782908,0.5478122031204388
2023020782,20232024,2024-02-05,2,0,0.6300732751296411,0.6539862039581446,0.6203057608190256,0.6447834819604434,0.6251305826094542
2023020783,20232024,2024-02-06,2,0,0.5945607250913344,0.7061470787604942,0.5910505162480726,0.6209780249905391,0.5716536340353912
2023020784,20232024,2024-02-06,2,0,0.4437716810877688,0.4772428323466993,0.460940607963114,0.41747591125427364,0.45289852404591896
2023020785,20232024,2024-02-06,2,0,0.5484207562757143,0.5784959065404314,0.5966132642036074,0.5630514164808885,0.485597588142647
2023020786,20232024,2024-02-06,2,0,0.5180848289784449,0.6958955953643058,0.5614456069969597,0.5291482133880852,0.4636606665502895
2023020787,20232024,2024-02-06,2,1,0.4516392503793471,0.469670417924142,0.42935027687507094,0.4668465232617489,0.4587209510012213
2023020788,20232024,2024-02-06,2,1,0.5045691958969322,0.5137108534313257,0.4981473834520426,0.49260243348555016,0.5229577707532036
2023020789,20232024,2024-02-06,2,0,0.6288775104771156,0.6282359298221405,0.6247437842195587,0.619464876949458,0.6424238702623302
2023020790,20232024,2024-02-06,2,1,0.43996631617396487,0.5440522024457429,0.42990430536116636,0.4436251574090546,0.4463694857516735
2023020791,20232024,2024-02-07,2,1,0.529226729370515,0.5857602978063877,0.5029845078947485,0.5221510004639263,0.5625446797528699
2023020792,20232024,2024-02-07,2,1,0.5918130520038022,0.5429524088717571,0.5817608911918765,0.6036894680074018,0.5899887968121283
2023020793,20232024,2024-02-07,2,0,0.37721650118966576,0.4157322694162869,0.3769853308497419,0.3527490273541741,0.4019151453650813
2023020794,20232024,2024-02-08,2,1,0.5248228815339508,0.6261847514071847,0.5034162761916374,0.549597810351645,0.5214545580585701
2023020795,20232024,2024-02-08,2,1,0.6903580449777239,0.702859634778283,0.7054764903596559,0.6520690902152665,0.7135285543582495
2023020796,20232024,2024-02-08,2,0,0.5133091691447252,0.5751991552331192,0.5251050414326339,0.51427832338407,0.5005441426174719
2023020797,20232024,2024-02-08,2,1,0.4831017924850698,0.4713719290178702,0.499807307992153,0.4780617325553143,0.4714363369077421
2023020798,20232024,2024-02-08,2,1,0.4728021096563709,0.4903887130064757,0.493114825392341,0.4786636371979319,0.4466278663788396
2023020799,20232024,2024-02-08,2,1,0.5195411092650842,0.5462876100305647,0.5649558805049641,0.5726108976997267,0.4210565495905618
2023020800,20232024,2024-02-08,2,0,0.4534164562072029,0.4149755009358672,0.4959619412388373,0.43131724971504676,0.43297017766772466
2023020801,20232024,2024-02-09,2,1,0.492173956544152,0.553867761282363,0.49506847452071273,0.46371225836712104,0.5177411367446223
2023020802,20232024,2024-02-09,2,0,0.3603758615854116,0.3366477840592681,0.3764484881200794,0.30247772067400963,0.402201375962146
2023020803,20232024,2024-02-09,2,0,0.31862632636428456,0.3334226749528173,0.3608847610265945,0.23555202226623634,0.35944219580002296
2023020804,20232024,2024-02-10,2,0,0.6496804174221401,0.563236468719943,0.6601019306076212,0.6104046759873022,0.6785346456714971
2023020805,20232024,2024-02-10,2,1,0.38956651085177335,0.4894755709284317,0.4005444134826297,0.3962288074081607,0.37192631166452955
2023020806,20232024,2024-02-10,2,0,0.33975526833344755,0.3984282814871102,0.38670507502512674,0.29729497507463687,0.3352657549005792
2023020807,20232024,2024-02-10,2,0,0.5242010430308467,0.5362360989471029,0.544157178164006,0.5116233044073507,0.5168226465211835
2023020808,20232024,2024-02-10,2,0,0.719019631815366,0.7495144677518593,0.6892280484888665,0.7343311618153332,0.733499685141898
2023020809,20232024,2024-02-10,2,1,0.5740594539419491,0.5627599670542658,0.5884460312774485,0.5733144757285159,0.5604178548198829
2023020810,20232024,2024-02-10,2,1,0.6422218930165848,0.6451156359522335,0.6341529595522044,0.697916021384596,0.5945966981129543
2023020811,20232024,2024-02-10,2,0,0.3573003056289958,0.3989313104503994,0.3933907264609657,0.33511041978370865,0.34339977064231303
2023020812,20232024,2024-02-10,2,1,0.5406594046233186,0.4795282701493081,0.5493572362188999,0.5495896920161157,0.5230312856349402
2023020813,20232024,2024-02-10,2,1,0.4898904720744954,0.5528658686263468,0.5109220580668021,0.5411957442128975,0.41755361394378654
2023020814,20232024,2024-02-10,2,1,0.6648763880863691,0.6113799248783562,0.6406139988427046,0.6772094277820165,0.6768057376343861
2023020815,20232024,2024-02-10,2,1,0.6326922299990575,0.6331187472504123,0.6372848007304776,0.6236425274586008,0.637149361808094
2023020816,20232024,2024-02-10,2,1,0.507890247912938,0.4873846869213121,0.5059186204808598,0.5222075816822146,0.49554454157573974
2023020817,20232024,2024-02-11,2,0,0.39421469138081194,0.4778323510605851,0.37230653470810526,0.4162910333154664,0.394046506118864
2023020818,20232024,2024-02-11,2,0,0.37219144297759943,0.4523193918596734,0.3681847867631929,0.37089030393092687,0.37749923823867854
2023020819,20232024,2024-02-12,2,1,0.5265751245510217,0.5910288313424217,0.5843064254804192,0.5588475704932842,0.43657137767936177
2023020820,20232024,2024-02-12,2,1,0.6074678160578104,0.6259250445479804,0.5890510334226449,0.6364925508892734,0.5968598638615129
2023020821,20232024,2024-02-12,2,1,0.6754570784759536,0.6148284180216921,0.6557953787777044,0.644494280936364,0.7260815757137923
2023020822,20232024,2024-02-12,2,0,0.5867217078171217,0.6570950036915303,0.5622360370400092,0.6269254918340962,0.57100359457726
2023020823,20232024,2024-02-13,2,0,0.5757602826357777,0.6474582807779066,0.5634603768848784,0.6323086695547971,0.5315118014676576
2023020824,20232024,2024-02-13,2,1,0.5050552646762796,0.5092514232622994,0.49680678577229465,0.5143964825834901,0.5039625256730539
2023020825,20232024,2024-02-13,2,1,0.5332246531349311,0.6021062104080489,0.5484771322231873,0.5260099117024276,0.5251869154791784
2023020826,20232024,2024-02-13,2,1,0.6502614681009792,0.664371840016974,0.6386511474664174,0.6399400487750897,0.6721932080614303
2023020827,20232024,2024-02-13,2,1,0.6383559474267745,0.6171575701252878,0.6442381534335019,0.6484489202772744,0.6223807685695473
2023020828,20232024,2024-02-13,2,0,0.4425282010231351,0.4285279738043962,0.46484751620019743,0.43864422594028235,0.4240928609289257
2023020829,20232024,2024-02-13,2,0,0.5853952042118747,0.5646213780067729,0.574671557242359,0.6117020194563553,0.56981203593691
2023020830,20232024,2024-02-13,2,1,0.4794108722855275,0.5636491580035791,0.4738554311283837,0.4969196056412261,0.4674575800869728
2023020831,20232024,2024-02-13,2,0,0.6244948538566356,0.5588180258978039,0.6079946894319305,0.6356461629078015,0.6298437092301749
2023020832,20232024,2024-02-13,2,0,0.36120783723017463,0.3383295399454307,0.38154922311714795,0.30565920938495306,0.3964150791884228
2023020833,20232024,2024-02-13,2,1,0.6555713405278779,0.6727940535745225,0.6250550628342321,0.6733140609946128,0.668344897754789
2023020834,20232024,2024-02-14,2,0,0.46099503285523435,0.487520786010594,0.49977735307762694,0.44305377434736987,0.44015397114070626
2023020835,20232024,2024-02-14,2,1,0.7863087897133747,0.7693775348035481,0.7464266227151387,0.8187289551042404,0.7937707913207448
2023020836,20232024,2024-02-14,2,0,0.45331859315090367,0.4850700030996615,0.4435412987095414,0.47827862611572086,0.43813585462744875
2023020837,20232024,2024-02-15,2,0,0.6474656429101849,0.7017919774012028,0.6319108837795343,0.7054372831968165,0.6050487617542037
2023020838,20232024,2024-02-15,2,0,0.48382343328568694,0.4505899957476243,0.514030833025749,0.4610925522488932,0.47634691458241857
2023020839,20232024,2024-02-15,2,0,0.5167594654150912,0.561395005700819,0.5226240090725659,0.5235605846498558,0.5040938025228519
2023020840,20232024,2024-02-15,2,1,0.738684896529182,0.7379815007593673,0.7292947528810453,0.7358302314160043,0.7509297052904963
2023020841,20232024,2024-02-15,2,0,0.6958950978641766,0.6813749226380486,0.6940454748634441,0.7023049358892096,0.6913348828398762
2023020842,20232024,2024-02-15,2,1,0.49170989042366026,0.530344520654577,0.46369035385451907,0.51456676225966,0.4968725551568017
2023020843,20232024,2024-02-15,2,1,0.586134414330944,0.6445693469100751,0.536687598703094,0.6226428682802598,0.5990727760094781
2023020844,20232024,2024-02-15,2,1,0.354456687759469,0.4593514543313396,0.37790617903141915,0.34015953347353434,0.34530435077345345
2023020845,20232024,2024-02-15,2,0,0.4127760880815113,0.3992058244287633,0.37318801567941845,0.4029865674258404,0.46215368113927513
2023020846,20232024,2024-02-15,2,0,0.7798927719380934,0.7421683571649711,0.746986779452204,0.8136742893305375,0.7790172470315387
2023020847,20232024,2024-02-15,2,0,0.4720525178882342,0.4783379291242939,0.446458978295781,0.45975441527101196,0.5099441600979098
2023020848,20232024,2024-02-15,2,1,0.6165646291897399,0.653419817905148,0.5863787044121688,0.6343208953578038,0.6289942877992472
2023020849,20232024,2024-02-16,2,0,0.35108993995104765,0.4083460123721072,0.3822878136333096,0.31037449143141377,0.36060751478841946
2023020850,20232024,2024-02-17,2,0,0.5104628293120284,0.5628861180306871,0.5104242222093307,0.5007653487032099,0.5201989170235443
2023020851,20232024,2024-02-17,2,1,0.38918116433444716,0.4376091650224076,0.38170015242637234,0.342636711816785,0.44320662876018424
2023020852,20232024,2024-02-17,2,0,0.5553472712542266,0.5930999909443716,0.5621074725173302,0.5538801784701259,0.5500541627752238
2023020853,20232024,2024-02-17,2,0,0.6008524633614988,0.6535336730645284,0.547855385783579,0.6680893051564362,0.5866126991444811
2023020854,20232024,2024-02-17,2,0,0.4892351026598163,0.6110493874957429,0.4781946089899416,0.5033283332176688,0.48618236577183843
2023020855,20232024,2024-02-17,2,0,0.4981892988733338,0.5923961264544977,0.5511915161730824,0.45783195810099353,0.48554442234592526
2023020856,20232024,2024-02-17,2,0,0.4787575766605854,0.5250822923562195,0.48728698228493644,0.44249985131386566,0.5064858963829539
2023020857,20232024,2024-02-17,2,0,0.47457403147748684,0.5235747890052683,0.47674646563196943,0.5018124361018985,0.44516319269859256
2023020858,20232024,2024-02-17,2,1,0.7524311849375596,0.741250696022758,0.7299588893311114,0.7632432607422802,0.7640914047392872
2023020859,20232024,2024-02-17,2,1,0.5330521782865221,0.6080104627022666,0.5156534291577051,0.5727580495806047,0.5107450561212566
2023020860,20232024,2024-02-17,2,0,0.5552769008104781,0.5932944422770623,0.5575738833844773,0.5464934816428155,0.5617633374041413
2023020861,20232024,2024-02-17,2,0,0.3827142638814299,0.5458439377783676,0.3748817145130136,0.39295416955447227,0.3803069075768037
2023020862,20232024,2024-02-17,2,0,0.5214022874540482,0.5685269664693223,0.5431422097122994,0.5263213133524764,0.4947433392973687
2023020863,20232024,2024-02-18,2,0,0.4555021809052518,0.45411985115316,0.4428364622477862,0.48355335012259015,0.44011673034537907
2023020864,20232024,2024-02-18,2,1,0.7186896988502914,0.7322398413347747,0.721177040534041,0.7107830923841841,0.7241089636326493
2023020865,20232024,2024-02-18,2,0,0.5656824238808423,0.5474293376510484,0.5614800499844909,0.5937119808635803,0.5418552407944558
2023020866,20232024,2024-02-19,2,0,0.6662076007344889,0.682025377460621,0.6694983935942588,0.6565706317215287,0.6725537768876794
2023020867,20232024,2024-02-19,2,1,0.5573174470307863,0.5940384343510468,0.5572611600641042,0.5590956715812124,0.5555955094470423
2023020868,20232024,2024-02-19,2,0,0.3943561447607495,0.5072385934940539,0.4333698201162676,0.36166402069873355,0.3880345934672472
2023020869,20232024,2024-02-19,2,1,0.4403217782303248,0.507540362965806,0.4436987436723921,0.4528096893144519,0.42445690170413036
2023020870,20232024,2024-02-19,2,0,0.5466504320256622,0.5695082366076719,0.5646016003041673,0.5556489942666198,0.5197007015061994
2023020871,20232024,2024-02-19,2,0,0.2664830298021375,0.3793311341682352,0.3017819251739382,0.2552174276873095,0.24244973654516483
2023020872,20232024,2024-02-19,2,1,0.48217388531408023,0.5046673088645939,0.4686247696415438,0.5205654644553903,0.45733142184530656
2023020873,20232024,2024-02-19,2,0,0.3520536839411252,0.333859806057538,0.3800552721442987,0.289425290527284,0.3866804891517927
2023020874,20232024,2024-02-19,2,1,0.805779506173593,0.793735165372698,0.7507168281398309,0.830809273584247,0.8358124167967008
2023020875,20232024,2024-02-19,2,0,0.5628963444067061,0.6619869779858583,0.5760686099793413,0.5635279654711502,0.5490924577696268
2023020876,20232024,2024-02-20,2,1,0.667112457676272,0.7121521543595984,0.6555560121580292,0.6625346266960915,0.6832467341746956
2023020877,20232024,2024-02-20,2,1,0.5748528728194904,0.576234242622367,0.5610558529379819,0.5625956291262522,0.6009071363942372
2023020878,20232024,2024-02-20,2,0,0.546609321047767,0.6100301635614686,0.5293733802491548,0.5739249632858994,0.5365296196082466
2023020879,20232024,2024-02-20,2,1,0.4758087653114831,0.5015771075265553,0.455712320643204,0.49530375223054374,0.47641022306070147
2023020880,20232024,2024-02-20,2,1,0.5633791831635472,0.6122998398231948,0.5623264178410293,0.5697160809574138,0.5580950506921981
2023020881,20232024,2024-02-20,2,1,0.599199542396068,0.5951919249573853,0.6378155055325884,0.5883334998961965,0.5714496217594189
2023020882,20232024,2024-02-20,2,0,0.5331378105278279,0.6601238146020594,0.581757492707423,0.5315069631552228,0.486148975720838
2023020883,20232024,2024-02-20,2,1,0.6805059510185063,0.7250267659229587,0.6903654308834614,0.7021649517839592,0.6489874703880983
2023020884,20232024,2024-02-21,2,0,0.38025256087349707,0.4888595764052297,0.3951084246511973,0.36846004344622496,0.377189214523069
2023020885,20232024,2024-02-21,2,0,0.3549491692306661,0.4309670293758472,0.36563009378147626,0.32357539860588336,0.37564201530463875
2023020886,20232024,2024-02-21,2,0,0.5376394121565168,0.5721512254619026,0.5327575163345225,0.5269480468511964,0.5532126732838311
2023020887,20232024,2024-02-21,2,0,0.3712068580234515,0.4129241846821344,0.38067061830998916,0.35900882613526286,0.37394112962510234
2023020888,20232024,2024-02-21,2,0,0.592183544758932,0.5671681833431759,0.599357578938872,0.5810514385311087,0.5961416168068153
2023020889,20232024,2024-02-22,2,1,0.578958255988608,0.5484638305508813,0.5693707248188742,0.5588272342285301,0.6086768089184196
2023020890,20232024,2024-02-22,2,1,0.4202539159124086,0.475202002678704,0.4147570307402094,0.4297196675252645,0.416285049471752
2023020891,20232024,2024-02-22,2,0,0.45335333576442444,0.4859670452118909,0.43993288890751525,0.49043861138153916,0.4296885070042188
2023020892,20232024,2024-02-22,2,1,0.42819172055662996,0.4531875800396681,0.4399596228469074,0.408642555042485,0.43597298378049754
2023020893,20232024,2024-02-22,2,1,0.7009366471366567,0.6785303417968787,0.6968732736584137,0.7123100546487083,0.6936266131028482
2023020894,20232024,2024-02-22,2,0,0.6500758899882256,0.6576128510191043,0.6177860034502585,0.6768088209831247,0.655632845531294
2023020895,20232024,2024-02-22,2,1,0.5018314447369144,0.5895209406511023,0.5244870735676075,0.45301370625935306,0.5279935543837825
2023020896,20232024,2024-02-22,2,1,0.5581523401100217,0.4591002893452768,0.5434150565091459,0.5890621145520666,0.5419798492688526
2023020897,20232024,2024-02-22,2,1,0.42234396594444146,0.4980770771946207,0.40391984708532325,0.4352266635398837,0.4278853872081173
2023020898,20232024,2024-02-22,2,0,0.560464450734577,0.5768228614493542,0.5429530203753125,0.5547860190127907,0.5836543128156279
2023020899,20232024,2024-02-22,2,0,0.5731123684749448,0.6147697612989058,0.5496061343918895,0.615305905713391,0.5544250653195539
2023020900,20232024,2024-02-23,2,0,0.41379889896506167,0.4670299257840565,0.40466335675614973,0.4186875174754543,0.41804582266358103
2023020901,20232024,2024-02-23,2,0,0.32850738948613234,0.3363221566293624,0.36942674238980516,0.27932067504395297,0.33677475102463883
2023020902,20232024,2024-02-23,2,0,0.5846248493179261,0.6597700430302574,0.5879710630267786,0.5826300599698221,0.5832734249571777
2023020903,20232024,2024-02-24,2,1,0.6756195291723642,0.6820096231186351,0.6873716467264814,0.6688632094362809,0.6706237313543302
2023020904,20232024,2024-02-24,2,0,0.4381121432588166,0.4995882520454875,0.42577190473400545,0.4641154635803512,0.424449061462093
2023020905,20232024,2024-02-24,2,0,0.5112371693457852,0.4432069276721243,0.5208995091915094,0.5147850754040542,0.49802692344179195
2023020906,20232024,2024-02-24,2,1,0.6898536742041345,0.7135034332559571,0.6715723425999608,0.7079791894583048,0.6900094905541375
2023020907,20232024,2024-02-24,2,0,0.5929841951919613,0.5971565393040796,0.5861393283025111,0.5778013534448042,0.615011903828569
2023020908,20232024,2024-02-24,2,0,0.5119895310262524,0.5854267857699984,0.49779142249929137,0.5142200089572609,0.5239571616222052
2023020909,20232024,2024-02-24,2,1,0.5444006246838814,0.5802401352904963,0.5716097766100882,0.5231367805602635,0.5384553168812926
2023020910,20232024,2024-02-24,2,1,0.525709263916822,0.4744848062078569,0.5180629271114524,0.5393441219078994,0.5197207427311146
2023020911,20232024,2024-02-24,2,1,0.5439245334690597,0.5150543070067619,0.5519163786146924,0.5339940585190251,0.5458631632734614
2023020912,20232024,2024-02-24,2,0,0.5743192406342126,0.6556479008093838,0.5814437098066602,0.5646859328952941,0.5768280792006834
2023020913,20232024,2024-02-24,2,0,0.5518228075213151,0.5489660383967087,0.5334890890606555,0.557051040539327,0.5649282929639627
2023020914,20232024,2024-02-24,2,0,0.3264423285232653,0.3971973894828537,0.3421172767039472,0.3126097025025031,0.3246000063633457
2023020915,20232024,2024-02-24,2,1,0.7261024046231149,0.7299312307667355,0.7472070300998578,0.7223203396161003,0.7087798441533864
2023020916,20232024,2024-02-25,2,0,0.48923198761383224,0.533171948819505,0.5159378367066939,0.49781811597388304,0.4539400101609199
2023020917,20232024,2024-02-25,2,1,0.5986185344970809,0.6059249351943411,0.5721556985257122,0.6204590144918554,0.6032408904736752
2023020918,20232024,2024-02-25,2,1,0.4586286886205671,0.4562879423700904,0.483420024693449,0.47154474700693677,0.42092129416131563
2023020919,20232024,2024-02-25,2,1,0.4796306412299069,0.3410810937128465,0.4760061505676015,0.4273225075307084,0.5355632655914109
2023020920,20232024,2024-02-25,2,0,0.41587851697507666,0.3836797840901453,0.3960420566065433,0.41104098719127324,0.44055250712741345
2023020921,20232024,2024-02-25,2,1,0.7392757759904725,0.7221568605930226,0.7101157811519282,0.7387025207862986,0.7690090260331904
2023020922,20232024,2024-02-25,2,0,0.32769295612568433,0.4180365807865813,0.34444074312795014,0.31809802044909596,0.3205401048000069
2023020923,20232024,2024-02-26,2,1,0.5194936910175866,0.5577575869290848,0.5018321071511088,0.5176602862566027,0.5389886796450485
2023020924,20232024,2024-02-26,2,0,0.6428093772983617,0.6819280587341554,0.6659000979157205,0.6288933805959813,0.6336346533833835
2023020925,20232024,2024-02-26,2,1,0.6258143959698105,0.623034493330042,0.5980556121636241,0.6606534462841874,0.6187341294616199
2023020926,20232024,2024-02-26,2,1,0.4950165087456724,0.4506257038311353,0.4988955041411374,0.509768723516703,0.4763852985791768
2023020927,20232024,2024-02-27,2,1,0.6128667576018917,0.6180041223484597,0.6269985880382877,0.6188274501660127,0.5927742346013749
2023020928,20232024,2024-02-27,2,1,0.6306046714947071,0.6961067058209841,0.5867272705157335,0.6654445352341559,0.6396422087342319
2023020929,20232024,2024-02-27,2,1,0.5741799567090767,0.5545840464906353,0.561123524542406,0.5567385841568203,0.6046777614280038
2023020930,20232024,2024-02-27,2,1,0.4984218790952431,0.4897768856591949,0.46740392747039206,0.5234455157531765,0.5044161940621608
2023020931,20232024,2024-02-27,2,0,0.628903633906567,0.5910384065942731,0.6332698137511559,0.6132981830540981,0.6401429049144468
2023020932,20232024,2024-02-27,2,0,0.4548304554548092,0.50727176387334,0.4688948014542513,0.4502188860965088,0.44537767881366747
2023020933,20232024,2024-02-27,2,1,0.5880871222206704,0.6166740373555495,0.5746999775217461,0.5983664948371545,0.5911948943031105
2023020934,20232024,2024-02-27,2,1,0.6093091459578419,0.6473551259098489,0.6078427268090238,0.603204633943909,0.6168800771205929
2023020935,20232024,2024-02-27,2,1,0.5908341755289482,0.5587008874868328,0.5641339029364904,0.6136609354995669,0.5947076881507873
2023020936,20232024,2024-02-27,2,1,0.6347375964452194,0.5875373767713944,0.6281130019009056,0.6381709905142058,0.6379287969205469
2023020937,20232024,2024-02-27,2,0,0.5708029202321017,0.6219509007844642,0.5469807181516173,0.5817488809690492,0.5836791615756386
2023020938,20232024,2024-02-27,2,0,0.3062661954214633,0.4018463867190656,0.3306730229164493,0.27801417373736065,0.31011138961058
2023020939,20232024,2024-02-28,2,1,0.6845080480429392,0.7636849141406818,0.7052582545293632,0.6685185444075444,0.6797473451919098
2023020940,20232024,2024-02-28,2,1,0.7092103290789319,0.6726246766941216,0.687358708783744,0.7341495947036611,0.7061226837493905
2023020941,20232024,2024-02-29,2,1,0.6058318073328767,0.6051426093884269,0.5981883086607831,0.6233341033847642,0.5959730099530827
2023020942,20232024,2024-02-29,2,0,0.309434576895798,0.3542245337362902,0.34289597977282066,0.2643543337191106,0.32105341719546276
2023020943,20232024,2024-02-29,2,0,0.5512340337338469,0.624294023078858,0.5625974045000096,0.548888745440191,0.5422159512613404
2023020944,20232024,2024-02-29,2,1,0.740918235711875,0.7737463830705718,0.7360585885404002,0.7407775294914953,0.7459185891037294
2023020945,20232024,2024-02-29,2,0,0.5801083723416612,0.6291295252267367,0.5642227992837272,0.5984863424246528,0.5776159753166035
2023020946,20232024,2024-02-29,2,1,0.7227744834034607,0.7334458646396115,0.7366912218127734,0.7016769799243368,0.729955248473272
2023020947,20232024,2024-02-29,2,1,0.5585200002459899,0.5663529995899097,0.5339131329184068,0.586984095725864,0.5546627720936987
2023020948,20232024,2024-02-29,2,1,0.5286457144049223,0.5670335294705876,0.5307572003438722,0.504854107169368,0.5503258357015268
2023020949,20232024,2024-02-29,2,0,0.33281632080163065,0.3052263083352781,0.37676730458255353,0.2624828424681581,0.3591988153541803
2023020950,20232024,2024-02-29,2,1,0.49052389136831676,0.5523370073140363,0.44801684424443655,0.5175694250083862,0.5059854048521275
2023020951,20232024,2024-02-29,2,0,0.5805182800941596,0.6003780194768893,0.568103083665156,0.5871673646962967,0.5862843919210263
2023020952,20232024,2024-02-29,2,0,0.49203979330101544,0.5400277636037383,0.4771705855489934,0.4913351604359606,0.5076136339180923
2023020953,20232024,2024-03-01,2,0,0.648704969608023,0.6401073122948958,0.6340031854922507,0.639668620728449,0.6724431026033693
2023020954,20232024,2024-03-01,2,1,0.46355663300194355,0.5556010980233256,0.4566145303752198,0.4757128435574353,0.45834252507317536
2023020955,20232024,2024-03-01,2,1,0.27472155041573526,0.4263067666930401,0.3070543813664319,0.25005407752466613,0.2670561923561077
2023020956,20232024,2024-03-02,2,0,0.6205198027218363,0.6031893461804974,0.5853983919944983,0.6630178394248369,0.6131431767461735
2023020957,20232024,2024-03-02,2,1,0.4627994820284536,0.4339177626200928,0.4811101904127879,0.4648903313971575,0.4423979242754154
2023020958,20232024,2024-03-02,2,0,0.40240303407210787,0.4752345993267464,0.399129311670099,0.424823108658225,0.3832566818879996
2023020959,20232024,2024-03-02,2,1,0.47570576016621463,0.4980790771174448,0.4624679380859166,0.4548013912617244,0.5098479511510027
2023020960,20232024,2024-03-02,2,1,0.5149685778782601,0.4886272738350943,0.5274560045322859,0.49237219693330603,0.5250775321691883
2023020961,20232024,2024-03-02,2,0,0.4074080013612357,0.461675739842311,0.39981542096543304,0.39236467544046844,0.43004390767780565
2023020962,20232024,2024-03-02,2,1,0.5878497267630238,0.5853355751956678,0.5501894809993609,0.608745246274095,0.6046144530156156
2023020963,20232024,2024-03-02,2,1,0.7041849021981225,0.711123675309149,0.7268347467728029,0.6896260296317545,0.6960939301898098
2023020964,20232024,2024-03-02,2,1,0.6100998081501867,0.5483770116788604,0.6113372865057213,0.6213684615189593,0.5975936764258797
2023020965,20232024,2024-03-02,2,0,0.41969960216566043,0.515354852093404,0.4022911209839301,0.4070843945326342,0.449723290980417
2023020966,20232024,2024-03-02,2,1,0.7814044537342849,0.790209734684236,0.7563941381995205,0.8035848271671562,0.7842343958361779
2023020967,20232024,2024-03-02,2,1,0.4484929002764158,0.5377080117924957,0.44898673043264903,0.4488344849868086,0.44765748540979
2023020968,20232024,2024-03-02,2,1,0.5535871300386203,0.5860737469055131,0.5617058769453493,0.552257223497823,0.5467982896726884
2023020969,20232024,2024-03-03,2,0,0.6064976825382264,0.6354453539296384,0.5857369408854759,0.5844355318811394,0.6493205748480643
2023020970,20232024,2024-03-03,2,1,0.5438259772695706,0.607294424874591,0.5307761139209558,0.530429206789725,0.570272611098031
2023020971,20232024,2024-03-03,2,0,0.5053245381472996,0.4934516927508149,0.5271573421404449,0.4942886811987945,0.4945275911026594
2023020972,20232024,2024-03-03,2,1,0.7527454411902591,0.7481679222710953,0.747030712132878,0.7395477962775355,0.7716578151603638
2023020973,20232024,2024-03-03,2,0,0.30322264738320326,0.387654173964707,0.3377778362135023,0.2597050459319146,0.31218506000419277
2023020974,20232024,2024-03-03,2,1,0.617644546066631,0.6592361714711111,0.6096890837984665,0.6019810279808209,0.6412635264206057
2023020975,20232024,2024-03-04,2,1,0.40377589275020437,0.3889901838965218,0.3867706422442315,0.3905477351905076,0.43400930081587386
2023020976,20232024,2024-03-04,2,0,0.4520750162026171,0.5398832761878669,0.4381587080417877,0.4368869953492908,0.48117934521677286
2023020977,20232024,2024-03-04,2,0,0.6242783386860019,0.5577946927420984,0.6026761597714061,0.6402069113083705,0.6299519449782293
2023020978,20232024,2024-03-04,2,0,0.5652375671125079,0.5506544844532629,0.5506297163299746,0.581019331000482,0.5640636540070675
2023020979,20232024,2024-03-04,2,1,0.7841329341395532,0.8073302703024546,0.7648727519304269,0.8029964997155788,0.7845295507726537
2023020980,20232024,2024-03-04,2,0,0.6277530137875803,0.6013773651681388,0.629440312651682,0.6235552602142481,0.6302634684968107
2023020981,20232024,2024-03-05,2,0,0.4569048439589696,0.5764394295948264,0.49513768135730973,0.4320066928387503,0.4435701576808486
2023020982,20232024,2024-03-05,2,0,0.501223478306173,0.4302957461768452,0.4604854843762161,0.47385601365061136,0.5693289368916915
2023020983,20232024,2024-03-05,2,1,0.6997995277039234,0.6787166928367376,0.6721145127536353,0.7516629325092983,0.6756211378488367
2023020984,20232024,2024-03-05,2,1,0.6044744969056607,0.5601121161829065,0.5776508556365834,0.6264589871176884,0.6093136479627103
2023020985,20232024,2024-03-05,2,0,0.6776485441870369,0.7094855655016042,0.7011630538919095,0.6287958348075943,0.702986743861607
2023020986,20232024,2024-03-05,2,0,0.6422241787114901,0.6456058158653117,0.6334489645595297,0.6640237602249712,0.6291998113499693
2023020987,20232024,2024-03-05,2,0,0.7194106518213751,0.6684231752977952,0.6906220975364342,0.7340314653697906,0.7335783925579005
2023020988,20232024,2024-03-05,2,0,0.48596581284835594,0.5634722100833625,0.4497925731112172,0.5186506833367897,0.48945418209706115
2023020989,20232024,2024-03-05,2,0,0.31412577805350156,0.3170337257633529,0.355081492900491,0.2653997523966894,0.3218960888633243
2023020990,20232024,2024-03-06,2,1,0.6197995041216999,0.6514319498461311,0.6033819371008545,0.630780829017313,0.6252357462469323
2023020991,20232024,2024-03-06,2,1,0.6020816243514994,0.6564557853121701,0.5815567772212292,0.6289116779101575,0.5957764179231114
2023020992,20232024,2024-03-06,2,1,0.37784953598597554,0.4794743360237936,0.38715266298377604,0.3580230330152822,0.3883729119588684
2023020993,20232024,2024-03-07,2,1,0.602147623660859,0.6001897827463171,0.6048382243172205,0.6218297926192619,0.5797748540460949
2023020994,20232024,2024-03-07,2,1,0.7526072286343367,0.7514674876223325,0.7643983168843352,0.7468684100727674,0.7465549589459076
2023020995,20232024,2024-03-07,2,1,0.3503881086453873,0.3507099417052181,0.3543770008968474,0.33457845381572204,0.36220887122359235
2023020996,20232024,2024-03-07,2,0,0.6147386307078165,0.7247448655491738,0.5979392151483301,0.6643594969972818,0.5819171799778377
2023020997,20232024,2024-03-07,2,1,0.6209530264028227,0.5730914773450766,0.6242418011213022,0.6003526644990302,0.6382646135881357
2023020998,20232024,2024-03-07,2,0,0.6089529408893893,0.6171259924462645,0.5901045406941643,0.6247507144404644,0.6120035675335392
2023020999,20232024,2024-03-07,2,0,0.5402250805704619,0.5912038351345666,0.5464102573414465,0.530457932195458,0.5438070521744812
2023021000,20232024,2024-03-07,2,1,0.6412921489474629,0.6123358832666587,0.6453268007170186,0.6213285338981249,0.657221112227245
2023021001,20232024,2024-03-07,2,0,0.3950846320790062,0.4559073269438453,0.37639607579406187,0.4208610586637991,0.3879967617791576
2023021002,20232024,2024-03-07,2,0,0.4882578723583914,0.5707909849339194,0.45792786619236175,0.5364266899070097,0.4704190609758027
2023021003,20232024,2024-03-07,2,1,0.6557446103950155,0.6569224311745337,0.6308537200015941,0.6755167624154675,0.6608633487679849
2023021004,20232024,2024-03-07,2,0,0.33927901805538735,0.3965938941932129,0.36102996915721886,0.29789069624116526,0.3589163887677779
2023021005,20232024,2024-03-08,2,1,0.44129725788426516,0.4633201712248565,0.47393580611222136,0.4048012031506854,0.4451547643898888
2023021006,20232024,2024-03-08,2,1,0.6374375267763647,0.6484524889914113,0.6335106075177479,0.6488331106276857,0.6299688621836607
2023021007,20232024,2024-03-08,2,0,0.28125522568501277,0.3616581664155844,0.3333014984366284,0.22581635458758667,0.2846478240308234
2023021008,20232024,2024-03-08,2,0,0.4863861219017353,0.503420048037182,0.48953943958346324,0.4955063365006728,0.47411258962106984
2023021009,20232024,2024-03-09,2,1,0.44859005686882075,0.4537762525659738,0.46020490261733765,0.4459788329163053,0.43958643507281914
2023021010,20232024,2024-03-09,2,0,0.3582607006647908,0.4293087806091318,0.35244527312086843,0.3741350467820457,0.3482017820914582
2023021011,20232024,2024-03-09,2,0,0.46981720758996476,0.4707557440157565,0.5174744951929576,0.424724824049365,0.4672523035275718
2023021012,20232024,2024-03-09,2,1,0.572314629393846,0.680815531994293,0.5937656925243129,0.5997172171177485,0.5234609785394768
2023021013,20232024,2024-03-09,2,1,0.5915580971718798,0.6719161635154114,0.5974036972378562,0.5984020247641458,0.5788685695136371
2023021014,20232024,2024-03-09,2,0,0.3726565354889538,0.3887186312502637,0.3819701673648715,0.35804750480089803,0.3779519343010918
2023021015,20232024,2024-03-09,2,1,0.36060547224334666,0.4293116894414578,0.34601165779219634,0.32896191494507837,0.4068428439927652
2023021016,20232024,2024-03-09,2,1,0.5685849892260705,0.6251382399537404,0.5179410763542287,0.6303135751012708,0.5575003162227121
2023021017,20232024,2024-03-09,2,1,0.7129307119764782,0.7119116316091807,0.7000304686434731,0.6989533474720564,0.739808319813905
2023021018,20232024,2024-03-09,2,1,0.6594544612495965,0.6742786582747533,0.6504454232287833,0.677847053034189,0.650070907485817
2023021019,20232024,2024-03-09,2,1,0.5896142324432887,0.5500692777954894,0.5868247124795244,0.6129993202071333,0.5690186646432083
2023021020,20232024,2024-03-09,2,1,0.6227995040464814,0.6239996256554403,0.5975610470557582,0.6755407594253465,0.5952967056583395
2023021021,20232024,2024-03-09,2,0,0.5122353995164458,0.5306726177410956,0.5284340620434625,0.5318241720710791,0.47644796443479576
2023021022,20232024,2024-03-10,2,0,0.3936541675468022,0.4634682719941841,0.3598951247740603,0.44444566016878295,0.3766217176975634
2023021023,20232024,2024-03-10,2,1,0.5600860433080215,0.5535918948525838,0.5648317072851974,0.5825384641428291,0.532887958496038
2023021024,20232024,2024-03-10,2,1,0.5807870962672935,0.6455458041951802,0.5685412446516497,0.5833184287788493,0.5905016153713816
2023021025,20232024,2024-03-10,2,1,0.3422561498220251,0.481833158922638,0.3554072917592943,0.30666414638485273,0.3646970113219283
2023021026,20232024,2024-03-10,2,0,0.35903972007451895,0.4379755683630672,0.35010767411821175,0.3303038823612602,0.39670760374408476
2023021027,20232024,2024-03-11,2,0,0.6799556213021877,0.6978858222295689,0.6488831768973216,0.7207592869088155,0.6702244001004263
2023021028,20232024,2024-03-11,2,1,0.5452695132297566,0.671599312106141,0.5684470387441382,0.5535754401065968,0.513786060838535
2023021029,20232024,2024-03-11,2,1,0.6507661252812093,0.6690045023169577,0.6649907916402082,0.6444447500945257,0.6428628341088938
2023021030,20232024,2024-03-11,2,1,0.6317237882255594,0.6050464429250998,0.6072982392539897,0.6253478006911893,0.6625253247314993
2023021031,20232024,2024-03-12,2,1,0.531777858207994,0.5692584915946909,0.5293562346854199,0.5237822413257199,0.5421950986128418
2023021032,20232024,2024-03-12,2,0,0.6793879873815573,0.577944039048566,0.6590781798744211,0.6896863471867969,0.6893994350834539
2023021033,20232024,2024-03-12,2,1,0.5668204037517682,0.5672754669230748,0.5532737337576924,0.593614796943939,0.553572680553673
2023021034,20232024,2024-03-12,2,1,0.4944813798505536,0.5317704780400451,0.5215668525814225,0.4700917628316558,0.49178552413858234
2023021035,20232024,2024-03-12,2,1,0.7861459470705289,0.7190686790120896,0.752291731137064,0.8052677634912633,0.8008783465832592
2023021036,20232024,2024-03-12,2,0,0.4997493628916924,0.5210733415968544,0.47804451261434916,0.47495821482995887,0.5462453612307693
2023021037,20232024,2024-03-12,2,1,0.6528031919030712,0.6896217635032101,0.6751152637066559,0.6273619948959357,0.6559323171066224
2023021038,20232024,2024-03-12,2,1,0.5285288623453551,0.5383774860419698,0.5392612613675326,0.5010287597588385,0.5452965659096942
2023021039,20232024,2024-03-12,2,0,0.47456476240927437,0.4861491322056268,0.4602747354141172,0.5077601746375273,0.45565937717617866
2023021040,20232024,2024-03-12,2,0,0.5301682542187832,0.5212760033783437,0.5656354206226064,0.5179455636101253,0.5069237784236178
2023021041,20232024,2024-03-13,2,1,0.46915841440912437,0.5222294524569677,0.4692715658032115,0.45033341836324114,0.4878702590609205
2023021042,20232024,2024-03-13,2,0,0.5550107340249504,0.6163353105490166,0.5471734598648937,0.578937768588333,0.5389209736216242
2023021043,20232024,2024-03-13,2,1,0.7150638800834365,0.6972896872712612,0.7231379630179846,0.7003382187086395,0.7217154585236851
2023021044,20232024,2024-03-13,2,0,0.5492454929812114,0.5290976200059689,0.527886997309366,0.5584243144783982,0.5614251671558698
2023021045,20232024,2024-03-14,2,1,0.550206688146525,0.570557746610204,0.5571177079418375,0.5115488255889025,0.581953530908835
2023021046,20232024,2024-03-14,2,1,0.566789793321392,0.5310345456844756,0.5644666152081164,0.5430054606075913,0.5928973041484686
2023021047,20232024,2024-03-14,2,0,0.4383191829614692,0.5086646292093037,0.4385847471259081,0.4273050373086342,0.44906776444986535
2023021048,20232024,2024-03-14,2,0,0.5980230937591121,0.6592240494397371,0.5673223720956806,0.6245129158107856,0.6022339933708701
2023021049,20232024,2024-03-14,2,0,0.3822358089190891,0.360508263534979,0.3701017138807194,0.36878847631146316,0.4078172365650847
2023021050,20232024,2024-03-14,2,0,0.5234865447839843,0.4701964645916565,0.5438285861695986,0.5149868850100305,0.5116441631723235
2023021051,20232024,2024-03-14,2,1,0.7614793697786698,0.7276479257255485,0.7207494786549382,0.7562906690540455,0.8073979616270257
2023021052,20232024,2024-03-14,2,1,0.5466704499015522,0.5062712311431496,0.5731975871720933,0.5398482193241813,0.5269655432083818
2023021053,20232024,2024-03-14,2,0,0.5771355622142363,0.6645044508198699,0.5454800507616381,0.6042336047322276,0.5816930311488434
2023021054,20232024,2024-03-14,2,1,0.7510783571607019,0.7338963981982372,0.7503651186584839,0.7237444721978199,0.7791254806258018
2023021055,20232024,2024-03-14,2,1,0.5926166099644629,0.5275573642379847,0.5705417479166787,0.6130082684745393,0.5942998135021706
2023021056,20232024,2024-03-14,2,0,0.6466351079972044,0.60469558704985,0.6040419120190713,0.6599830940794469,0.6758803178930949
2023021057,20232024,2024-03-15,2,1,0.796076107374991,0.7713742226685775,0.7587497556699041,0.8110589548236586,0.8184196116314103
2023021058,20232024,2024-03-15,2,0,0.3581990816863621,0.3663922835668386,0.35502658182252345,0.3275717446727598,0.39199891856380303
2023021059,20232024,2024-03-16,2,1,0.4902421028848913,0.5459396326739899,0.48376857739061596,0.506569163696834,0.4803885675672237
2023021060,20232024,2024-03-16,2,0,0.5931869804860237,0.6092863823139396,0.5947242348354309,0.5801831629253603,0.60465354369728
2023021061,20232024,2024-03-16,2,0,0.44479459647637015,0.4562205242766365,0.41516511842026615,0.4800928434958757,0.4391258275129686
2023021062,20232024,2024-03-16,2,1,0.44318851140330184,0.4737562135027978,0.450089223518505,0.43515030370250657,0.4443260069888939
2023021063,20232024,2024-03-16,2,0,0.5816633038596762,0.6578305392706351,0.5667762798282284,0.5912892015685774,0.5869244301822226
2023021064,20232024,2024-03-16,2,1,0.6213868397868053,0.7015176856450748,0.6077210436613872,0.6347702061216536,0.6216692695773754
2023021065,20232024,2024-03-16,2,1,0.6592335958085439,0.644266275330322,0.6383476947845373,0.654929217908333,0.6844238747327616
2023021066,20232024,2024-03-16,2,1,0.7186033704884557,0.6922893737687518,0.6873771997884944,0.7346322534502139,0.7338006582266585
2023021067,20232024,2024-03-16,2,0,0.5229025063099401,0.5424522133461235,0.5038763559081767,0.5420156226314073,0.5228155403902363
2023021068,20232024,2024-03-16,2,1,0.6928511698761022,0.6060663451526431,0.6705619005378544,0.7220579819077673,0.6859336271826849
2023021069,20232024,2024-03-16,2,1,0.4247192392399601,0.5383916862532553,0.4457222733894919,0.43192529268618385,0.39651015164420444
2023021070,20232024,2024-03-16,2,0,0.51245069437149,0.5655110273703768,0.5463260699384096,0.47845546136615263,0.512570551809908
2023021071,20232024,2024-03-16,2,0,0.457867469846736,0.524545156279392,0.467708563946738,0.47037548253206135,0.43551836306140845
2023021072,20232024,2024-03-16,2,0,0.6387073120417767,0.6630633641664043,0.6259311822276079,0.6890697442212425,0.6011210096764795
2023021073,20232024,2024-03-17,2,1,0.6050492877834883,0.6835696143852933,0.6032605688749721,0.6139775083223116,0.5979097861531811
2023021074,20232024,2024-03-17,2,1,0.6257082545483231,0.62790678039411,0.5933805507741675,0.6819192790865853,0.6018249337842164
2023021075,20232024,2024-03-17,2,0,0.30956686593242844,0.3798853948149913,0.3302809801158807,0.30241929882501456,0.29600031885639
2023021076,20232024,2024-03-17,2,1,0.589340506314367,0.5919516322877998,0.5896601669221374,0.594175902968474,0.5841854490524896
2023021077,20232024,2024-03-17,2,0,0.34619111594698593,0.4122363443682309,0.357769735577524,0.3231778598025574,0.35762575246087636
2023021078,20232024,2024-03-17,2,1,0.588171168748257,0.5682573280552207,0.5953238665901489,0.5540607778949959,0.6151288617596263
2023021079,20232024,2024-03-17,2,1,0.6514604073338095,0.716872167112911,0.6650231750226553,0.571964874650765,0.7173931723280083
2023021080,20232024,2024-03-18,2,0,0.6310900001561427,0.6183732787295367,0.6102194219504707,0.6344046228652858,0.6486459556526716
2023021081,20232024,2024-03-18,2,0,0.5250861111471,0.5641050852770257,0.512693303224267,0.5085678339807722,0.553997196236261
2023021082,20232024,2024-03-19,2,1,0.7259351400313161,0.71810027123227,0.7160627769576977,0.7399091596676303,0.7218334834686203
2023021083,20232024,2024-03-19,2,1,0.6125942589184835,0.6635052499486698,0.5910703286196072,0.645541157670986,0.6011712904648574
2023021084,20232024,2024-03-19,2,1,0.5654589463462723,0.5759066203705717,0.5724472447696927,0.5275332431238163,0.5963963511453076
2023021085,20232024,2024-03-19,2,0,0.5731287161454844,0.5962934104411142,0.5366904225025825,0.607124675944468,0.575571049989403
2023021086,20232024,2024-03-19,2,1,0.49160400022049705,0.4582288770259725,0.506040959082631,0.4826348598288607,0.48613618174999934
2023021087,20232024,2024-03-19,2,0,0.40833138052525975,0.4316244048927209,0.40796780831418,0.39801105933395026,0.4190152739276488
2023021088,20232024,2024-03-19,2,1,0.7860115085255094,0.7868985977576163,0.7820202648265424,0.8008362264789033,0.7751780342710826
2023021089,20232024,2024-03-19,2,0,0.33434160571926924,0.4535183666963049,0.3465253741044452,0.31068654265194046,0.3458129004014221
2023021090,20232024,2024-03-19,2,1,0.7407076534110639,0.7643900340477694,0.7512649654982031,0.7350929154231425,0.7357650793118462
2023021091,20232024,2024-03-19,2,0,0.3674359041999622,0.3837950340871855,0.37601040344792863,0.35244823051450586,0.37384907863745215
2023021092,20232024,2024-03-19,2,1,0.74200813974404,0.7554005377781275,0.7419255288488067,0.7505436304207291,0.733555259962584
2023021093,20232024,2024-03-19,2,1,0.6356289610032702,0.6268428778635123,0.622469130165241,0.6582565494307274,0.6261612034138422
2023021094,20232024,2024-03-19,2,0,0.5916730385533896,0.5714120876607428,0.6085938453066648,0.5875537243814666,0.5788715459720374
2023021095,20232024,2024-03-20,2,0,0.476835738282226,0.4799948461305985,0.5366900915321048,0.44790425314930626,0.445912870165267
2023021096,20232024,2024-03-20,2,1,0.7348835442469813,0.7278872620699427,0.7290029902922264,0.7239529069051714,0.7516947355435462
2023021097,20232024,2024-03-20,2,1,0.5785418888489899,0.5787547355098844,0.5475094377738973,0.6024654900529263,0.5856507387201462
2023021098,20232024,2024-03-21,2,0,0.5671374202029352,0.5822961878814099,0.5587182560463152,0.5924209952397106,0.5502730093227797
2023021099,20232024,2024-03-21,2,1,0.6515700913906495,0.7159522477819871,0.6152983491481975,0.6875827037882319,0.651829221235519
2023021100,20232024,2024-03-21,2,1,0.48350308978368917,0.5736461679048386,0.48348064673742835,0.5083258638600244,0.4587027587536148
2023021101,20232024,2024-03-21,2,0,0.5566502128343096,0.6460904649517527,0.5494140779978086,0.5779292648047587,0.5426072957003614
2023021102,20232024,2024-03-21,2,1,0.4418400141214576,0.4746783911942002,0.4338778142200067,0.4768689916326606,0.41477323651170567
2023021103,20232024,2024-03-21,2,0,0.5558840772745033,0.5173196674031286,0.5446317170711246,0.5729842775296913,0.5500362372226941
2023021104,20232024,2024-03-21,2,1,0.6061883949101902,0.6714623677474107,0.6065655617301893,0.6007976287610728,0.6112019942393085
2023021105,20232024,2024-03-21,2,1,0.5277863878503352,0.5790951294013607,0.5169976382110838,0.5093292507657966,0.5570322745741251
2023021106,20232024,2024-03-21,2,1,0.7568520477589509,0.7335232791668106,0.7587407712202292,0.7571636489960386,0.7546517230605849
2023021107,20232024,2024-03-21,2,1,0.6391333240760858,0.6375622939246023,0.6154980816363014,0.6612689715624612,0.6406329190294946
2023021108,20232024,2024-03-21,2,0,0.3375144722446933,0.3117071535760142,0.3527030387712225,0.28061796543881506,0.3792224125240424
2023021109,20232024,2024-03-22,2,1,0.4298582798609533,0.4187752831884443,0.45466474496221115,0.41621224862688866,0.41869784599376
2023021110,20232024,2024-03-22,2,1,0.6568305366569833,0.6718583425845011,0.653329982570186,0.6433199039662988,0.6738417234344651
2023021111,20232024,2024-03-22,2,1,0.7452090824635468,0.7825608501003529,0.7554657471989125,0.7539199808262436,0.7262415193654844
2023021112,20232024,2024-03-22,2,1,0.4817755048001377,0.5011963522271518,0.4300947470106442,0.5343074278969375,0.4809243394928313
2023021113,20232024,2024-03-23,2,1,0.4470116552998697,0.4582671110371951,0.41884391363363455,0.49702603607974094,0.4251650161862335
2023021114,20232024,2024-03-23,2,1,0.42928872930321044,0.4328641040310808,0.3991412148738322,0.4540485272210321,0.43467644581476705
2023021115,20232024,2024-03-23,2,0,0.6410310252382269,0.5898597133317997,0.6187301755649058,0.674940774348388,0.6294221258013868
2023021116,20232024,2024-03-23,2,1,0.6985606875124141,0.6457929793793388,0.693327247657239,0.7119287267656257,0.6904260881143774
2023021117,20232024,2024-03-23,2,0,0.5897605937228669,0.6318973087686817,0.6085034143864945,0.5806781645670341,0.5801002022150722
2023021118,20232024,2024-03-23,2,1,0.5392023291292368,0.540450952521568,0.5459445475341864,0.5384834320578393,0.533179007795685
2023021119,20232024,2024-03-23,2,1,0.5013714002474433,0.5605983893788389,0.5019987004814612,0.44948367251070276,0.5526318277501657
2023021120,20232024,2024-03-23,2,1,0.6168798296041841,0.6225314237847354,0.6104520952007019,0.6381737798864537,0.6020136137253965
2023021121,20232024,2024-03-23,2,1,0.5819613190151507,0.5531489906850791,0.5590056681835671,0.5894413605382127,0.5974369283236722
2023021122,20232024,2024-03-23,2,0,0.4570271274489102,0.542548702283012,0.4423894526768149,0.457400865777181,0.47129106389273473
2023021123,20232024,2024-03-23,2,1,0.7798288964106281,0.7323600338261192,0.7583848626451801,0.8108208547812077,0.7702809718054965
2023021124,20232024,2024-03-24,2,1,0.4979683934077963,0.4750758864656862,0.5188218380064109,0.5022011001704159,0.4728822420465622
2023021125,20232024,2024-03-24,2,1,0.683786468567526,0.7103660642047438,0.6657237491588842,0.6573688508044889,0.7282668057392047
2023021126,20232024,2024-03-24,2,0,0.5274206837553428,0.5572371763008694,0.5108582417990076,0.5415793225430287,0.5298244869239922
2023021127,20232024,2024-03-24,2,1,0.6398422390378259,0.6077378935011261,0.6580949378795518,0.6386401397230953,0.6227916395108308
2023021128,20232024,2024-03-24,2,1,0.3593283233030549,0.4120718054845191,0.3599888859649706,0.3482005017436115,0.36979558220058284
2023021129,20232024,2024-03-24,2,0,0.3797390590431156,0.4241807978009255,0.41249188702715306,0.3592119096640472,0.3675133804381466
2023021130,20232024,2024-03-24,2,0,0.3052891138784068,0.3930087388353115,0.3352083317207116,0.26262970632445104,0.3180293035900577
2023021131,20232024,2024-03-24,2,0,0.4189243345954395,0.3512534474626521,0.43235413448495286,0.3640563926412438,0.4603624766601219
2023021132,20232024,2024-03-24,2,0,0.4968594804771808,0.5850148197104993,0.5024342102999082,0.4602775508803383,0.5278666802512959
2023021133,20232024,2024-03-24,2,0,0.6186709529641589,0.6585483308174018,0.607355251775036,0.6354109945681089,0.6132466125493313
2023021134,20232024,2024-03-25,2,0,0.41363741955949535,0.5272883385871133,0.4358839368319638,0.3974996845794367,0.40752863726708544
2023021135,20232024,2024-03-25,2,0,0.6278296173911024,0.5925959532248273,0.6324378483298679,0.6320833108006574,0.6189676930427819
2023021136,20232024,2024-03-26,2,0,0.5468863921842868,0.5932779051820887,0.5369936192340193,0.5675299823476389,0.5361355749712022
2023021137,20232024,2024-03-26,2,1,0.6423039823398674,0.7074362306071975,0.6360604104826668,0.6318340955843609,0.6590174409525748
2023021138,20232024,2024-03-26,2,1,0.3727426905292417,0.4176460485781439,0.35971277417636216,0.39698683449215194,0.361528462919211
2023021139,20232024,2024-03-26,2,0,0.6188830087710474,0.6518001914167121,0.5884110477641944,0.6620122837261452,0.6062256948228028
2023021140,20232024,2024-03-26,2,1,0.6172989700579498,0.5770122472841921,0.640098844354283,0.5879854398860571,0.6238126259335092
2023021141,20232024,2024-03-26,2,1,0.6243813835497286,0.5766994220564875,0.5943807130425937,0.6452184476644289,0.6335449899421636
2023021142,20232024,2024-03-26,2,0,0.45308961297290046,0.5409008469961961,0.4376730657965284,0.45804546436438714,0.4635503087577856
2023021143,20232024,2024-03-26,2,1,0.4044401884010869,0.3919523989095868,0.4522962589413986,0.3581652114764184,0.40285909478544374
2023021144,20232024,2024-03-26,2,0,0.7884302876534729,0.7761292737755965,0.7677437859351856,0.7871482751224692,0.8103988019027637
2023021145,20232024,2024-03-26,2,1,0.6006868694599486,0.60452895549465,0.6219380705338837,0.605916091096109,0.5742064467498532
2023021146,20232024,2024-03-26,2,1,0.6912901094005474,0.6891005281716653,0.6828834935512184,0.6798673139214014,0.7111195207290223
2023021147,20232024,2024-03-26,2,0,0.2863307062535382,0.2790320646799331,0.3443068730655421,0.19954518055593018,0.3151400651391423
2023021148,20232024,2024-03-27,2,0,0.5612021059084282,0.6209085710594608,0.5718964430582179,0.538006078108692,0.5737037965583747
2023021149,20232024,2024-03-27,2,1,0.546823388113097,0.5299975956900793,0.5676114654003874,0.5501530766960983,0.5227056222428055
2023021150,20232024,2024-03-28,2,1,0.7485868385252757,0.7015887524336901,0.7028869004858757,0.7828506574518529,0.7600229576380987
2023021151,20232024,2024-03-28,2,0,0.6454549576926547,0.7095453186017553,0.5967518271877339,0.6943643661355504,0.6452486797546799
2023021152,20232024,2024-03-28,2,1,0.41583244457257046,0.5047872746838973,0.4222711876866261,0.4406239753084733,0.3846021707226119
2023021153,20232024,2024-03-28,2,1,0.5699157402420209,0.6960944886378615,0.6003916368186255,0.5381696073026937,0.5711859766047431
2023021154,20232024,2024-03-28,2,1,0.6853118409453929,0.6802258353532957,0.6988103683896384,0.6933980337604608,0.6637271206860794
2023021155,20232024,2024-03-28,2,1,0.6589115045144412,0.653284604949163,0.6527239345592031,0.6501932171081545,0.6738173618759663
2023021156,20232024,2024-03-28,2,1,0.7686525274646566,0.7772930711253548,0.7551782528136535,0.7724216650234349,0.778357664556881
2023021157,20232024,2024-03-28,2,1,0.5046826670842228,0.5823956994435047,0.4786926674923426,0.4955378196779332,0.5398175140823926
2023021158,20232024,2024-03-28,2,0,0.5444516931023179,0.5812609102973307,0.5500211288011815,0.5538551668013305,0.5294787837044418
2023021159,20232024,2024-03-28,2,0,0.6047014817675213,0.578367117857809,0.6233225082507883,0.5890584404299015,0.601723496621874
2023021160,20232024,2024-03-28,2,1,0.6134971233075767,0.6200451758485765,0.6102524214641122,0.6316767356699861,0.5985622127886318
2023021161,20232024,2024-03-28,2,1,0.34743104431666977,0.4155952475291721,0.3606167069351105,0.34905685424848804,0.3326195717664109
2023021162,20232024,2024-03-28,2,1,0.7212410779648111,0.6965150761035164,0.726927141818822,0.7119839271219208,0.7248121649536903
2023021163,20232024,2024-03-28,2,0,0.48772045329695524,0.542643199415164,0.4797813421416822,0.5108498781835291,0.4725301395656544
2023021164,20232024,2024-03-29,2,1,0.5554088836504921,0.5568746565652871,0.554951305269335,0.5589331702736885,0.552342175408453
2023021165,20232024,2024-03-30,2,1,0.7198512261310662,0.7008582963160901,0.6860394381299105,0.7697815217096793,0.703732718553609
2023021166,20232024,2024-03-30,2,0,0.5290407664911881,0.5311336394051835,0.511393626651786,0.5618131888569405,0.5139154839648377
2023021167,20232024,2024-03-30,2,1,0.7702429425986045,0.8048057931257317,0.7538999195087747,0.8079860077113654,0.7488429005756732
2023021168,20232024,2024-03-30,2,0,0.3764147249386564,0.3734239032452886,0.3737701891589239,0.361031742916596,0.39444224274044926
2023021169,20232024,2024-03-30,2,1,0.569298638442241,0.6298784266274123,0.5492432566880621,0.589543593524115,0.5691090651145461
2023021170,20232024,2024-03-30,2,0,0.3636543665768748,0.4914951906539219,0.38952145541949357,0.3502526225965579,0.3511890217145727
2023021171,20232024,2024-03-30,2,1,0.3646887538560027,0.4511879012879735,0.34182187445031686,0.38357257946195045,0.3686718076557408
2023021172,20232024,2024-03-30,2,0,0.3250178627429172,0.3548128059538973,0.3393747987416494,0.305423910040353,0.33025487944674925
2023021173,20232024,2024-03-30,2,0,0.6992316236898323,0.6936587213815042,0.6965225048265334,0.7149846036196444,0.6861877626233189
2023021174,20232024,2024-03-30,2,1,0.6276141063768104,0.6612553018435431,0.5971766929957785,0.6486110467639304,0.6370545793707221
2023021175,20232024,2024-03-30,2,0,0.6331713704868964,0.65833077182145,0.6205546142097428,0.6487482977684476,0.6302111994824988
2023021176,20232024,2024-03-30,2,0,0.37188445029483913,0.4554952542972824,0.3837934647341209,0.3492831886700266,0.3825766974803698
2023021177,20232024,2024-03-30,2,0,0.6865719517276343,0.7720724983533926,0.6995667307194707,0.7070876748081003,0.6530614496553316
2023021178,20232024,2024-03-30,2,1,0.47782605133303946,0.513844692220861,0.4604004035252044,0.5043081746065141,0.4687695758673999
2023021179,20232024,2024-03-30,2,0,0.3796547243089197,0.4388853199431967,0.4052423911302299,0.3587904601952701,0.3749313216012592
2023021180,20232024,2024-03-31,2,1,0.7907299665073063,0.7747544015392954,0.7582157920042575,0.8432537765791484,0.7707203309385131
2023021181,20232024,2024-04-01,2,1,0.2993780611666994,0.3224259157833913,0.3445820285568062,0.23049855654713786,0.32305359839615416
2023021182,20232024,2024-04-01,2,0,0.6761278088016881,0.7048703980321745,0.6503374427539157,0.680315862356743,0.6977301212944057
2023021183,20232024,2024-04-01,2,0,0.5854457200387774,0.5473746263451376,0.5699618152525721,0.6013776859287301,0.58499765893503
2023021184,20232024,2024-04-01,2,0,0.6581317297062473,0.6669851196784359,0.6326852036306317,0.6844313414035619,0.6572786440845483
2023021185,20232024,2024-04-01,2,1,0.5123448847182138,0.5424417057842307,0.5176873903845712,0.48656657670512043,0.5327806870649496
2023021186,20232024,2024-04-01,2,1,0.39736500339719694,0.4581568805009123,0.42963960965104697,0.36341881766414474,0.39903658287639904
2023021187,20232024,2024-04-01,2,1,0.5241086237578396,0.580498600408155,0.5138346873138009,0.5441069958381906,0.5143841881215273
2023021188,20232024,2024-04-01,2,0,0.34520076857464693,0.4008802834024035,0.34249883595050434,0.34259866434753267,0.3505048054259038
2023021189,20232024,2024-04-02,2,1,0.6257173487575186,0.5835686875420405,0.6347085258465152,0.6273444014613002,0.6150991189647405
2023021190,20232024,2024-04-02,2,1,0.3461498839917971,0.3618990203628922,0.40448348001081014,0.34973955560028197,0.284226616364299
2023021191,20232024,2024-04-02,2,0,0.6210763805951666,0.5857102125115151,0.6047253594322282,0.6115342676821184,0.6469695146711533
2023021192,20232024,2024-04-02,2,1,0.6239098355619596,0.6987493611432893,0.658318808088687,0.5986721567875047,0.6147385418096868
2023021193,20232024,2024-04-02,2,1,0.616245877456543,0.618192856979295,0.6084465497723645,0.6223320182124601,0.6179590643848046
2023021194,20232024,2024-04-02,2,0,0.5601421761554101,0.5206678818364683,0.5879306823234941,0.5440892131111636,0.5484066330315726
2023021195,20232024,2024-04-02,2,0,0.7597289814295762,0.7274358614041982,0.7306341107707175,0.7596422508287403,0.788910582689271
2023021196,20232024,2024-04-02,2,1,0.5578306425375645,0.5762906235801719,0.5262566932560007,0.5638995704011607,0.5833356639555323
2023021197,20232024,2024-04-03,2,0,0.6185267090575212,0.5970760028918503,0.5981536808055458,0.6097794589669114,0.6476469874001061
2023021198,20232024,2024-04-03,2,1,0.6823791453810143,0.6820748656070912,0.6587972551391913,0.7181227176714485,0.6702174633324027
2023021199,20232024,2024-04-03,2,1,0.5169023191520487,0.5712956185190712,0.5072418229132583,0.5091184614860016,0.5343466730568859
2023021200,20232024,2024-04-03,2,0,0.4165607795607404,0.4293328630852034,0.41772987473381096,0.4165344911583155,0.4154179727900946
2023021201,20232024,2024-04-03,2,1,0.6227319250895733,0.6414024488007756,0.5929258818214165,0.6662988310336182,0.6089710624136851
2023021202,20232024,2024-04-04,2,0,0.6294642749701539,0.5882844282964645,0.6444726273484932,0.6123315354608433,0.6315886621011251
2023021203,20232024,2024-04-04,2,0,0.4380793776244589,0.4716452381110597,0.4536850080094133,0.41596048363850346,0.44459264122546005
2023021204,20232024,2024-04-04,2,0,0.4266266090386787,0.4044388664570936,0.3899298899613883,0.47920748918839906,0.41074244796624876
2023021205,20232024,2024-04-04,2,0,0.3979462412419701,0.4358139785081079,0.4260500168898953,0.33824231282720113,0.4295463940088138
2023021206,20232024,2024-04-04,2,0,0.4999204058265927,0.5501256406486457,0.5015348873292622,0.5060060488322884,0.4922202813182275
2023021207,20232024,2024-04-04,2,0,0.4088324859432568,0.4797973609120082,0.4309600101720727,0.3998601623577845,0.395677285299913
2023021208,20232024,2024-04-04,2,1,0.6435383320290113,0.6141015366019945,0.6312262378749509,0.6659257864024862,0.6334629718095971
2023021209,20232024,2024-04-04,2,1,0.5781361806918394,0.6366753179479538,0.5785054939308595,0.5841442587948454,0.5717587893498131
2023021210,20232024,2024-04-04,2,0,0.3695672643864256,0.3213520185767257,0.3940841961566578,0.3064466944449952,0.40817090255762384
2023021211,20232024,2024-04-05,2,1,0.5623491918754057,0.6274116458665641,0.5598738302922104,0.5681125342286777,0.559061211105329
2023021212,20232024,2024-04-05,2,1,0.7525741511907332,0.7104833403608687,0.7365167911717246,0.7432868443891522,0.7779188180113226
2023021213,20232024,2024-04-05,2,0,0.32380702286401286,0.435488527386651,0.34084933468189155,0.3108416479670702,0.3197300859430769
2023021214,20232024,2024-04-05,2,1,0.5699014344398794,0.5529510384148839,0.5614118181096287,0.5715156173364867,0.5767768678735229
2023021215,20232024,2024-04-05,2,0,0.39468906324018055,0.440745462441921,0.3980428686434636,0.40228726694330164,0.3837370541337765
2023021216,20232024,2024-04-05,2,1,0.3797284930858121,0.4109891500352983,0.394062933502124,0.353339969669535,0.39178257608577716
2023021217,20232024,2024-04-06,2,1,0.4762932254900334,0.4971227199144291,0.49307702426471844,0.4807553834501482,0.4550472687552335
2023021218,20232024,2024-04-06,2,1,0.5022450297159113,0.5787415668489848,0.46992091885216386,0.5274162240139643,0.509397946281606
2023021219,20232024,2024-04-06,2,0,0.5091986720844145,0.5268912253662917,0.5031312121450813,0.518387177285807,0.5060776268223551
2023021220,20232024,2024-04-06,2,1,0.29003243186830124,0.3020910630950208,0.34202500716208717,0.20415256941553706,0.32391971902727956
2023021221,20232024,2024-04-06,2,1,0.32658168895626893,0.3630106111557827,0.3558319822449691,0.3011812645624646,0.3227318200613731
2023021222,20232024,2024-04-06,2,1,0.437234461230479,0.50453148381556,0.4578300920048428,0.39312822689617727,0.4607450647904168
2023021223,20232024,2024-04-06,2,0,0.370007692199255,0.3899270979031161,0.37767271957957527,0.3728523649804179,0.3594979920377719
2023021224,20232024,2024-04-06,2,0,0.5195693131936071,0.5389283745642532,0.5357136988249624,0.49974595749577866,0.5232482832600801
2023021225,20232024,2024-04-06,2,1,0.45084192186759453,0.5018235859081984,0.44535567164249457,0.4426412631387544,0.46452883082153457
2023021226,20232024,2024-04-06,2,0,0.4309224510560626,0.4470901628743578,0.43077824958012406,0.4199412900230012,0.4420478135650625
2023021227,20232024,2024-04-06,2,1,0.551923959485982,0.5593063639583807,0.5496598838852492,0.5546927864096597,0.5514192081630374
2023021228,20232024,2024-04-07,2,1,0.43271615544396386,0.5448057654441211,0.43804888158007677,0.46649320043822157,0.3936063843135932
2023021229,20232024,2024-04-07,2,0,0.2858115513245382,0.4024260444884377,0.3535653413465246,0.25324732674946254,0.25062198587762746
2023021230,20232024,2024-04-07,2,1,0.819040214754616,0.780872857566743,0.7739551340819839,0.8745122958789351,0.8086532143029287
2023021231,20232024,2024-04-07,2,0,0.29547587736450814,0.4422963440331893,0.3283514808500169,0.25899234032192275,0.2990838109215848
2023021232,20232024,2024-04-07,2,0,0.4966300674399093,0.5794801744251424,0.5500777286545715,0.4999521675194112,0.43986030614574506
2023021233,20232024,2024-04-07,2,0,0.4356290784197183,0.5237816202716069,0.45571698046838943,0.42523525656832684,0.42593499822243863
2023021234,20232024,2024-04-07,2,1,0.7935505561901538,0.7652310606603402,0.7561973955578647,0.8165174549294856,0.8079368180831112
2023021235,20232024,2024-04-07,2,0,0.4313548529004844,0.4073821984073195,0.46920054117869947,0.39776332454404173,0.42710069297871195
2023021236,20232024,2024-04-07,2,0,0.5994554150156736,0.5754124129869652,0.6271719632300888,0.5861688976738004,0.5850253841431317
2023021237,20232024,2024-04-08,2,1,0.6871952233297982,0.6476202114478621,0.6454841550791943,0.7227137838882336,0.6933877310219665
2023021238,20232024,2024-04-08,2,1,0.5483046479632393,0.5609847334691785,0.5293178564490888,0.5570046602030181,0.5585914272376108
2023021239,20232024,2024-04-09,2,0,0.4784415589074946,0.5676754468614544,0.48756177648915383,0.4848112668444317,0.4629516333888983
2023021240,20232024,2024-04-09,2,0,0.5613106810085482,0.591729609876619,0.5404710129181386,0.5478390662996827,0.5956219638078233
2023021241,20232024,2024-04-09,2,1,0.6575882052558257,0.7068301360757832,0.6479506279130515,0.6901820199248508,0.634631967929575
2023021242,20232024,2024-04-09,2,1,0.43773409697656285,0.5348847390305256,0.42744883634770664,0.4483626506732032,0.43739080390877877
2023021243,20232024,2024-04-09,2,0,0.495120124267777,0.4751368158624329,0.4975296733301919,0.5070788147687403,0.48075188470439906
2023021244,20232024,2024-04-09,2,1,0.36840774882371413,0.436205921625948,0.3635251582313649,0.37702953784749416,0.36466855039228346
2023021245,20232024,2024-04-09,2,1,0.7966662578369829,0.748584937987686,0.7678223862668833,0.7997408676150333,0.8224355196290319
2023021246,20232024,2024-04-09,2,1,0.6547745409247958,0.6816947209774671,0.6386948114661627,0.7097863392812918,0.6158424720269329
2023021247,20232024,2024-04-09,2,0,0.546095079048398,0.5547875821245367,0.5603641509228783,0.5426367286541968,0.5352843575681192
2023021248,20232024,2024-04-09,2,1,0.5884994814745362,0.6568998071079887,0.5751226406497342,0.6081400652464556,0.5822357385274187
2023021249,20232024,2024-04-09,2,1,0.36380625926827265,0.3476518057198295,0.3901192784338108,0.3019572014442884,0.3993422979267186
2023021250,20232024,2024-04-09,2,1,0.6211809463944613,0.6128332854099964,0.6227705096254421,0.5451810814835106,0.695591248074431
2023021251,20232024,2024-04-09,2,0,0.3172780024203157,0.3796245134167335,0.3497284275029242,0.27079257187713557,0.33131300788088724
2023021252,20232024,2024-04-10,2,1,0.7206433835556885,0.7183966360087514,0.7124845354618388,0.71839310028601,0.7310525149192167
2023021253,20232024,2024-04-10,2,1,0.5731786477380182,0.6204937089419975,0.5806820377065633,0.5862935851535402,0.5525603203539509
2023021254,20232024,2024-04-10,2,0,0.725267600571831,0.6987517331086626,0.7369344966225528,0.7158281572999344,0.7230401477930058
2023021255,20232024,2024-04-11,2,1,0.6653407583780375,0.6022057952448926,0.6342224235423918,0.6763501224829596,0.6854497291087613
2023021256,20232024,2024-04-11,2,1,0.7894344188100337,0.7769430680193468,0.7676719673835716,0.8434002885577472,0.7572310004887821
2023021257,20232024,2024-04-11,2,0,0.683444579346915,0.7432181250719234,0.6795828989946892,0.64224525959282,0.7285055794532359
2023021258,20232024,2024-04-11,2,1,0.6334627682295197,0.5988521447104442,0.6097107663389031,0.6382177172473031,0.6524598211023532
2023021259,20232024,2024-04-11,2,0,0.6286824339783709,0.6838561136801525,0.6088902842750896,0.6568765208797366,0.6202804967802863
2023021260,20232024,2024-04-11,2,0,0.6605729623749391,0.6737689538407562,0.6116846383009568,0.7046878523413584,0.6653463964825024
2023021261,20232024,2024-04-11,2,1,0.6544750396859076,0.6577577757175095,0.6261934734112145,0.6610919166567006,0.6761397289898076
2023021262,20232024,2024-04-11,2,0,0.6490779066179613,0.6190019113498124,0.6339084842025727,0.6782096469595973,0.6351155886917138
2023021263,20232024,2024-04-11,2,0,0.7564801474463363,0.7425707075252467,0.7310127698346192,0.7497626794410548,0.788664993063335
2023021264,20232024,2024-04-11,2,1,0.5542998850113602,0.6337104146087689,0.5441963799246661,0.56432688049895,0.5543763946104645
2023021265,20232024,2024-04-12,2,0,0.39245464337760794,0.4370152350702447,0.44529674633251143,0.33543894685859243,0.39662823694172
2023021266,20232024,2024-04-12,2,0,0.32099518889232453,0.3599084360089618,0.3861182762155792,0.24144577309465526,0.33542151736673914
2023021267,20232024,2024-04-12,2,0,0.7448133977630516,0.7436090648830697,0.7615347310534079,0.7021167920319815,0.7707886702037652
2023021268,20232024,2024-04-12,2,0,0.3991575041856674,0.4279910090823903,0.43792337972964673,0.366397862683293,0.39315127014406254
2023021269,20232024,2024-04-12,2,1,0.6054841357926443,0.6151788701337453,0.612464235425096,0.6212899398817718,0.5826982320710649
2023021270,20232024,2024-04-13,2,1,0.6483705457448274,0.6746497829036389,0.6311206403842301,0.6897267659313187,0.6242642309189333
2023021271,20232024,2024-04-13,2,1,0.6713507426797505,0.7052735297706694,0.6488889113356294,0.7119366076966965,0.6532267090069254
2023021272,20232024,2024-04-13,2,0,0.6189709373831238,0.6018820016565468,0.6296330945464952,0.6267930609666483,0.6004866566362279
2023021273,20232024,2024-04-13,2,1,0.6247496685287296,0.6778034589027894,0.6217380727579501,0.6805746599286419,0.5719362728995969
2023021274,20232024,2024-04-13,2,1,0.5973267503062352,0.5127340990694509,0.5936263834549581,0.607285808093533,0.5910680593702146
2023021275,20232024,2024-04-13,2,1,0.40004681520169766,0.4591502898710094,0.4292549474416378,0.3802320240050012,0.390653474158454
2023021276,20232024,2024-04-13,2,1,0.6776215157466795,0.6327805252940458,0.64705668291837,0.6678572136847857,0.7179506506368829
2023021277,20232024,2024-04-13,2,0,0.726790495764703,0.6804771024288981,0.7106768514456455,0.7489900978125242,0.7207045380359393
2023021278,20232024,2024-04-13,2,1,0.7749937801810917,0.7337145619448731,0.7753482161293845,0.7557546641055433,0.7938784603083473
2023021279,20232024,2024-04-13,2,0,0.48348613665190565,0.4659460199705098,0.4757586311060482,0.4755516611783478,0.49914811767132095
2023021280,20232024,2024-04-13,2,0,0.5130258195370194,0.6295723839942502,0.5344707872213336,0.4939095246461317,0.5106971467435931
2023021281,20232024,2024-04-13,2,1,0.7873892347558665,0.7659303157244555,0.7625188455392055,0.8053577349125942,0.7942911238158002
2023021282,20232024,2024-04-13,2,0,0.3508520402589539,0.3604745635884909,0.3476603647420526,0.31849943617113685,0.3863963198636721
2023021283,20232024,2024-04-14,2,1,0.5858696502999795,0.6016349909551015,0.6019439231271184,0.5659179990726229,0.5897470287001972
2023021284,20232024,2024-04-14,2,1,0.5442971619359153,0.535509548957276,0.5436219241110288,0.5578391373156821,0.5314304243810352
2023021285,20232024,2024-04-14,2,0,0.28189600706169454,0.2742835534449501,0.36482881489460484,0.1734013436247954,0.3074578626656833
2023021286,20232024,2024-04-14,2,1,0.6173525086014222,0.6213537218110962,0.6102695218251393,0.6134832190768722,0.6283047849022553
2023021287,20232024,2024-04-15,2,1,0.6350655351880069,0.650440234517032,0.6105154510554616,0.6263479091590157,0.6683332453495434
2023021288,20232024,2024-04-15,2,0,0.5404431990138652,0.5678560992677291,0.53479339766493,0.5571035681184453,0.5294326312582202
2023021289,20232024,2024-04-15,2,1,0.456080831583274,0.5221991911025098,0.45514287067368314,0.46631470309981804,0.4467849209763208
2023021290,20232024,2024-04-15,2,0,0.5978416149395324,0.6372164402839323,0.5897188946795395,0.6013029707566574,0.6025029793824002
2023021291,20232024,2024-04-15,2,1,0.3995668914682467,0.4200931323768856,0.42672017685217245,0.34849303512665475,0.42348746242591284
2023021292,20232024,2024-04-15,2,1,0.6324554329096898,0.7016638770628643,0.6063045998515608,0.6558381345290011,0.6352235643485072
2023021293,20232024,2024-04-15,2,1,0.83207309746552,0.8278796299905149,0.784271130523083,0.8759890924000098,0.8359590694734675
2023021294,20232024,2024-04-15,2,0,0.5858736962599601,0.6125152528278265,0.5908202551977725,0.5654097694695963,0.6013910641125114
2023021295,20232024,2024-04-16,2,0,0.6254656029551368,0.7097744669481894,0.5885353603321446,0.6911884429706512,0.5966730055626146
2023021296,20232024,2024-04-16,2,1,0.2894089014228925,0.3066278813547084,0.3353904962301109,0.18853522548985632,0.3443009825487103
2023021297,20232024,2024-04-16,2,1,0.5363261126339443,0.6009235930395148,0.5781858552008979,0.5441979417387978,0.48659454096213695
2023021298,20232024,2024-04-16,2,0,0.4247683877426476,0.4840578069436643,0.42952222915560967,0.4161708010969804,0.42861213297535267
2023021299,20232024,2024-04-16,2,0,0.6640180114235719,0.5350098787097928,0.6157886125983891,0.7183043252114395,0.657961096460887
2023021300,20232024,2024-04-16,2,1,0.6080655836770644,0.6945636040462473,0.5976281682026877,0.6198594716402213,0.6067091111882843
2023021301,20232024,2024-04-16,2,1,0.7894111538261207,0.7796981326147454,0.765090107043765,0.8047421890391937,0.7984011653954035
2023021302,20232024,2024-04-16,2,1,0.5895687483636598,0.6429317036383084,0.5817207875430815,0.607900120607002,0.5790853369408958
2023021303,20232024,2024-04-17,2,1,0.5368625131038463,0.5635357697897503,0.5300460180115372,0.5394537515129715,0.5410877697870301
2023021304,20232024,2024-04-17,2,1,0.523090622707315,0.5506424935549666,0.516721700419275,0.5455733316987429,0.5069768360039271
2023021305,20232024,2024-04-17,2,1,0.6529490102080509,0.6795395377359776,0.6489750859413296,0.6647613361443072,0.6451106085385158
2023021306,20232024,2024-04-17,2,1,0.34815754589705294,0.3926944989899767,0.37864963569176735,0.3042976316694046,0.36152537032998683
2023021307,20232024,2024-04-18,2,0,0.554407535569576,0.6312934123012908,0.5330664393670531,0.5589219047415627,0.5712342626001123
2023021308,20232024,2024-04-18,2,1,0.512166635715436,0.599050457888178,0.5398212364333109,0.4990348866615627,0.4976437840514344
2023021309,20232024,2024-04-18,2,1,0.781638452596368,0.7462178857459506,0.7392812920896832,0.7784011263637302,0.8272329393356905
2023021310,20232024,2024-04-18,2,1,0.5796836244471755,0.5674184919426034,0.6049162708732502,0.5444085198211451,0.5897260826471312
2023021311,20232024,2024-04-18,2,0,0.7550199383164982,0.779772825868677,0.749334103089322,0.7589631293538448,0.756762582506328
2023021312,20232024,2024-04-18,2,1,0.8061168423319169,0.767311294005085,0.7789405453097727,0.8040804120977395,0.8353295695882386
2023030121,20232024,2024-04-20,3,1,0.5467111090489984,0.5984111857163282,0.5559985177754138,0.5642848938888815,0.5198499154827001
2023030141,20232024,2024-04-20,3,1,0.7078688032935904,0.6906976699290711,0.6427709357407062,0.7686321754630833,0.7122032986769816
2023030111,20232024,2024-04-21,3,1,0.6138984308187035,0.6261027706958067,0.609880213891586,0.6459419259630186,0.5858731526015062
2023030131,20232024,2024-04-21,3,1,0.7339180803983752,0.695291658594722,0.7258518353067797,0.748859700093741,0.7270427057946053
2023030161,20232024,2024-04-21,3,1,0.4739554877582813,0.5659763817911914,0.5046838464811807,0.44723003349731394,0.46995258329634926
2023030171,20232024,2024-04-21,3,1,0.5188003283150238,0.5826108407121123,0.5301435733066232,0.5098309819619702,0.5164264296764781
2023030122,20232024,2024-04-22,3,0,0.5126794986972055,0.6122865324387468,0.5267106285407674,0.49969632513978907,0.51163154241106
2023030142,20232024,2024-04-22,3,1,0.6886346477927106,0.6974312208388124,0.6376595658853885,0.7292391471290116,0.6990052303637317
2023030151,20232024,2024-04-22,3,0,0.6212625082449607,0.6288872310351858,0.591181044111759,0.6590521710102802,0.6135543096128426
2023030181,20232024,2024-04-22,3,1,0.5776705741010117,0.61600332725738,0.5675807718649016,0.5997393729841836,0.5656915774539499
2023030112,20232024,2024-04-23,3,1,0.6136994130778627,0.6319121714921132,0.6080339157882108,0.6315691042016073,0.6014952192437701
2023030132,20232024,2024-04-23,3,1,0.729464896585221,0.703251748760481,0.73023252569955,0.7309221677880928,0.72723999626802
2023030162,20232024,2024-04-23,3,0,0.48615563407252355,0.5732077940045552,0.5297295106868377,0.41371294312875456,0.5150244484019784
2023030172,20232024,2024-04-23,3,0,0.5293138950627548,0.5933790183548157,0.5309490717817079,0.491702451686069,0.5652901617204877
2023030123,20232024,2024-04-24,3,0,0.5738978321318836,0.5406539086326551,0.5834458384687758,0.581361805684336,0.5568858522425392
2023030152,20232024,2024-04-24,3,0,0.6526505808132502,0.6181488978406511,0.6337507822626014,0.7018200115259953,0.622380948651154
2023030182,20232024,2024-04-24,3,0,0.5516982043405559,0.6275434689693509,0.5658286930550416,0.5414480851174402,0.547817834849186
2023030113,20232024,2024-04-25,3,0,0.42768218341314307,0.5026895729744074,0.43792937223213246,0.4315287911496572,0.4135883868576396
2023030143,20232024,2024-04-25,3,0,0.314703686412604,0.4279076420581337,0.33965462135188945,0.33709028205701996,0.2673661558289024
2023030133,20232024,2024-04-26,3,0,0.3837562116972253,0.4239934308199954,0.38538158388629995,0.3880488684964688,0.37783818270890707
2023030163,20232024,2024-04-26,3,1,0.6062130975876473,0.5887589198447761,0.6214631111645595,0.5904863431231607,0.6066898384752215
2023030173,20232024,2024-04-26,3,0,0.5235552904422204,0.5693437006782608,0.5413810075497537,0.514642584601959,0.5146422791749483
2023030183,20232024,2024-04-26,3,0,0.5062493989182141,0.5248744479147843,0.5160275088053504,0.4895593927074183,0.5131612952418734
2023030114,20232024,2024-04-27,3,1,0.3969505849588077,0.4889166627748635,0.3820262424127558,0.3992531056085843,0.409572406855083
2023030124,20232024,2024-04-27,3,0,0.5824487479878162,0.5257123222809796,0.5817590454502044,0.6157813161221786,0.5498058823910656
2023030144,20232024,2024-04-27,3,1,0.34063387200260636,0.4208183106714129,0.3676774485982217,0.3403605041515432,0.31386366325805426
2023030153,20232024,2024-04-27,3,0,0.46075971289318735,0.5410377183403976,0.4815737021848741,0.4088774934141593,0.4918279430805287
2023030134,20232024,2024-04-28,3,0,0.4046514859830184,0.4129806760264156,0.4124223688858262,0.3851599340254705,0.41637215503775854
2023030164,20232024,2024-04-28,3,1,0.6182054296033656,0.6031274544959909,0.6437124768702258,0.5847999501086825,0.6261038618311886
2023030174,20232024,2024-04-28,3,0,0.570720604818303,0.5593810476939914,0.5618716961488261,0.6074933205197185,0.5427967977863642
2023030184,20232024,2024-04-28,3,0,0.5062802484431078,0.503402713939015,0.5175428727117809,0.5284038841768609,0.4728939884406817
2023030115,20232024,2024-04-29,3,1,0.6323207961418073,0.634552918864462,0.622783495413751,0.6565637738359917,0.6176151191756789
2023030154,20232024,2024-04-29,3,0,0.462739408726016,0.5315558973361644,0.4709075165490321,0.4301678113194829,0.48714289830953295
2023030125,20232024,2024-04-30,3,0,0.5025631807649313,0.6296656582744746,0.5143826927488766,0.5004895637744924,0.4928172857714251
2023030145,20232024,2024-04-30,3,1,0.7119337000916853,0.701341278628678,0.6568144570550417,0.7595487790874623,0.719437864132552
2023030165,20232024,2024-04-30,3,0,0.44117622213036184,0.5249350621904585,0.4286517258979098,0.4440392012839253,0.45083773920925035
2023030175,20232024,2024-04-30,3,0,0.47718290994508333,0.5930698652465859,0.5124386832549582,0.46051082822044204,0.4585992183598498
2023030155,20232024,2024-05-01,3,1,0.6283160853206962,0.6243597411998755,0.5952262023840603,0.671783074593542,0.6179389789844861
2023030185,20232024,2024-05-01,3,1,0.5543441595183536,0.6449829517509169,0.5743788497941579,0.556926212841584,0.531727415919319
2023030126,20232024,2024-05-02,3,1,0.5637139744222908,0.5226547460347346,0.573773518984052,0.5404580595284677,0.5769103447543525
2023030156,20232024,2024-05-03,3,1,0.4871139729076693,0.5106296563610394,0.49647551307769405,0.4688400288569192,0.49602637678839456
2023030176,20232024,2024-05-03,3,0,0.603810804694907,0.5600951136948941,0.6089541275092937,0.5763448399599219,0.6261334466155056
2023030127,20232024,2024-05-04,3,1,0.541482093820467,0.6111256912801513,0.5372767132536304,0.5452052932485715,0.5419642749591991
2023030157,20232024,2024-05-05,3,1,0.6067704914096331,0.6176825710422591,0.606197124235885,0.6070154252104165,0.6070989247825977
2023030221,20232024,2024-05-05,3,1,0.4588954151313627,0.558254170478512,0.4693238933802661,0.43421402918550733,0.47314832282831487
2023030211,20232024,2024-05-06,3,0,0.6658439917866247,0.5903765549585104,0.66666799996085,0.6558899988432285,0.6749739765557956
2023030222,20232024,2024-05-07,3,1,0.43511841624506564,0.5656636530186626,0.45497883029249236,0.39762562717522526,0.45275079126747936
2023030231,20232024,2024-05-07,3,0,0.5234165203690649,0.5536212123425789,0.542046824013342,0.4912554044475385,0.5369473326463142
2023030212,20232024,2024-05-08,3,1,0.6596654220351111,0.5681787924056173,0.6608268801147285,0.6720788516051501,0.6460905343854546
2023030241,20232024,2024-05-08,3,1,0.5318123463594037,0.5245021669253338,0.561417317375264,0.4924460632975532,0.5415736584053935
2023030223,20232024,2024-05-09,3,0,0.6441530457939127,0.5700227185875564,0.6330470032084489,0.6945739093045343,0.6048382248687549
2023030232,20232024,2024-05-09,3,1,0.5135028877401608,0.5439179238986781,0.4991474009046362,0.5264708591161755,0.5148904031996709
2023030213,20232024,2024-05-10,3,0,0.4238135940715741,0.5579101105405058,0.4538548333127556,0.43559932242838084,0.3819866264735859
2023030242,20232024,2024-05-10,3,0,0.49492241287253075,0.5326679336119835,0.5172834180287892,0.46172537065834934,0.5057584499304537
2023030224,20232024,2024-05-11,3,1,0.6417503295708848,0.5600493240000073,0.6514747638821469,0.6971124850832124,0.5766637397472953
2023030233,20232024,2024-05-11,3,0,0.6134134099662367,0.5866928241253684,0.5782615268366628,0.6256384693949861,0.6363402336670612
2023030214,20232024,2024-05-12,3,0,0.4006521749250362,0.5368294659597646,0.41815897605413094,0.4508288067098543,0.3329687420111232
2023030243,20232024,2024-05-12,3,0,0.6383948494228422,0.6182718092220761,0.6176106835188572,0.6411245020039208,0.6564493627457487
2023030225,20232024,2024-05-13,3,0,0.4236048719233956,0.5754991532964124,0.45022997539181164,0.40360076376610066,0.4169838766122745
2023030234,20232024,2024-05-13,3,0,0.6432270569448197,0.5670789958542107,0.6181231788375616,0.6799781884485094,0.6315798035483882
2023030215,20232024,2024-05-14,3,0,0.6800903246788167,0.6143984167035548,0.7027157673634361,0.6892503219745787,0.6483048846984353
2023030244,20232024,2024-05-14,3,1,0.6619314925710449,0.6076450305712394,0.6287616011657511,0.6782862250716927,0.6787466514756911
2023030235,20232024,2024-05-15,3,0,0.5064821931372219,0.5968796715451365,0.5535771478328317,0.47275276794596066,0.49311666363287315
2023030226,20232024,2024-05-16,3,0,0.6463358152031699,0.5865789706430591,0.6617160421573391,0.6814381898630406,0.5958532135891297
2023030245,20232024,2024-05-16,3,1,0.4312003533686722,0.527953660893149,0.43898985050385914,0.42434248580050954,0.430268723801648
2023030216,20232024,2024-05-17,3,0,0.3911418844330295,0.5384881655271514,0.41511001714794993,0.4264374483195991,0.3318781878315396
2023030236,20232024,2024-05-17,3,0,0.6188952674142414,0.5623679673743084,0.6148880007223728,0.6173645542127285,0.6244332473076228
2023030246,20232024,2024-05-18,3,1,0.6451628889865579,0.6061648795169253,0.6589001198674176,0.5982146731494405,0.6783738739428158
2023030247,20232024,2024-05-20,3,0,0.47067845403494885,0.5218896054768414,0.5028905543323495,0.4222227542152103,0.4869220535572867
2023030311,20232024,2024-05-22,3,0,0.447233912768277,0.5630535932935801,0.49740770882916463,0.42273072944836726,0.42156330002729914
2023030321,20232024,2024-05-23,3,0,0.5075554635936258,0.5853251473505908,0.5036039418852836,0.4953048612841503,0.5237575876114434
2023030312,20232024,2024-05-24,3,1,0.44657453690342086,0.5441550991705171,0.4831921701112492,0.4457358995193834,0.41079554107963
2023030322,20232024,2024-05-25,3,1,0.5291668175187446,0.5751203985015113,0.5175729060655803,0.5465699597631662,0.5233575867274876
2023030313,20232024,2024-05-26,3,0,0.6477449637260898,0.5908197770571603,0.6435412613803515,0.6663186328940938,0.6333749969038243
2023030323,20232024,2024-05-27,3,0,0.6357204874728999,0.556633104983927,0.6203993777844987,0.6368174038008376,0.6499446808333633
2023030314,20232024,2024-05-28,3,1,0.6853156597586461,0.5805371650990471,0.6477741968548693,0.7360010836854293,0.6721716987356396
2023030324,20232024,2024-05-29,3,1,0.6223852699784868,0.5412446558773883,0.6105927068837524,0.6561773272900825,0.6003857757616251
2023030315,20232024,2024-05-30,3,0,0.43652829420521494,0.5553470850197995,0.47700554773691095,0.39301286923444384,0.4395664656442901
2023030325,20232024,2024-05-31,3,0,0.4957328178885752,0.586655967689653,0.49149824767477734,0.5210795343498003,0.4746206716411482
2023030316,20232024,2024-06-01,3,1,0.7059287507491634,0.5969277179098034,0.669557890096931,0.7515939171452769,0.6966344450052825
2023030326,20232024,2024-06-02,3,1,0.6647667448493063,0.5724113755847167,0.6511908044200422,0.6568971434856136,0.686212286642263
2023030411,20232024,2024-06-08,3,1,0.6150026119794453,0.5995490683268306,0.611844483021406,0.6156991586020942,0.6174641943148355
2023030412,20232024,2024-06-10,3,1,0.5814136639324873,0.6118399581667642,0.5831171922787134,0.5831818132513735,0.5779419862673749
2023030413,20232024,2024-06-13,3,0,0.5346597366599394,0.5177215653838326,0.49327342298856436,0.5821245639532433,0.5285812230380106
2023030414,20232024,2024-06-15,3,1,0.5440106129986052,0.5086793626353233,0.5210794580099326,0.5870207078008602,0.5239316731850224
2023030415,20232024,2024-06-18,3,0,0.5610005083949191,0.6110788510152393,0.5628630345066328,0.5758181107666445,0.5443203799114803
2023030416,20232024,2024-06-21,3,1,0.44915086984147684,0.548194785105767,0.46857318822274036,0.44862646309458554,0.4302529582071045
2023030417,20232024,2024-06-24,3,1,0.6056443094325079,0.5783002889736703,0.6175195756770862,0.585583983974081,0.6138293686463565
2024020001,20242025,2024-10-04,2,0,0.5910718967651797,0.5884814003742647,0.6135816737109691,0.5770445322037042,0.5825894843808656
2024020002,20242025,2024-10-05,2,1,0.5661496705464523,0.5701556767649146,0.5761607586740598,0.5582451036963568,0.5640431492689401
2024020003,20242025,2024-10-08,2,0,0.533555776393963,0.5461747893335054,0.5232786171891576,0.5383319727257952,0.5390567392669363
2024020004,20242025,2024-10-08,2,1,0.6842953409950269,0.6037994155787733,0.6683328510852669,0.696332605367632,0.6882205665321818
2024020005,20242025,2024-10-08,2,1,0.48618458363102696,0.6927952360479074,0.5867359459947348,0.6169409726103547,0.2548768322879913
2024020006,20242025,2024-10-09,2,1,0.36652717381195427,0.4489310035196165,0.396660300774966,0.377064512291797,0.32585670836909986
2024020007,20242025,2024-10-09,2,0,0.5896759023547485,0.4884756434355516,0.575664131784613,0.6210605867070299,0.572302988572603
2024020008,20242025,2024-10-09,2,0,0.657035249813707,0.6183583869692264,0.6833045379395442,0.6143002817574673,0.6735009297441097
2024020009,20242025,2024-10-09,2,0,0.5552824058826645,0.6223133561281795,0.5511442203694271,0.5496091792118771,0.5650938180666893
2024020010,20242025,2024-10-09,2,1,0.5441189520728178,0.5342423219990659,0.5425729106618883,0.5410515876297833,0.5487323579267818
2024020011,20242025,2024-10-10,2,1,0.7444360384676582,0.7002823628924342,0.7326253795861336,0.7436157835250861,0.757066952291755
2024020012,20242025,2024-10-10,2,0,0.4079428073685451,0.5435544575557266,0.4860381561862325,0.360152244335661,0.3776380215837419
2024020013,20242025,2024-10-10,2,1,0.4259632956256234,0.4415764468584505,0.41625783382503795,0.42901565729805025,0.43261639575378213
2024020014,20242025,2024-10-10,2,0,0.6376142527948324,0.565926812009167,0.6238645202908223,0.6827469004718117,0.6062313376218634
2024020015,20242025,2024-10-10,2,0,0.5009086477229764,0.5285893059633234,0.494522389563219,0.560756461769972,0.447447091835738
2024020016,20242025,2024-10-10,2,0,0.5501811184446762,0.5588001736154301,0.5867553848999978,0.5041607750949372,0.5596271953390938
2024020017,20242025,2024-10-10,2,0,0.5920049394862192,0.5174813645037892,0.6058346821199544,0.5735297148826594,0.5966504214560441
2024020018,20242025,2024-10-10,2,1,0.6594589562503198,0.6613754001643962,0.6543807809936483,0.6715182800646697,0.6524778076926415
2024020019,20242025,2024-10-10,2,0,0.3699367958025528,0.4166141462237815,0.3705074950559141,0.3879366606744029,0.3513662316773415
2024020020,20242025,2024-10-11,2,0,0.6835621087038776,0.6267297919084303,0.6774144343481475,0.6831887423625458,0.6900831494009393
2024020021,20242025,2024-10-11,2,1,0.7723392993875097,0.7397444102539452,0.770017568593397,0.8137949247959656,0.7332054047731666
2024020022,20242025,2024-10-11,2,0,0.5345492290172223,0.6505831623310634,0.5428249539259795,0.5278558528941544,0.5329668802315333
2024020023,20242025,2024-10-11,2,1,0.6485302210036608,0.6142270054031278,0.6340022181412153,0.6377336734412543,0.6738547714285126
2024020024,20242025,2024-10-12,2,1,0.5148343451085878,0.6146036989130705,0.49522651703752363,0.5225188746994196,0.5267576435888203
2024020025,20242025,2024-10-12,2,1,0.4042340025162421,0.4545352400820793,0.43306803993497006,0.3738739821632076,0.4057599854505487
2024020026,20242025,2024-10-12,2,1,0.633690695572327,0.6154338805923022,0.6681600985902155,0.5959406821834585,0.6369713059433071
2024020027,20242025,2024-10-12,2,1,0.4279865236842159,0.5113421352825804,0.4639256730588844,0.3869592484300905,0.43307464956367286
2024020028,20242025,2024-10-12,2,1,0.48184804712969553,0.5276946154500635,0.47690122411172553,0.4879913798611538,0.48065153741620714
2024020030,20242025,2024-10-12,2,0,0.5753153348434822,0.6512593508995639,0.5417288899162604,0.5872474506635643,0.5969696639506217
2024020031,20242025,2024-10-12,2,0,0.6045183991656135,0.5493117135762,0.5783355517775304,0.6610582577436338,0.5741613879756762
2024020032,20242025,2024-10-12,2,1,0.7142007987058752,0.6630583277439144,0.6946008283424405,0.7395661103508284,0.7084354574243567
2024020033,20242025,2024-10-12,2,0,0.5537546410949109,0.6133407714952175,0.5487729979079738,0.5812569783106041,0.5312339470661548
2024020034,20242025,2024-10-12,2,0,0.7421338993370689,0.7173291736077924,0.7530377014210449,0.7497850181236598,0.7235789784665018
2024020035,20242025,2024-10-12,2,1,0.6514686657346768,0.6051770209080006,0.6669939719473056,0.6253919184034167,0.6620201068533081
2024020036,20242025,2024-10-12,2,0,0.8099931632434552,0.7607606515901745,0.7796064423354687,0.8436790210534815,0.8066940263414154
2024020037,20242025,2024-10-12,2,0,0.40896633298876467,0.5293071053242453,0.4343476802129851,0.37863939702743743,0.4139119217258715
2024020038,20242025,2024-10-13,2,1,0.6285972518208408,0.6224159942826614,0.6269483612739353,0.6655885676198715,0.5932548265687158
2024020039,20242025,2024-10-13,2,1,0.6054443141456477,0.6833198110398766,0.5376570867459706,0.69940176485405,0.5792740908369227
2024020040,20242025,2024-10-13,2,0,0.579488810525307,0.6432454091050751,0.54548970846023,0.6262913207947252,0.5666854023209661
2024020041,20242025,2024-10-13,2,1,0.7135533723550594,0.716787848383655,0.6742580252367737,0.7437493114482991,0.7226527803801056
2024020042,20242025,2024-10-14,2,0,0.4666984299701416,0.5492838705918159,0.42380596428462464,0.5202029419186608,0.4560863837071395
2024020043,20242025,2024-10-14,2,1,0.4608648461602922,0.5270389420471311,0.47950585719427463,0.4576405463174466,0.44544813496915553
2024020044,20242025,2024-10-14,2,1,0.5648835569360968,0.5552135530456469,0.5498102101882191,0.5429131852936746,0.6019272753263968
2024020045,20242025,2024-10-14,2,1,0.6101139488521344,0.667839111421184,0.5717106866724893,0.6550804468665943,0.6035507130173197
2024020046,20242025,2024-10-14,2,0,0.3916593629499956,0.5037567388243103,0.4244949273270738,0.3649065928543605,0.3855765686685526
2024020047,20242025,2024-10-14,2,0,0.6695472658098227,0.6445791842837523,0.6438937734167319,0.6853340512146194,0.6794139727981169
2024020048,20242025,2024-10-15,2,1,0.654970560956686,0.5857666827124838,0.6206585884462515,0.6784020165787956,0.665851077845011
2024020049,20242025,2024-10-15,2,1,0.5508875834118749,0.4835884554325026,0.5735750825341835,0.4920853207951082,0.587002346906333
2024020050,20242025,2024-10-15,2,1,0.6975911206816714,0.648186980203895,0.6708914105367418,0.7752372082615455,0.6466447432467269
2024020051,20242025,2024-10-15,2,0,0.39703395060318697,0.3934845648996516,0.3730175473049549,0.40081737658230576,0.41726692792230025
2024020052,20242025,2024-10-15,2,0,0.5713417704717229,0.5686800961922888,0.606216661978117,0.5218499653776021,0.5859586840594495
2024020053,20242025,2024-10-15,2,0,0.5792639682404267,0.6209223268307241,0.5357189072901555,0.6130035325650848,0.5890694648660397
2024020054,20242025,2024-10-15,2,1,0.7696238540134113,0.7901087448786113,0.7194273437961556,0.8549509641857054,0.7344932540583728
2024020055,20242025,2024-10-15,2,1,0.7494877567241095,0.6902974449637215,0.7122546585595846,0.7666594536305539,0.7695491579821901
2024020056,20242025,2024-10-15,2,1,0.6966078228759723,0.6755197399337209,0.6385888795569303,0.7327832086038614,0.7184513804671254
2024020057,20242025,2024-10-16,2,1,0.5719056561125736,0.5839294614166366,0.539271448971381,0.579066062343541,0.5973794570227989
2024020058,20242025,2024-10-16,2,1,0.5924350041661808,0.603049474563403,0.5923627521260428,0.6149470686203408,0.5699951917521587
2024020059,20242025,2024-10-16,2,0,0.5764228679278208,0.5555239538043564,0.5854036721119874,0.5486903624524351,0.59517456921904
2024020060,20242025,2024-10-16,2,1,0.4183236428195198,0.4491325881262352,0.45331527668441907,0.4337254036602313,0.3679302481139088
2024020061,20242025,2024-10-17,2,0,0.3874370420566959,0.4816870171545102,0.41785060020792736,0.3873726685472274,0.35708785741493276
2024020062,20242025,2024-10-17,2,0,0.5595780128539897,0.5516209602054759,0.5626902356220708,0.5667718395054336,0.5492719634344646
2024020063,20242025,2024-10-17,2,0,0.49538284183267384,0.4610471603431099,0.5304728638231777,0.46418056897642185,0.4914950926984222
2024020064,20242025,2024-10-17,2,1,0.5751545443906015,0.5752077416604834,0.5735658306713278,0.576002523379571,0.5758952791209061
2024020065,20242025,2024-10-17,2,0,0.6154993212564702,0.643873679076198,0.5830359721352254,0.6331124100050155,0.6303495816291698
2024020066,20242025,2024-10-17,2,1,0.5586374548999062,0.4461181588823831,0.5697144840535998,0.5720047243234643,0.5341931563226545
2024020067,20242025,2024-10-17,2,1,0.469508348088395,0.4987016216312328,0.44001674035109667,0.513138528628038,0.45536977528605005
2024020068,20242025,2024-10-17,2,1,0.6160239340923827,0.5682399476304971,0.6383790436604184,0.5878759502706917,0.6218168083460377
2024020069,20242025,2024-10-17,2,0,0.491131557936044,0.5162566811537357,0.48172545431395764,0.4875717129508344,0.50409750654334
2024020070,20242025,2024-10-17,2,1,0.6196730834788681,0.6103175987610471,0.6647420911838449,0.5772902052906047,0.616986953962155
2024020071,20242025,2024-10-17,2,1,0.5899186035604272,0.5985296392532953,0.5556055931259825,0.6389574841317228,0.5751927334235766
2024020072,20242025,2024-10-18,2,0,0.4432082695241164,0.4904524885094474,0.44097835070916086,0.41146899506061624,0.4771774628025721
2024020073,20242025,2024-10-18,2,1,0.8160863966544573,0.770852327613328,0.7787313945693265,0.8304706862809907,0.8390571091130546
2024020074,20242025,2024-10-18,2,1,0.7428030500760677,0.7130481875195515,0.709641152111246,0.7317820023981207,0.7869859957188363
2024020075,20242025,2024-10-19,2,1,0.5139704470445313,0.4931250843292175,0.5391258205683241,0.49834190792146255,0.5044436126438072
2024020076,20242025,2024-10-19,2,0,0.5798510126858191,0.5973338089953324,0.565942143943579,0.5518597964012814,0.6217510977125968
2024020077,20242025,2024-10-19,2,1,0.5715533119945532,0.5920101827795621,0.5194655811375799,0.6405787351480227,0.5546156196980567
2024020078,20242025,2024-10-19,2,1,0.5651061955014586,0.622161860835793,0.5349675365820357,0.5905672964621771,0.5697837534601629
2024020079,20242025,2024-10-19,2,0,0.5501256491146167,0.5292479709693184,0.5508471531666189,0.5560148147836421,0.5435149793935891
2024020080,20242025,2024-10-19,2,0,0.5576027308301963,0.6038239403146239,0.5608714416344023,0.5407162946578402,0.5712204561983463
2024020081,20242025,2024-10-19,2,1,0.6443405974556419,0.643708271605051,0.6439151193334662,0.6504259586484649,0.6386807143849945
2024020082,20242025,2024-10-19,2,0,0.5575224801205759,0.4872562029064344,0.5576995576412709,0.5686068138926486,0.5462610688278084
2024020083,20242025,2024-10-19,2,0,0.4393491842922595,0.4827030570777117,0.43686733708962416,0.4488001921931263,0.43238002359402805
2024020084,20242025,2024-10-19,2,1,0.45744413409657797,0.4716976930659688,0.45438758893443376,0.4482740124455824,0.46967080090971763
2024020085,20242025,2024-10-19,2,0,0.3441356096205224,0.466390211540183,0.34534384678146207,0.3276427288180848,0.3594202532620204
2024020086,20242025,2024-10-19,2,1,0.512265891738101,0.502958492382457,0.4922722544173285,0.5084099966014711,0.5361154241955034
2024020087,20242025,2024-10-19,2,1,0.5480536324069644,0.5447259241133791,0.5222720975620279,0.589210867372555,0.5326779322863101
2024020088,20242025,2024-10-20,2,1,0.581632430944549,0.6320186352491529,0.5636127420028321,0.6251172537669536,0.5561672970638613
2024020089,20242025,2024-10-20,2,0,0.3064147034701942,0.3546733147826351,0.33001552848468657,0.25071948333457306,0.3385090985913231
2024020090,20242025,2024-10-20,2,0,0.34206657941820956,0.44099256413121,0.3626386677947212,0.35055064771626065,0.31301042274364665
2024020091,20242025,2024-10-21,2,1,0.5441665900641365,0.571897232075703,0.5311393738295738,0.5433977912051294,0.5579626051577062
2024020092,20242025,2024-10-22,2,0,0.527978767899196,0.5326584529096215,0.49884548978777504,0.5806550773870053,0.5044357365228077
2024020093,20242025,2024-10-22,2,0,0.6093996188012151,0.6503645838440804,0.6051038582477736,0.6096008526733011,0.6134941454825706
2024020094,20242025,2024-10-22,2,0,0.5160003402098906,0.5302682213008502,0.5116951357169646,0.5368580127881231,0.49944787212458436
2024020095,20242025,2024-10-22,2,1,0.47635685388730115,0.4636053555154547,0.4611570211610776,0.48670188878738063,0.48121165171344527
2024020096,20242025,2024-10-22,2,0,0.386956674711326,0.3814241231411985,0.39558419003251755,0.3328806898985136,0.4324051442029468
2024020097,20242025,2024-10-22,2,1,0.4323034998926205,0.4325913865591103,0.40044425665894706,0.4594679468518788,0.43699829616703567
2024020098,20242025,2024-10-22,2,0,0.5273727531921636,0.5810113297870066,0.5540086019825132,0.518926406870962,0.5091832507230154
2024020099,20242025,2024-10-22,2,0,0.5133888896381381,0.5019319400442256,0.5581951018934602,0.45716449196750314,0.5248070750534508
2024020100,20242025,2024-10-22,2,0,0.3979323109809376,0.4095926816850311,0.392817976216106,0.375111310626691,0.42586764610001593
2024020101,20242025,2024-10-22,2,1,0.5444843014896367,0.4962940238832034,0.5519933815777813,0.5172082178010594,0.5642513050900692
2024020102,20242025,2024-10-22,2,1,0.5474521513736086,0.580465447188048,0.5445995216951096,0.5547631826907958,0.5429937497349205
2024020103,20242025,2024-10-22,2,0,0.4748891478697084,0.5454813572499766,0.46295340026383636,0.4730968398976912,0.4886172034475975
2024020104,20242025,2024-10-22,2,0,0.5229549520196021,0.6014259299199487,0.5625113376459772,0.4998614580155621,0.5064920603972668
2024020105,20242025,2024-10-22,2,1,0.6297108238065059,0.6299369223090263,0.6576710454791677,0.630616712372183,0.6008447135681673
2024020106,20242025,2024-10-22,2,0,0.463038390710332,0.5043449326915318,0.4650937734402409,0.4848452260543459,0.43917617263640907
2024020107,20242025,2024-10-22,2,1,0.49221144870771005,0.5868915608420151,0.49579616968680107,0.5001549466039437,0.4806832298323854
2024020108,20242025,2024-10-23,2,1,0.6478922857578017,0.6229528220812016,0.6663409811817386,0.6199586723845831,0.6573772037070835
2024020109,20242025,2024-10-24,2,0,0.4711808841014995,0.5442591654987835,0.4335005081709277,0.5149108148308592,0.46513132930271156
2024020110,20242025,2024-10-24,2,0,0.6282397148012051,0.6212408865794693,0.6106778373586387,0.6571907486616463,0.6168505583833304
2024020111,20242025,2024-10-24,2,1,0.5380275119676052,0.5654100116438252,0.5577481128291355,0.53652447942422,0.5198099436494603
2024020112,20242025,2024-10-24,2,0,0.5855049863117234,0.5960601945214561,0.5657725400650345,0.5993772276072055,0.5913651912629303
2024020113,20242025,2024-10-24,2,0,0.5468224932484732,0.5951307457603031,0.5151371506969143,0.601504527874082,0.5238258011744231
2024020114,20242025,2024-10-24,2,0,0.3914986775061094,0.4846929652196258,0.38343301691378145,0.38613080726077365,0.4049322083437732
2024020115,20242025,2024-10-24,2,0,0.5284900548959053,0.5158414389253116,0.543782706074725,0.5299374628026502,0.5117499958103406
2024020116,20242025,2024-10-24,2,0,0.5336429319724656,0.4806839709704911,0.5532426828453042,0.5378922351947776,0.509793877877315
2024020117,20242025,2024-10-24,2,1,0.8074528522605293,0.7488187395557514,0.7670821087568065,0.8220554667682394,0.8332209812565423
2024020118,20242025,2024-10-25,2,1,0.5253406384031377,0.6293447702840596,0.5404603164907772,0.517534800106248,0.5180267986123879
2024020119,20242025,2024-10-25,2,0,0.509044101647657,0.5715050828490034,0.5115587504417376,0.4829354260969666,0.5326381284042668
2024020120,20242025,2024-10-25,2,0,0.35033877392700824,0.4369887871968998,0.35371788969722456,0.3166796504420743,0.3806187816417259
2024020121,20242025,2024-10-25,2,1,0.6276171726623826,0.6365124255646875,0.622457525513108,0.6190814728204918,0.6413125196535483
2024020122,20242025,2024-10-26,2,1,0.5907785677235186,0.5720325650151473,0.5856435898331386,0.600161264829453,0.586530848507964
2024020123,20242025,2024-10-26,2,1,0.4666081185646926,0.4658859896484577,0.45535585416705754,0.4623881604377256,0.4820803410892946
2024020124,20242025,2024-10-26,2,1,0.6137332580160558,0.5992500975462768,0.6117711992733116,0.6153656928275658,0.61406288194729
2024020125,20242025,2024-10-26,2,1,0.5742539220660013,0.589694152403755,0.5686283664037273,0.5593293489730428,0.5948040508212337
2024020126,20242025,2024-10-26,2,1,0.38406439576964396,0.4752601351677685,0.36592247872704387,0.4122047822156192,0.37406592636626895
2024020127,20242025,2024-10-26,2,1,0.6286138943759589,0.6240640546567428,0.5766618498183288,0.6821071713107032,0.6270726619988449
2024020128,20242025,2024-10-26,2,1,0.7853595865655522,0.7626019724518103,0.7665795825544336,0.8040424239481424,0.7854567531940803
2024020129,20242025,2024-10-26,2,0,0.5161190452555465,0.4992998098311899,0.5530741238931842,0.5062711814251262,0.48901183044832924
2024020130,20242025,2024-10-26,2,0,0.3967872832206063,0.4713668618405536,0.39041925016626455,0.39794522778646596,0.40199737170908834
2024020131,20242025,2024-10-26,2,1,0.5867983109914884,0.648512925535413,0.5958368220156962,0.5678461609848467,0.5967119499739223
2024020132,20242025,2024-10-26,2,1,0.7980493270606298,0.7725819785660161,0.7767743076634666,0.7938437537242553,0.8235299197941673
2024020133,20242025,2024-10-26,2,1,0.6533383071981214,0.6226944933811743,0.654933053699473,0.6835451610512013,0.6215367068436897
2024020134,20242025,2024-10-26,2,1,0.7188401892582172,0.7737627150250979,0.7386163838150822,0.6709112017345428,0.7469929822250269
2024020135,20242025,2024-10-26,2,0,0.4119662957172412,0.4490422124827708,0.43620485281651766,0.3964255482368678,0.40326848609833815
2024020136,20242025,2024-10-27,2,0,0.3645795556105507,0.4946231308930944,0.3604216860489255,0.3628053279499765,0.37051165283275034
2024020137,20242025,2024-10-27,2,1,0.7161795225893925,0.6669960117611884,0.6564832575252271,0.7493141215962066,0.7427411886467442
2024020138,20242025,2024-10-27,2,0,0.6112017344746525,0.5882429386684199,0.6281562443965242,0.5672287855420446,0.6382201734853888
2024020139,20242025,2024-10-27,2,1,0.6063262071628595,0.6474531348226459,0.62723280971209,0.5820854814734358,0.6096603303030529
2024020140,20242025,2024-10-28,2,0,0.42458888634807085,0.4694381192591499,0.40167975631195196,0.4455734128713231,0.42651348986093734
2024020141,20242025,2024-10-28,2,1,0.582461289590574,0.6112735681481231,0.5548490584262147,0.6176087842884033,0.5749260260571039
2024020142,20242025,2024-10-28,2,1,0.4228716860989805,0.4247625179001577,0.39557585261454364,0.44176252148340056,0.4312766841989974
2024020143,20242025,2024-10-28,2,0,0.5279837709664696,0.6162907360260511,0.539674386131821,0.5699953132444856,0.47428161352310244
2024020144,20242025,2024-10-28,2,0,0.7237902970639513,0.750552048148254,0.745053491751753,0.6632486149138972,0.7630687845262036
2024020145,20242025,2024-10-28,2,0,0.7513163730303564,0.7294959601100751,0.7452126026593251,0.7766697144988169,0.7320668019329268
2024020146,20242025,2024-10-28,2,0,0.45193286042014275,0.509270756531375,0.4478123185771161,0.4487892880039719,0.4591969746793403
2024020147,20242025,2024-10-28,2,1,0.5506478194097535,0.6262893041810867,0.5611079267591073,0.5312992917900694,0.5595362396800839
2024020148,20242025,2024-10-29,2,0,0.6683428138509316,0.6920887624815292,0.7080288620596589,0.6530311886553437,0.6439683908377926
2024020149,20242025,2024-10-29,2,0,0.4471889500902326,0.5196368249591352,0.42688831522044207,0.4806916978092592,0.4339868372409963
2024020150,20242025,2024-10-29,2,1,0.5629311947783284,0.5548409509751681,0.5818399443536876,0.5641354987521154,0.5428181412291823
2024020151,20242025,2024-10-29,2,1,0.5053670987717331,0.4493608984998939,0.534522624993719,0.48574387622293025,0.49583479509855
2024020152,20242025,2024-10-29,2,0,0.7210160331953889,0.6728304816601423,0.7173166414585692,0.7087247676285452,0.7370066904990523
2024020153,20242025,2024-10-29,2,0,0.4837714344010681,0.5307483784370904,0.4924041888970549,0.4684205476651729,0.4904895666409766
2024020154,20242025,2024-10-29,2,1,0.3212990590779616,0.3704365123734906,0.3353574261502478,0.268696546141272,0.35984320494236494
2024020155,20242025,2024-10-30,2,1,0.5410007820414307,0.5231150955095399,0.5161068934773552,0.5243781402357404,0.5825173124111964
2024020156,20242025,2024-10-30,2,0,0.44406630379250994,0.4837943968912973,0.4248362483208112,0.4524173104140672,0.45494535264265157
2024020157,20242025,2024-10-30,2,0,0.5451346279125734,0.5741935173043795,0.5398463018680614,0.5446764477759833,0.5508811340936755
2024020158,20242025,2024-10-30,2,1,0.6236648808209715,0.5634876097001918,0.6563592212484903,0.590046513045536,0.6245889081688883
2024020159,20242025,2024-10-30,2,0,0.5180632444933493,0.6186899799531921,0.5053800277519871,0.5336837081979503,0.5151259975301102
2024020160,20242025,2024-10-30,2,1,0.4569214272213628,0.5273798434893193,0.5087342274020418,0.40658716111702947,0.4554428931450171
2024020161,20242025,2024-10-31,2,1,0.6563489286598915,0.6296602329450732,0.6479859801900694,0.6703691617137927,0.6506916440758126
2024020162,20242025,2024-10-31,2,1,0.5088912938769162,0.5183881938718035,0.5252595431232497,0.5117974425780243,0.4896168959294745
2024020163,20242025,2024-10-31,2,1,0.668487818699405,0.658009221959915,0.6472479250793084,0.681518722857465,0.6766968081614413
2024020164,20242025,2024-10-31,2,1,0.6691569430063358,0.6480488141803595,0.6680229171112906,0.6702729053549252,0.6691750065527914
2024020165,20242025,2024-10-31,2,1,0.6192941087685832,0.6285186640853601,0.6028578105886268,0.64180035015332,0.6132241655638027
2024020166,20242025,2024-10-31,2,0,0.49553477396877915,0.5169829525931037,0.49585943482526224,0.5050583407019683,0.48568654637910685
2024020167,20242025,2024-10-31,2,1,0.4799998025097514,0.5244179489740016,0.475819700462689,0.4542920000786383,0.5098877069879268
2024020168,20242025,2024-11-01,2,0,0.5525241248125535,0.564411476653566,0.5830714094637165,0.5304770780946934,0.5440238868792506
2024020169,20242025,2024-11-01,2,0,0.5657605615107649,0.5883467985006242,0.5561462664976825,0.5548311471152039,0.5863042709194084
2024020170,20242025,2024-11-01,2,1,0.6187540154760661,0.6766315770997042,0.6350308070775037,0.6309979793149468,0.5902332600357477
2024020171,20242025,2024-11-01,2,0,0.45084624605302964,0.4282883985624189,0.4449574188931996,0.43098637962840175,0.4765949396374875
2024020172,20242025,2024-11-01,2,1,0.518926390359728,0.54475528203048,0.5309295133602691,0.5358320460368096,0.4900176116821054
2024020173,20242025,2024-11-01,2,1,0.45777271115124235,0.5544926495515441,0.4426068554327284,0.47066158017611903,0.4600496978448796
2024020174,20242025,2024-11-02,2,1,0.48926394450531374,0.5907621617895586,0.5041809325961724,0.4852465042673062,0.4783643966524626
2024020175,20242025,2024-11-02,2,0,0.4335511864241508,0.4672339735975891,0.467669131619304,0.402893669977591,0.43009075767555727
2024020176,20242025,2024-11-02,2,0,0.7169750882302494,0.7101628991012708,0.6971274279457579,0.7032461282071016,0.7505517085378887
2024020177,20242025,2024-11-02,2,1,0.6969159772741156,0.633404035265799,0.6766001016183176,0.7125242301448289,0.7016236000592
2024020178,20242025,2024-11-02,2,1,0.5604234628999315,0.5819367206620135,0.6077331403972112,0.49811977474670627,0.5754174735558771
2024020179,20242025,2024-11-02,2,1,0.514979032700928,0.5616766825789644,0.5076686900268589,0.535814836320769,0.5014535717551561
2024020180,20242025,2024-11-02,2,1,0.626528379568212,0.6437810691967056,0.6132564231848324,0.6149081929048682,0.6514205226149351
2024020181,20242025,2024-11-02,2,1,0.48140809217594144,0.5123143339615132,0.488358343705878,0.4697714807203732,0.4860944521015732
2024020182,20242025,2024-11-02,2,1,0.49126560700635347,0.5227913078544426,0.4779611964908984,0.4909463521867071,0.5048892723414548
2024020183,20242025,2024-11-02,2,1,0.586369487768542,0.6329499370031417,0.6076093826460878,0.5712634982530109,0.5802355824065273
2024020184,20242025,2024-11-02,2,0,0.3360917187614527,0.3744918481079081,0.3570022715952841,0.29873000043895165,0.35254288425012226
2024020185,20242025,2024-11-03,2,1,0.6043827521825501,0.6864974777668137,0.60624235455021,0.627255893754696,0.5796500082427445
2024020186,20242025,2024-11-03,2,1,0.5826516609733224,0.603094709166422,0.5876940215379043,0.5894325885535983,0.5708283728284647
2024020187,20242025,2024-11-03,2,1,0.5845980218288177,0.6473757951500226,0.5512234191661047,0.6057226638212189,0.5968479824991296
2024020188,20242025,2024-11-03,2,1,0.7203414693847011,0.678773738699619,0.6986866548101004,0.7338302173827485,0.7285075359612546
2024020189,20242025,2024-11-03,2,1,0.5937148934192987,0.5681253104401915,0.6284959532185797,0.5526842362678145,0.599964490771502
2024020190,20242025,2024-11-03,2,0,0.43829479157547535,0.4947943678310822,0.44691017848098696,0.43668385038255403,0.4312903458628851
2024020191,20242025,2024-11-03,2,0,0.5618411765367992,0.5817210930133778,0.5546751560798696,0.5367829405513768,0.5940654329791513
2024020192,20242025,2024-11-04,2,0,0.4960787367496824,0.5589533514093441,0.48657468722867525,0.5033933449785484,0.49826817804182344
2024020193,20242025,2024-11-04,2,0,0.5458600522091834,0.644656223268768,0.5559305169159169,0.5321411403274262,0.5495084993842073
2024020194,20242025,2024-11-05,2,1,0.49412065112581066,0.5649583081057994,0.4756894165864496,0.5074449925247213,0.4992275442662611
2024020195,20242025,2024-11-05,2,1,0.5451580380031164,0.555438305813309,0.5545950925914447,0.5374892689963917,0.5433897524215124
2024020196,20242025,2024-11-05,2,0,0.4727420417970631,0.4885756032743963,0.48222741096433713,0.45685441538339944,0.47914429904345274
2024020197,20242025,2024-11-05,2,1,0.7844995829150334,0.7372924185058405,0.7634226150305029,0.8190549811221615,0.7710211525924358
2024020198,20242025,2024-11-05,2,1,0.5925235031659872,0.5617495369838659,0.5998676166551572,0.5850843678080961,0.5926185250347082
2024020199,20242025,2024-11-05,2,1,0.45327226462530873,0.5141896453199849,0.44755822220924424,0.45138990527695305,0.46086866638972895
2024020200,20242025,2024-11-05,2,0,0.5716624829598028,0.5872344160724755,0.5937081040225062,0.5743430077758828,0.5469363370810194
2024020201,20242025,2024-11-05,2,1,0.6163058433935386,0.6699959488109153,0.6451325122472185,0.6415309693729718,0.5622540485604254
2024020202,20242025,2024-11-05,2,1,0.6426357564996206,0.6415004295731931,0.6430728072177715,0.6419729160728159,0.6428615462082742
2024020203,20242025,2024-11-05,2,0,0.32680110230105547,0.4202003886908011,0.3511791258486684,0.3074126854314667,0.32181149562303135
2024020204,20242025,2024-11-05,2,1,0.4079123230777661,0.4734075641015258,0.41179708132982706,0.38299152176696943,0.4289483661365018
2024020205,20242025,2024-11-06,2,1,0.5842553694055795,0.5729378439942856,0.5798904343229682,0.5575730743846641,0.6153025995091062
2024020206,20242025,2024-11-06,2,0,0.4962248810184873,0.4722283071366946,0.5395000640252073,0.49699015039491984,0.45218442863533476
2024020207,20242025,2024-11-06,2,0,0.5588151240227229,0.579281883634144,0.5723913245116765,0.5499751559172957,0.5540788916391968
2024020208,20242025,2024-11-07,2,1,0.617053005656539,0.6278149007106691,0.59331064920338,0.63341034561021,0.6244380221560271
2024020209,20242025,2024-11-07,2,0,0.5801804881255713,0.5784048864567324,0.5970175040278256,0.5562370051666076,0.5872869551822805
2024020210,20242025,2024-11-07,2,0,0.7125666896909518,0.6790665329331783,0.726261064218934,0.7019977400423811,0.7094412648115404
2024020211,20242025,2024-11-07,2,1,0.6917847774152195,0.6872571478361256,0.6963127340650699,0.6828471726066558,0.6961944255739327
2024020212,20242025,2024-11-07,2,1,0.6811050832829152,0.6715238839346214,0.7166403932943942,0.6615278159961434,0.665147040558208
2024020213,20242025,2024-11-07,2,0,0.604290372818452,0.6792481845473602,0.639073124259784,0.605947156735369,0.567850837460203
2024020214,20242025,2024-11-07,2,1,0.7159898828666208,0.6997342642181718,0.6831448912653835,0.759658533318071,0.7051662240164079
2024020215,20242025,2024-11-07,2,0,0.5222722060562358,0.5831689730361316,0.5331022327991186,0.5197918298676453,0.5139225555019434
2024020216,20242025,2024-11-07,2,1,0.7731234824319722,0.7585473045370792,0.7400631226305673,0.8127228972406865,0.7665844274246627
2024020217,20242025,2024-11-07,2,1,0.5372869811514572,0.6210865526798084,0.567303897515726,0.5058795961109301,0.5386774498277155
2024020218,20242025,2024-11-07,2,0,0.5653349394896677,0.5670773420400659,0.6046864871937315,0.5386344588709545,0.5526838724043172
2024020219,20242025,2024-11-07,2,0,0.32808425309054573,0.3735384027773975,0.3498845030306845,0.27336410728170635,0.3610041489592464
2024020220,20242025,2024-11-08,2,1,0.6264762817138009,0.6258926570516956,0.6522093338936499,0.6325633315242455,0.5946561797235072
2024020221,20242025,2024-11-08,2,0,0.6300223555101462,0.593151239067602,0.6192457854768918,0.6112949358775028,0.6595263451760439
2024020222,20242025,2024-11-08,2,0,0.40353308647145036,0.4099111091862268,0.3900777107509602,0.36257747619882097,0.4579440724645698
2024020223,20242025,2024-11-08,2,1,0.45286903338666223,0.4713649878710867,0.478715694548478,0.4174971511657423,0.46239425444576643
2024020224,20242025,2024-11-09,2,1,0.5696856851843987,0.5882364739592589,0.5765327294767228,0.5785742090781624,0.5539501169983105
2024020225,20242025,2024-11-09,2,1,0.7527065322761367,0.7378876843677004,0.7419166751192442,0.757310307520546,0.7588926141886198
2024020226,20242025,2024-11-09,2,0,0.5329462711094322,0.639078244688076,0.5273028561306204,0.5734400003398125,0.49809595685786345
2024020227,20242025,2024-11-09,2,1,0.6983065987374895,0.7108976105612964,0.7470918857451829,0.6361508231332182,0.7116770873340674
2024020228,20242025,2024-11-09,2,0,0.3566340700415181,0.4601289008600298,0.4124947126340924,0.283087739297831,0.3743197581926309
2024020229,20242025,2024-11-09,2,0,0.5722340595767839,0.5661989301163122,0.5785927401746632,0.5635227963122749,0.5745866422434136
2024020230,20242025,2024-11-09,2,1,0.46434675440026857,0.5782284427130199,0.4626816841315705,0.4618254453857557,0.4685331336834794
2024020231,20242025,2024-11-09,2,0,0.5008090762995921,0.5480108648377247,0.48908091345825044,0.4988409391224187,0.5145053763181073
2024020232,20242025,2024-11-09,2,1,0.5284917279434987,0.5707197937238846,0.5178358713548213,0.5441377670254098,0.5235015454502652
2024020233,20242025,2024-11-09,2,1,0.44443379662005505,0.4880769563646151,0.43649328424274586,0.39759086743752314,0.49921723817989616
2024020234,20242025,2024-11-09,2,1,0.6480824352045973,0.6704512960222506,0.6803997604631062,0.6630880745407559,0.6007594706099296
2024020235,20242025,2024-11-09,2,0,0.5174782259093749,0.5577963810855547,0.4975320103817201,0.5402491536675919,0.5146535136788127
2024020236,20242025,2024-11-10,2,0,0.7255937330378027,0.738435135054108,0.7003814019545413,0.7077264977596464,0.7686732993992204
2024020237,20242025,2024-11-10,2,1,0.3964237115239914,0.4048940468064333,0.3944214669112946,0.3474920934139903,0.44735757424668937
2024020238,20242025,2024-11-10,2,1,0.4504002200218644,0.5225389378111015,0.42917869268421727,0.45945486547003,0.462567101911346
2024020239,20242025,2024-11-11,2,0,0.6772973957507094,0.6783755897661675,0.7041684973016433,0.6413240520521841,0.6863996378983006
2024020240,20242025,2024-11-11,2,1,0.7282348320917619,0.668347110544255,0.6823744196567234,0.7669801671049565,0.7353499095136056
2024020241,20242025,2024-11-11,2,0,0.3833927575352672,0.4703913500385338,0.3923393590004289,0.37056652494264836,0.3872723886627244
2024020242,20242025,2024-11-11,2,1,0.4666418616600954,0.5245796061070451,0.4440949676268189,0.48688702554578156,0.4689435918076859
2024020243,20242025,2024-11-11,2,1,0.6127182334558704,0.622226241592045,0.6004283506895941,0.6250778438053345,0.6126485058726828
2024020244,20242025,2024-11-11,2,0,0.3968557939476831,0.5105446298753297,0.39967203509896737,0.35480730278652606,0.43608804395755585
2024020245,20242025,2024-11-12,2,0,0.5285017137438351,0.6364095329664821,0.5252510028573536,0.562279083540535,0.49797505483361704
2024020246,20242025,2024-11-12,2,0,0.604147270533414,0.6805485766886519,0.6303309800710447,0.6255663134568018,0.5565445180723956
2024020247,20242025,2024-11-12,2,0,0.5524255993255289,0.5694524265057886,0.5449428408345466,0.560321422976624,0.5520125341654161
2024020248,20242025,2024-11-12,2,0,0.4669017798833808,0.5045659633340751,0.47142166103546057,0.44992471147351987,0.4793589671411619
2024020249,20242025,2024-11-12,2,1,0.6478288584005818,0.6521481178455433,0.6539344226882217,0.6702474917701849,0.6193046607433389
2024020250,20242025,2024-11-12,2,1,0.6724709432980275,0.6165114722620157,0.6655375308679521,0.7109196953654493,0.6409556036606809
2024020251,20242025,2024-11-12,2,1,0.5673566141094614,0.6234804879041902,0.5874961159837094,0.5425873504557495,0.5719863758889253
2024020252,20242025,2024-11-13,2,0,0.6109470158780791,0.5715081475259389,0.6143093258871406,0.5991571187560821,0.6193746029910145
2024020253,20242025,2024-11-13,2,0,0.5975183041381401,0.5333824437556349,0.5551155027135927,0.5901532347277081,0.6472861749731197
2024020254,20242025,2024-11-13,2,1,0.4138574851974499,0.4284437328717385,0.44012848273506344,0.38133828543369364,0.42010568742359256
2024020255,20242025,2024-11-13,2,1,0.541334034889713,0.5955166043472254,0.5323387269881236,0.5440075574522744,0.5476558202287409
2024020256,20242025,2024-11-13,2,0,0.36721094586801656,0.3940388596949485,0.35930306345858126,0.3077950163947652,0.43453475775070305
2024020257,20242025,2024-11-14,2,1,0.5919823721100969,0.5947165673303162,0.6059084577911351,0.5849100428784331,0.5851286156607224
2024020258,20242025,2024-11-14,2,0,0.6747545667328309,0.625650714342438,0.6668009391931157,0.6823049816707931,0.6751577793345833
2024020259,20242025,2024-11-14,2,1,0.5093317229528252,0.5008507656552503,0.5168134384921358,0.49173148450205345,0.5194502458642865
2024020260,20242025,2024-11-14,2,0,0.6221043642924049,0.6635095882100234,0.6141852772779444,0.6637464853835584,0.588381330215712
2024020261,20242025,2024-11-14,2,1,0.7789586786759347,0.7944012780035532,0.736704346249998,0.8336565000260842,0.7665151897517217
2024020262,20242025,2024-11-14,2,1,0.6031754138629699,0.6156012147038492,0.5981483821928144,0.6151180264160119,0.5962598329800836
2024020263,20242025,2024-11-14,2,1,0.696030076596362,0.6978792255037156,0.7357764349012432,0.629882509237694,0.7224312856501487
2024020264,20242025,2024-11-14,2,1,0.6588229315457883,0.6437848583609397,0.6365440179595215,0.6859096928852632,0.6540150837925803
2024020265,20242025,2024-11-14,2,0,0.6316857398680661,0.6295206684176479,0.6333796287482235,0.6443643346335318,0.6173132562224429
2024020266,20242025,2024-11-14,2,1,0.6655628300778118,0.6596635346304824,0.6533874538147301,0.6780892099365459,0.6652118264821595
2024020267,20242025,2024-11-15,2,1,0.5277540419384177,0.5061295458564161,0.535149115487196,0.5318670785325881,0.5162459317954691
2024020268,20242025,2024-11-15,2,0,0.6196222917960991,0.6234663471003067,0.6481535395070646,0.5821664909814799,0.6285468448997529
2024020269,20242025,2024-11-15,2,1,0.6133265365211765,0.5659443908793094,0.5921183226474107,0.6392087509692485,0.6086525359468701
2024020270,20242025,2024-11-15,2,0,0.47914529201542205,0.5081238677268073,0.4917688232785673,0.46018009208678096,0.48548696068091796
2024020271,20242025,2024-11-15,2,1,0.4214429254464638,0.4612458018752578,0.3864366407736544,0.451824795059361,0.42606734050637585
2024020272,20242025,2024-11-16,2,0,0.6044147322347116,0.6393106987312054,0.5913586469078442,0.6103234076321868,0.6115621421641038
2024020273,20242025,2024-11-16,2,1,0.5606325883987889,0.5583389487033534,0.5862645141675372,0.531917995737723,0.5637152552911064
2024020274,20242025,2024-11-16,2,1,0.4239007420822753,0.5474816935395529,0.43104923261553213,0.4359733751980453,0.40467961843324846
2024020275,20242025,2024-11-16,2,1,0.5496341859120959,0.55320685449266,0.5584643451872103,0.5408198112329039,0.5496184013161736
2024020276,20242025,2024-11-16,2,1,0.5517100502274307,0.5913413873783482,0.5556340781015037,0.5928089121963417,0.5066871603844467
2024020277,20242025,2024-11-16,2,1,0.5760889708310168,0.5699653610466664,0.5698697991081164,0.57228564255014,0.586111470834794
2024020278,20242025,2024-11-16,2,1,0.424409547370761,0.5116379278057629,0.4197584600265437,0.4176390125375722,0.43583116954816703
2024020279,20242025,2024-11-16,2,1,0.7048771746532951,0.6985224934453855,0.7045543965069341,0.697512058557107,0.7125650688958441
2024020280,20242025,2024-11-16,2,1,0.6419463685586119,0.6928942920618352,0.6197384178925052,0.6736949151367073,0.6324057726466232
2024020281,20242025,2024-11-16,2,0,0.42089383057583407,0.5120177001135822,0.4575089346537645,0.38809288254017543,0.41707967453356226
2024020282,20242025,2024-11-16,2,1,0.6589587647702152,0.6162477940992463,0.6310713670074283,0.6687335733424454,0.6770713539607719
2024020283,20242025,2024-11-16,2,1,0.7276627891135966,0.714160535525404,0.6913812912618482,0.7493213888346584,0.7422856872442833
2024020284,20242025,2024-11-17,2,1,0.7328888870261959,0.7063746254921973,0.721926411664417,0.7132606992230147,0.7634795501911558
2024020285,20242025,2024-11-17,2,0,0.5934931688001069,0.61827149766535,0.6082026110062819,0.5818081746742146,0.590468720719824
2024020286,20242025,2024-11-17,2,0,0.5828356082321109,0.6207966725052688,0.5883185518968048,0.5654838765530046,0.5947043962465233
2024020287,20242025,2024-11-17,2,0,0.36865241538469123,0.4534910183572218,0.39767139262266343,0.33512087435565396,0.37316497917575625
2024020288,20242025,2024-11-18,2,0,0.6094042708818098,0.6919434836675532,0.651739598517428,0.5945769076855585,0.5818963064424428
2024020289,20242025,2024-11-18,2,0,0.3909067910536846,0.4731241240786166,0.3929609778913587,0.38285552905078984,0.3969038662189052
2024020290,20242025,2024-11-18,2,1,0.34687893588281904,0.4075474344381152,0.3460097941285265,0.303144151868248,0.3914828616516825
2024020291,20242025,2024-11-18,2,0,0.777378952852947,0.7685409890655114,0.7810327777536719,0.7750039660138285,0.7761001147913409
2024020292,20242025,2024-11-18,2,0,0.5939375881243234,0.5395481553123992,0.6015506142113154,0.5779973833891542,0.6022647667725004
2024020293,20242025,2024-11-18,2,1,0.38628031796688034,0.4278130383790172,0.36728826653788926,0.3715521376003658,0.420000549762386
2024020294,20242025,2024-11-19,2,0,0.5535487281180483,0.4960246631429479,0.5674287459506229,0.54598771034361,0.5472297280599122
2024020295,20242025,2024-11-19,2,0,0.460759581076746,0.4857765678372575,0.47664375152905963,0.4586970598329017,0.4469379318682769
2024020296,20242025,2024-11-19,2,0,0.4759950061908129,0.5075820037297828,0.49412010799323053,0.4441007871643314,0.4897641234148768
2024020297,20242025,2024-11-19,2,1,0.4956889756907776,0.5595575292890685,0.4886485196889369,0.48471467921970873,0.5137037281636869
2024020298,20242025,2024-11-19,2,0,0.6302862158232444,0.5564154485580981,0.6337388989571139,0.6019699993952361,0.6551497491173831
2024020299,20242025,2024-11-19,2,1,0.5848396000344366,0.5760328905941486,0.6093768297121749,0.5493348317011627,0.5958071386899723
2024020300,20242025,2024-11-19,2,0,0.5194289216627392,0.498337054172857,0.4937546512110746,0.5409952684023811,0.523536845374762
2024020301,20242025,2024-11-20,2,1,0.5031536723260098,0.5693005546507808,0.527681430647621,0.46708347662091143,0.514696109709497
2024020302,20242025,2024-11-20,2,0,0.3399968823693445,0.3902319236617286,0.3793732224092845,0.30426629393637716,0.3363511307623719
2024020303,20242025,2024-11-20,2,1,0.7830564736169777,0.793999332258246,0.7554846433408722,0.8255746950637634,0.7681100824462975
2024020304,20242025,2024-11-20,2,1,0.56731056398417,0.5514946693623628,0.5666378113942192,0.6060410896506863,0.5292527909076047
2024020305,20242025,2024-11-20,2,0,0.5709174470142165,0.6022028510175743,0.5979378329767912,0.556726289198515,0.5580882188673434
2024020306,20242025,2024-11-21,2,1,0.542596916905937,0.6192844338752047,0.5310259433734621,0.5576256832947097,0.5391391240496393
2024020307,20242025,2024-11-21,2,0,0.5716200999060308,0.502835353763206,0.568903150661153,0.5832820601022594,0.5626750889546801
2024020308,20242025,2024-11-21,2,1,0.5197458055924277,0.5559551267081995,0.5165371100458231,0.49565589227552914,0.5470444144559308
2024020309,20242025,2024-11-21,2,1,0.48571697003186126,0.4608666087672174,0.5201657130146697,0.4726797739568596,0.46430542312405443
2024020310,20242025,2024-11-21,2,0,0.4823104405386891,0.5485305763906274,0.46494287964413067,0.4520669752667617,0.5299214667051748
2024020311,20242025,2024-11-21,2,1,0.4396251828854047,0.434298281730586,0.42523411321684934,0.42510926600703924,0.46853216943232556
2024020312,20242025,2024-11-21,2,1,0.7259029911835849,0.7002312637303497,0.6944705866870944,0.7415146177875258,0.7417237690761345
2024020313,20242025,2024-11-21,2,1,0.32557097795643647,0.3390615669741635,0.33840933650370464,0.26994512489649314,0.36835847246911174
2024020314,20242025,2024-11-21,2,1,0.47814988404051606,0.4599663268119506,0.4836601579215936,0.4616893097843701,0.4891001844155844
2024020315,20242025,2024-11-21,2,0,0.6124787439766104,0.5944566336767525,0.6386099769635144,0.6017258593152092,0.5971003956511076
2024020316,20242025,2024-11-22,2,0,0.40397053989617215,0.4320055830303828,0.38649060459721846,0.382714277819749,0.44270673727154897
2024020317,20242025,2024-11-22,2,0,0.36839238571888444,0.4625156201068463,0.3794628837571133,0.3713502882650175,0.35436398513452266
2024020318,20242025,2024-11-23,2,1,0.6146296702505563,0.6336721856213435,0.6181822488994547,0.613669634212994,0.61203712763922
2024020319,20242025,2024-11-23,2,1,0.4863484464065484,0.5184956974189933,0.4906967880304074,0.47462513748399243,0.49372341370524525
2024020320,20242025,2024-11-23,2,1,0.6348398216103015,0.6136634669034327,0.6302726855880534,0.6550242488404068,0.6192225304024445
2024020321,20242025,2024-11-23,2,0,0.5580350710710525,0.6141004184325506,0.5333393924077697,0.5855230382168392,0.555242782588549
2024020322,20242025,2024-11-23,2,0,0.40306109977624943,0.4330385780484119,0.43944031441134457,0.3610318456440438,0.4087111392733599
2024020323,20242025,2024-11-23,2,0,0.5931076517072936,0.5219876292467298,0.6267475406023737,0.5695754278888511,0.5829999866306561
2024020324,20242025,2024-11-23,2,0,0.4542804793161715,0.5113547619794376,0.46809015180514807,0.4191170191400531,0.4756342670033133
2024020325,20242025,2024-11-23,2,0,0.42948688853951406,0.5275939512741823,0.4247354210790873,0.43777111515684175,0.42595412938261334
2024020326,20242025,2024-11-23,2,0,0.4330014664983875,0.5553334319214696,0.4494884698669626,0.42445335844418375,0.4250625711840161
2024020327,20242025,2024-11-23,2,0,0.5092656443705826,0.566434660249068,0.4977932115497506,0.5068170589703203,0.5231866625916772
2024020328,20242025,2024-11-23,2,1,0.39214015714647,0.3713415454150272,0.41542426164921414,0.32319721775791016,0.4377989920322856
2024020329,20242025,2024-11-23,2,1,0.43014615517136817,0.4488948305935027,0.3944322503280192,0.42355249297883685,0.47245372220724857
2024020330,20242025,2024-11-23,2,1,0.568945937449343,0.5808441711082668,0.5619781210900451,0.5814221756040034,0.5634375156539801
2024020331,20242025,2024-11-23,2,0,0.3819143824417648,0.3964330406206109,0.36139046130025154,0.3736692238467316,0.41068346217831114
2024020332,20242025,2024-11-23,2,1,0.5692779265631244,0.5310945385477083,0.5743559977736844,0.5864468045564177,0.5470309773592706
2024020333,20242025,2024-11-24,2,1,0.5849944341156065,0.6394530937505198,0.6177192256665298,0.5961173297264212,0.5411467469538683
2024020334,20242025,2024-11-25,2,1,0.546913053588133,0.557106049427538,0.554934142325133,0.5482273960115686,0.5375776224276975
2024020335,20242025,2024-11-25,2,0,0.6496735140410823,0.6389472425296334,0.6189240468634417,0.6711269139690784,0.6589695812907268
2024020336,20242025,2024-11-25,2,1,0.5846097942341463,0.6073401564035364,0.5589958885458352,0.6159254442133533,0.5789080499432502
2024020337,20242025,2024-11-25,2,0,0.646636151393918,0.6906603607781095,0.632774002132132,0.6877504554772877,0.6193839965723342
2024020338,20242025,2024-11-25,2,0,0.413256520788829,0.4572802723284526,0.43054005986815636,0.3949276259374609,0.4143018765608699
2024020339,20242025,2024-11-25,2,1,0.5191999760198541,0.5898073557117264,0.5149222336396767,0.5278455537839096,0.5148321406359762
2024020340,20242025,2024-11-25,2,1,0.5549125450874178,0.542647943664677,0.5521080151751199,0.5595453575437483,0.5530842625433852
2024020341,20242025,2024-11-25,2,0,0.5823095100210284,0.5887487355792803,0.6039562817096354,0.5593942143157818,0.583578034037668
2024020342,20242025,2024-11-25,2,0,0.4689228232838409,0.515440360287267,0.4611296123127751,0.4644593462279898,0.4811795113107577
2024020343,20242025,2024-11-25,2,0,0.427961901132939,0.4825578337698209,0.42517154663253753,0.43175031663372077,0.42696384013255895
2024020344,20242025,2024-11-25,2,1,0.38940885342043813,0.3712430749808202,0.40373103201090216,0.2998646754425615,0.4646308528078507
2024020345,20242025,2024-11-26,2,0,0.5160408423317446,0.5771596796760157,0.4977452209047692,0.5113965324357537,0.5389807736547109
2024020346,20242025,2024-11-26,2,0,0.43862250842484474,0.494504128811118,0.4670094671617257,0.4184293964023507,0.43042866171045785
2024020347,20242025,2024-11-27,2,0,0.4955753423571965,0.5389899237035514,0.4944017342785627,0.5028248774917956,0.48949941530123126
2024020348,20242025,2024-11-27,2,0,0.6261765612959858,0.6307354925504335,0.6154173916318972,0.6395378609020262,0.6235744313540338
2024020349,20242025,2024-11-27,2,1,0.6142107111402507,0.6126582540978323,0.6334669307598478,0.6584921267842175,0.550673075876687
2024020350,20242025,2024-11-27,2,1,0.46723752950364883,0.5477432548207614,0.5086376288166878,0.4486991256888613,0.4443758340053975
2024020351,20242025,2024-11-27,2,0,0.610178507593573,0.5982003172629454,0.6139886443346192,0.6051995891432629,0.611347289302837
2024020352,20242025,2024-11-27,2,1,0.6012194056423844,0.5931192132103786,0.6015098220331762,0.5768686404543644,0.6252797544396127
2024020353,20242025,2024-11-27,2,0,0.5366179897007475,0.5217934792712059,0.5418384815403411,0.5521908890158217,0.5158245985460796
2024020354,20242025,2024-11-27,2,1,0.48857734326369107,0.487383989464569,0.4276234831702797,0.5306379732479058,0.5074705733728876
2024020355,20242025,2024-11-27,2,0,0.6106963040811805,0.5974459796023419,0.6073253730909567,0.6560989281811859,0.5686646109713988
2024020356,20242025,2024-11-27,2,0,0.6123797593437428,0.6205012467930032,0.6017781961178588,0.6004839340563092,0.6348771478570604
2024020357,20242025,2024-11-27,2,1,0.3026534464387485,0.3495020461942883,0.33406916303711515,0.23235876443019504,0.3415324118489353
2024020358,20242025,2024-11-27,2,1,0.566370121192206,0.566446858572241,0.5676901897238648,0.5670243427165247,0.5643958311362284
2024020359,20242025,2024-11-27,2,1,0.5286306963714896,0.4763639647639102,0.5711912177753591,0.5386771239209317,0.476023747418178
2024020360,20242025,2024-11-27,2,0,0.6594705281910697,0.6619760563561625,0.6544982461330133,0.6730947940746065,0.6508185443655891
2024020361,20242025,2024-11-27,2,0,0.329265170985121,0.4307637136056455,0.3447430527820606,0.2968840636897001,0.3461683964836023
2024020362,20242025,2024-11-29,2,1,0.42322298481795056,0.4340647550916863,0.40938425514783605,0.42466640271268097,0.43561829659333484
2024020363,20242025,2024-11-29,2,1,0.7405621507972407,0.7176366123758703,0.7425362498008163,0.7283914413302531,0.750758761260653
2024020364,20242025,2024-11-29,2,0,0.5021676016241058,0.5440993658512304,0.5059555566968703,0.5130274135116786,0.48751983466376864
2024020365,20242025,2024-11-29,2,0,0.40465781049995037,0.5195262494871336,0.4410957941968704,0.3965830601570445,0.3762945771459362
2024020366,20242025,2024-11-29,2,1,0.6332548197372984,0.6307001551471422,0.6312483895038093,0.6338014142991348,0.634714655408951
2024020367,20242025,2024-11-29,2,0,0.5576765396428449,0.6129884887742904,0.5890849355284077,0.5519060861437916,0.5320385972563356
2024020368,20242025,2024-11-29,2,1,0.4969445618584019,0.5021226477295478,0.4980132647644253,0.4856047544039558,0.5072156664068247
2024020369,20242025,2024-11-29,2,0,0.4475558144517704,0.5063638787320226,0.44937406128168034,0.442721430528874,0.45057195154475677
2024020370,20242025,2024-11-29,2,0,0.370822992097682,0.4435656701695813,0.4033485963470569,0.35468025086480304,0.3544401290811861
2024020371,20242025,2024-11-29,2,1,0.38689627789301606,0.4313703547350642,0.4023501525365638,0.3559052431357212,0.4024334380067631
2024020372,20242025,2024-11-29,2,0,0.6412167644125334,0.6481981305908501,0.6417248970466036,0.6384177808862053,0.6435076153047915
2024020373,20242025,2024-11-29,2,1,0.6058624465089819,0.6018516069532365,0.6178242204288206,0.6068597268738992,0.5929033922242261
2024020374,20242025,2024-11-29,2,1,0.5307559036456907,0.5258332109940527,0.5560761482771873,0.5003028807594647,0.5358886819004202
2024020375,20242025,2024-11-29,2,0,0.45423086436333837,0.4904948395021056,0.45932762609869016,0.445014995076439,0.45834997191488597
2024020376,20242025,2024-11-30,2,1,0.6389708039217753,0.7243994896076098,0.6983634427539154,0.6482562053941239,0.5702927636172868
2024020377,20242025,2024-11-30,2,1,0.4180568268999742,0.5457662531782962,0.4195811456275601,0.4232056834274888,0.41138365164487367
2024020378,20242025,2024-11-30,2,0,0.5168033125371433,0.5734457592228219,0.5354878890822671,0.46503163554746924,0.5498904129816936
2024020379,20242025,2024-11-30,2,0,0.5780519899187642,0.5688996981580124,0.5316736916530057,0.6040807650321239,0.5984015130711627
2024020380,20242025,2024-11-30,2,1,0.4476112251701881,0.5429920981869886,0.4620913044657559,0.45142619729352296,0.42931617375128533
2024020381,20242025,2024-11-30,2,0,0.6214991246783516,0.6045554598360345,0.6100141421339204,0.6183211902911864,0.6361620416099477
2024020382,20242025,2024-11-30,2,1,0.5495264233191212,0.6174951695541215,0.5794123366787122,0.5346020597464036,0.5345648735322475
2024020383,20242025,2024-11-30,2,1,0.498411076144589,0.5402776116665651,0.5171474208516467,0.5158459528742251,0.46223985470789514
2024020384,20242025,2024-11-30,2,1,0.5937613584661506,0.6323352679689903,0.58986528871537,0.6043485978450992,0.5870701888379827
2024020385,20242025,2024-11-30,2,0,0.50795537700092,0.5547290850125749,0.5374332281185714,0.514276120233035,0.4721567826511534
2024020386,20242025,2024-11-30,2,0,0.5334892096790091,0.6455711136803998,0.5356433099780611,0.5601101613633419,0.5047141576956246
2024020387,20242025,2024-11-30,2,0,0.6348248077675402,0.6878302341504169,0.6543021706813682,0.6225550292049701,0.6276172234162825
2024020388,20242025,2024-12-01,2,0,0.47458587425247534,0.5094016193037719,0.444390305845733,0.4574217790007993,0.5219455379108937
2024020389,20242025,2024-12-01,2,1,0.6749471522994321,0.6878967956907788,0.6810757922398636,0.6983033515437784,0.6454623131146544
2024020390,20242025,2024-12-01,2,0,0.41230526226265213,0.5220423253552529,0.4355688758475293,0.376156183149874,0.42519072779055306
2024020391,20242025,2024-12-01,2,1,0.5786389001481013,0.5650832801453962,0.5683102087139641,0.5786462063467134,0.5889602853836263
2024020392,20242025,2024-12-01,2,1,0.4598866904336942,0.4899394216536513,0.42463478176088,0.4992945063825706,0.4557307831576319
2024020393,20242025,2024-12-02,2,0,0.5096225223925014,0.6189267958695527,0.5155236963379884,0.5350541002966849,0.47828977054283073
2024020394,20242025,2024-12-02,2,1,0.7540921508224144,0.7367408620108212,0.734104531844119,0.7428188276515018,0.7853530929716225
2024020395,20242025,2024-12-02,2,0,0.4661688123631043,0.4680849791114205,0.4625671202797839,0.4970339145016247,0.4389054023079043
2024020396,20242025,2024-12-03,2,1,0.58986510819009,0.6334541308630874,0.5668450284584171,0.5962214332857482,0.6065288628261045
2024020397,20242025,2024-12-03,2,0,0.4922005826414977,0.5191756257889195,0.4769371447758702,0.48432969390631825,0.5153349092423046
2024020398,20242025,2024-12-03,2,1,0.521833259279699,0.4982466708670399,0.536450503684205,0.5296250715034424,0.49942420265144966
2024020399,20242025,2024-12-03,2,1,0.3713765142389629,0.4345642201745573,0.3814004545493644,0.34402452303103953,0.3887045651364847
2024020400,20242025,2024-12-03,2,0,0.709826562516627,0.7429883334417389,0.7187786056508243,0.7010644259024204,0.7096366559966361
2024020401,20242025,2024-12-03,2,0,0.6447743896477379,0.7156785803026916,0.6060674742965596,0.6656133696114328,0.6626423250352216
2024020402,20242025,2024-12-03,2,1,0.5716842015341469,0.5808479168012269,0.5691167928383466,0.5755264425555141,0.5704093692085799
2024020403,20242025,2024-12-03,2,0,0.6411012470097185,0.6792496866915392,0.6088212927940485,0.6612619443531302,0.6532205038819766
2024020404,20242025,2024-12-03,2,1,0.5056425248674278,0.6128595790665656,0.525504929789638,0.4893485194276497,0.5020741253849954
2024020405,20242025,2024-12-03,2,1,0.4404254360132462,0.542273546927486,0.4318861218606105,0.4523442234346213,0.43704596274450663
2024020406,20242025,2024-12-04,2,1,0.5575537384109724,0.649925097040277,0.5432282030597535,0.5935593452344801,0.5358736669386837
2024020407,20242025,2024-12-04,2,0,0.4159069547935957,0.40752582017888,0.39508831954088197,0.4337923433904573,0.4188402014494478
2024020408,20242025,2024-12-04,2,0,0.4682409918861797,0.4145843132567448,0.4215250322334051,0.49070007284258277,0.4924978705825512
2024020409,20242025,2024-12-04,2,1,0.5205334577295956,0.5001792999000286,0.5197371633429192,0.5077253640952318,0.5341378457506356
2024020410,20242025,2024-12-05,2,0,0.49476415584028244,0.4760922894473046,0.49399153880132113,0.5008439093040049,0.48945701941552117
2024020411,20242025,2024-12-05,2,1,0.5072520538715857,0.4983981568343886,0.5107113569140176,0.5305914083413593,0.4804533963593801
2024020412,20242025,2024-12-05,2,1,0.5739737892241289,0.5735557433124098,0.5841654503101683,0.5513880088434118,0.5863679085188068
2024020413,20242025,2024-12-05,2,1,0.7098665541855215,0.7459113045608496,0.7131082009100862,0.7270662669426953,0.6894251947037829
2024020414,20242025,2024-12-05,2,0,0.35277578261453085,0.4278553980680527,0.3825509765066551,0.35717466000531173,0.3186017113316257
2024020415,20242025,2024-12-05,2,1,0.580313405922304,0.6244180009084108,0.5595826371757436,0.5844640334358604,0.5968935471553081
2024020416,20242025,2024-12-05,2,0,0.49749244951085764,0.5785645251337136,0.48481356612177023,0.49550793515401653,0.5121558472567861
2024020417,20242025,2024-12-05,2,0,0.5605484214713056,0.5676455529369153,0.5674607781855392,0.5283319612147801,0.5858525250135975
2024020418,20242025,2024-12-05,2,1,0.6664738270327732,0.7021560102766873,0.6935640134336417,0.6466162294389932,0.6592412382256848
2024020419,20242025,2024-12-06,2,0,0.5258620702127693,0.6020766471752854,0.5091643760118569,0.5326212393524761,0.535800595273975
2024020420,20242025,2024-12-06,2,1,0.626607422560789,0.6350878682872358,0.6069886660259115,0.6442978652571908,0.6285357363992651
2024020421,20242025,2024-12-06,2,1,0.6393318454241393,0.6641294946814962,0.5826131761218563,0.6827090891277273,0.6526732710228346
2024020422,20242025,2024-12-06,2,1,0.653938936986158,0.6713574073276438,0.6647539559152383,0.651778557063123,0.6452842979801126
2024020423,20242025,2024-12-06,2,1,0.4919936981652248,0.5311737077731747,0.4776943900733859,0.5087144592814503,0.4895722451408382
2024020424,20242025,2024-12-06,2,0,0.41175959986520144,0.4102844945499642,0.4117543527779876,0.40210609110123224,0.4214183557163845
2024020425,20242025,2024-12-07,2,1,0.6035800281303135,0.6571223628113994,0.5780355373689561,0.6123485080239764,0.6203560389980082
2024020426,20242025,2024-12-07,2,0,0.545400703030947,0.5670590326101799,0.5550868947399955,0.5705809221559626,0.510534292196883
2024020427,20242025,2024-12-07,2,0,0.39126185527506196,0.3535922532560224,0.4082700959996234,0.3412274819041286,0.42428798792143396
2024020428,20242025,2024-12-07,2,1,0.38619085890678084,0.4260998887094298,0.40582952699185076,0.3510676286825134,0.4016754210459782
2024020429,20242025,2024-12-07,2,1,0.7339525851855511,0.7883163231315671,0.7276968297519024,0.7411479573868271,0.7330129684179236
2024020430,20242025,2024-12-07,2,0,0.45229277441917964,0.4427191839448281,0.458544095425839,0.4959318365167005,0.4024023913149995
2024020431,20242025,2024-12-07,2,1,0.5488555253724282,0.5722510554276836,0.5748568369820337,0.5219327693531451,0.5497769697821057
2024020432,20242025,2024-12-07,2,0,0.4169869433900515,0.4895153830073253,0.42374750876865647,0.38889239003563153,0.4383209313658665
2024020433,20242025,2024-12-07,2,1,0.39378446254142546,0.4798683350883084,0.40544613454613515,0.36627421029871454,0.40963304277942664
2024020434,20242025,2024-12-07,2,1,0.6189141547080195,0.5480387713694721,0.5818798941685093,0.6530430267623608,0.6218195431931883
2024020435,20242025,2024-12-07,2,1,0.6344046494103528,0.6523707549073573,0.5974638649399904,0.6532461953999232,0.6525038878911447
2024020436,20242025,2024-12-08,2,0,0.6049324066500726,0.6676703463451472,0.5745752496100499,0.6152478551152738,0.6249741152248944
2024020437,20242025,2024-12-08,2,0,0.485325865887226,0.5589685936725437,0.4980413099011897,0.4517971157695984,0.5061391719908899
2024020438,20242025,2024-12-08,2,0,0.548223731282457,0.5805892391931674,0.5540815078186646,0.4762729394718787,0.6143167465568278
2024020439,20242025,2024-12-08,2,0,0.6364310302667009,0.7229247216207161,0.6726947539877979,0.5870504707168295,0.6495478660954752
2024020440,20242025,2024-12-08,2,0,0.6215717809730054,0.5623868151140684,0.608293509719858,0.5994328531613284,0.6569889800378295
2024020441,20242025,2024-12-08,2,0,0.45353292610818113,0.5206394502886673,0.4710546503867522,0.47664658562240175,0.41289754231538967
2024020442,20242025,2024-12-08,2,1,0.601984632818176,0.6771789004536295,0.6234855076288022,0.5881455957700901,0.594322795055636
2024020443,20242025,2024-12-09,2,0,0.6066635662568642,0.5897194301791071,0.5844535515945012,0.5932065360839469,0.6423306110921447
2024020444,20242025,2024-12-09,2,0,0.695012715127289,0.7485822763294127,0.6960038393274501,0.6520828796166855,0.7369514264377314
2024020445,20242025,2024-12-09,2,1,0.5843419648272176,0.5941438977858702,0.6189366870146603,0.5566048012217248,0.5774844062452676
2024020446,20242025,2024-12-10,2,0,0.5670906349909731,0.5524238752823944,0.5836643509058603,0.5393128193412646,0.5782947347257944
2024020447,20242025,2024-12-10,2,0,0.4066173481374802,0.4866953950682202,0.3880261096742208,0.40678573173561056,0.4250402030026093
2024020448,20242025,2024-12-10,2,1,0.7676960335880132,0.7906249550904989,0.7451927128359079,0.7986173366566895,0.7592780512714421
2024020449,20242025,2024-12-10,2,0,0.5584316522351721,0.5652144563266308,0.5604777367202644,0.5459783253112322,0.5688388946740198
2024020450,20242025,2024-12-10,2,0,0.4611583716478147,0.5061245683863346,0.47072078466308603,0.45276909806893423,0.45998523221142384
2024020451,20242025,2024-12-10,2,0,0.499076507153201,0.5607794135410845,0.47041739062178917,0.49042507345580233,0.5363870573820114
2024020452,20242025,2024-12-10,2,1,0.5576161808156596,0.6097278567291118,0.5423356054725623,0.5880476532328625,0.542465283741554
2024020453,20242025,2024-12-10,2,1,0.512358380250467,0.5945365483765318,0.4916681722618237,0.5161607675277142,0.5292462009618631
2024020454,20242025,2024-12-10,2,0,0.539889725620056,0.5254844355412442,0.5327324344256252,0.5690988515002853,0.5178378909342575
2024020455,20242025,2024-12-10,2,0,0.5527857414323282,0.6136406777024274,0.5620867323916803,0.5489994706948259,0.5472710212104783
2024020456,20242025,2024-12-10,2,0,0.3633237188687257,0.4430832380368347,0.3794039567893398,0.35118887076968514,0.35937832904715217
2024020457,20242025,2024-12-11,2,0,0.5052721811183418,0.488953109398289,0.4987740401399473,0.48425689926724436,0.5327856039478339
2024020458,20242025,2024-12-11,2,1,0.6253229040882394,0.6563993487761843,0.6354251064197597,0.6194958143423641,0.6210477915025944
2024020459,20242025,2024-12-12,2,1,0.720224548573594,0.7326169091497595,0.7049013993362898,0.7204890801599628,0.7352831662245294
2024020460,20242025,2024-12-12,2,0,0.5121990382013616,0.5149114644226059,0.5332247467131659,0.49310581762041833,0.5102665502705004
2024020461,20242025,2024-12-12,2,1,0.5659006230557051,0.5547530828857722,0.5152231244892178,0.5726274683343981,0.6098512763434993
2024020462,20242025,2024-12-12,2,1,0.5545721142058279,0.5554458385273285,0.5592084681850553,0.5457245229627168,0.5587833514697117
2024020463,20242025,2024-12-12,2,0,0.42601880523734453,0.4564522951746466,0.44537054581101376,0.441476804072336,0.39120906582868387
2024020464,20242025,2024-12-12,2,1,0.6149269244434238,0.6649004257509864,0.6128579997941463,0.6137384396634638,0.6181843338726613
2024020465,20242025,2024-12-12,2,0,0.6828901708300309,0.7091933817290446,0.684590994185774,0.6911803663533853,0.6728991519509333
2024020466,20242025,2024-12-12,2,0,0.6549036708718551,0.6977458482781953,0.6646877984988908,0.648937708579358,0.6510855055373164
2024020467,20242025,2024-12-12,2,0,0.5254902013043611,0.5413245020821337,0.47686444389315374,0.5566947502917556,0.5429114097281736
2024020468,20242025,2024-12-12,2,0,0.6070705485559665,0.5992780792849065,0.6033436739961946,0.5958077559017319,0.622060215769973
2024020469,20242025,2024-12-12,2,0,0.5669621156913355,0.6330141458607159,0.5289873779550919,0.5946863326992655,0.5772126364196491
2024020470,20242025,2024-12-12,2,0,0.49309217632579827,0.4968585482053889,0.5384348127988132,0.4618730307137799,0.47896868546480154
2024020471,20242025,2024-12-12,2,1,0.4102608321221622,0.4924504661846633,0.4016410526856342,0.4011433130861801,0.4279981305946724
2024020472,20242025,2024-12-12,2,1,0.43361054651510694,0.5095636981665884,0.43204418635019337,0.44223131963914275,0.42655613355598476
2024020473,20242025,2024-12-13,2,0,0.6711850076315914,0.6932225288930839,0.6732568714825584,0.6478004717438087,0.6924976796684074
2024020474,20242025,2024-12-14,2,1,0.7303043515675749,0.721715382606628,0.7041466142190662,0.7346598205380027,0.7521066199456556
2024020475,20242025,2024-12-14,2,0,0.5640622452860665,0.5921243001005148,0.5586796437467128,0.5530474146232524,0.5804596774882347
2024020476,20242025,2024-12-14,2,1,0.5905074607397797,0.6576880970371004,0.5622465686895634,0.6179582101918287,0.5913176033379468
2024020477,20242025,2024-12-14,2,1,0.5790679282202883,0.6005164004977631,0.5638994450142507,0.562025457943208,0.6112788817034063
2024020478,20242025,2024-12-14,2,1,0.49499117879694343,0.5806409314169204,0.5471259345920868,0.4207313137203504,0.517116288078393
2024020479,20242025,2024-12-14,2,1,0.4653413723290365,0.4740612666068607,0.46411141868858485,0.45182641551233566,0.48008628278618903
2024020480,20242025,2024-12-14,2,1,0.621100008799291,0.6442658735902745,0.5886976815920698,0.6418312863341101,0.6327710584716928
2024020481,20242025,2024-12-14,2,0,0.5895155817067103,0.6223234423167783,0.6216733011031571,0.5546600586736485,0.5922133853433249
2024020482,20242025,2024-12-14,2,1,0.7243297714790282,0.7371151894681706,0.7104825579811304,0.7412659710308956,0.7212407854250585
2024020483,20242025,2024-12-14,2,1,0.5933802888987598,0.6657956180236304,0.5669752802704867,0.6118945585434696,0.6012710278823232
2024020484,20242025,2024-12-14,2,1,0.6221775366692258,0.6513609539557963,0.6117692091219374,0.6224143770320903,0.6323490238536497
2024020485,20242025,2024-12-14,2,1,0.4057001068406339,0.4440496698804954,0.4227708865479963,0.37202434483706304,0.42230508913684245
2024020486,20242025,2024-12-14,2,0,0.4897928894335439,0.5794592981561071,0.4674652884196513,0.5097555909507114,0.4921577889302688
2024020487,20242025,2024-12-14,2,0,0.3938824919635162,0.4119036990511765,0.38053943308573335,0.3565282556455819,0.4445797871592333
2024020488,20242025,2024-12-14,2,0,0.4026759302444578,0.4886370873031993,0.4201781518011455,0.38150468065100834,0.40634495828121964
2024020489,20242025,2024-12-15,2,1,0.4258573029217987,0.4648430483398177,0.4914657509447947,0.356061005950078,0.4300451518705233
2024020490,20242025,2024-12-15,2,1,0.5629510555391123,0.6502805614018126,0.5724473243109763,0.5760558877387557,0.5403499545676049
2024020491,20242025,2024-12-15,2,1,0.7378254914886536,0.7285699807765184,0.7388236239508672,0.7480172609923654,0.7266355895227282
2024020492,20242025,2024-12-15,2,1,0.47219786164555505,0.5068073177682905,0.48054941945904217,0.46569698335622506,0.47034718212139776
2024020493,20242025,2024-12-15,2,0,0.5777990161578118,0.561509035990121,0.5569782885625426,0.5542717409548759,0.6221470189560172
2024020494,20242025,2024-12-16,2,1,0.52480156841453,0.6101114722234917,0.5150740508425158,0.5432821141921812,0.516048540208893
2024020495,20242025,2024-12-16,2,0,0.4658694623366362,0.5776884246713503,0.4731888078728245,0.4761433571510018,0.4482762219860821
2024020496,20242025,2024-12-16,2,1,0.4991451506036742,0.5389119906955199,0.49043765628546016,0.5169718650157913,0.49002593050977117
2024020497,20242025,2024-12-17,2,1,0.43816139966117756,0.5043778218469261,0.41921435546703484,0.44940466284859343,0.4458651806679045
2024020498,20242025,2024-12-17,2,1,0.7027504195623452,0.7111390861797117,0.7168385132351869,0.6871685110573384,0.7042442343945102
2024020499,20242025,2024-12-17,2,1,0.4379156675298666,0.4950181998858931,0.4383153637423214,0.4404232116513309,0.43500842719594746
2024020500,20242025,2024-12-17,2,1,0.6724879249567314,0.6964898316586103,0.6504744040226653,0.6881810522561851,0.6788083185913438
2024020501,20242025,2024-12-17,2,0,0.35502325824719355,0.5262796230575605,0.38115161622723337,0.4067990769434119,0.27711908157093545
2024020502,20242025,2024-12-17,2,1,0.47692808597633113,0.4911459781180574,0.4401225822916233,0.44213936442396534,0.5485223112134048
2024020503,20242025,2024-12-17,2,1,0.39967182086549685,0.3947809768218915,0.4182385202755133,0.3805731262147943,0.400203816106183
2024020504,20242025,2024-12-17,2,0,0.4743564082667606,0.5149080604542347,0.48129732398573877,0.4594319769381259,0.48233992387641716
2024020505,20242025,2024-12-17,2,0,0.514589058268001,0.558091262194276,0.5099409703756379,0.5048798633256172,0.5289463411027481
2024020506,20242025,2024-12-17,2,0,0.36602142052407266,0.3366499195781799,0.3663197329036959,0.3057456584873941,0.42599887018112814
2024020507,20242025,2024-12-18,2,1,0.502333809438946,0.5858994664755983,0.5043444528185731,0.4996991925621109,0.502957782936154
2024020508,20242025,2024-12-18,2,0,0.5672368401198263,0.6113540694388946,0.5416551790829865,0.5788455092359028,0.5812098320405896
2024020509,20242025,2024-12-18,2,0,0.43274777581216745,0.5198556837382815,0.3905429613025956,0.49360326891674144,0.4140970972171653
2024020510,20242025,2024-12-18,2,1,0.572481368252424,0.5514384106831964,0.5602824648523623,0.600600513010252,0.5565611268946578
2024020511,20242025,2024-12-18,2,1,0.40259567845384375,0.3634079015332588,0.3797946335722952,0.4053674558553476,0.4226249459338885
2024020512,20242025,2024-12-19,2,1,0.6790267009416086,0.6575868461588508,0.6445275369954895,0.6927234808879977,0.699829084941338
2024020513,20242025,2024-12-19,2,0,0.42916956047757476,0.471714186445744,0.46427655691102043,0.40881505811835894,0.41441706640334497
2024020514,20242025,2024-12-19,2,1,0.36799944761246134,0.4444492208211005,0.4207682699360186,0.34552207497910603,0.3377079979222594
2024020515,20242025,2024-12-19,2,0,0.5924250382852619,0.5692373833637135,0.553360661901923,0.5474325353629292,0.6764819175909336
2024020516,20242025,2024-12-19,2,1,0.49618342312964997,0.4790371885018569,0.492626821600295,0.4772115962602022,0.5187118515284526
2024020517,20242025,2024-12-19,2,0,0.5697471819379422,0.5538936872729143,0.5621400057467908,0.5570628673319881,0.5900386727350475
2024020518,20242025,2024-12-19,2,1,0.5258861217223356,0.6239947050449037,0.5120015042549931,0.5457745475416387,0.519882313370375
2024020519,20242025,2024-12-19,2,1,0.6460626764809476,0.6042840524206895,0.6304244457704418,0.6787037496226567,0.6290598340497444
2024020520,20242025,2024-12-19,2,0,0.37277780193910365,0.3634294662475593,0.35919551123700993,0.3097535273699635,0.44938436721033753
2024020521,20242025,2024-12-20,2,0,0.4768243531513776,0.466616729998243,0.41067979675372823,0.5013364234838568,0.518456839216548
2024020522,20242025,2024-12-20,2,0,0.5495862365533507,0.6330730434711692,0.5832535349403106,0.528910318777148,0.5365948559425935
2024020523,20242025,2024-12-20,2,1,0.7435379697354323,0.6886804627592094,0.7026082469914996,0.7446191334516424,0.7833865287631545
2024020524,20242025,2024-12-20,2,1,0.5520763718653153,0.5111088362694683,0.5884892953407266,0.5324176906941682,0.5353221295610511
2024020525,20242025,2024-12-20,2,0,0.5941781149242497,0.6155806855134335,0.606417645542788,0.5907300853659653,0.5853866138639957
2024020526,20242025,2024-12-20,2,0,0.5506560284918065,0.5923670005269492,0.5447922535237593,0.5588842486553025,0.5482915832963577
2024020527,20242025,2024-12-20,2,0,0.43462842766358256,0.3960920024511901,0.399325441114991,0.4370545394531472,0.4675053024226095
2024020528,20242025,2024-12-21,2,1,0.4780984654192045,0.4887418680073935,0.4325534817154649,0.5004349443618417,0.5013069701803069
2024020529,20242025,2024-12-21,2,1,0.6328335090233398,0.6602518615574812,0.5949809447630201,0.635977811956188,0.6675417703508114
2024020530,20242025,2024-12-21,2,1,0.7605533028879373,0.7893596317157568,0.7348748594658728,0.7646378682491379,0.7821471809488016
2024020531,20242025,2024-12-21,2,1,0.6826867079332076,0.6554167088914269,0.6490307394290448,0.7143255476296574,0.6847038367409207
2024020532,20242025,2024-12-21,2,0,0.5840595692378835,0.6723188041563276,0.6218655179892282,0.5414878716927042,0.588825318031718
2024020533,20242025,2024-12-21,2,1,0.47390772687121124,0.5167746004752579,0.5081100725773119,0.43989701445598894,0.4737160935803328
2024020534,20242025,2024-12-21,2,1,0.6286477040901061,0.6262634254246469,0.6234992266459308,0.6351633048863025,0.6272805807380849
2024020535,20242025,2024-12-21,2,1,0.621915908133306,0.5878676712629565,0.6184878120476291,0.6244148717380553,0.6228450406142334
2024020536,20242025,2024-12-21,2,1,0.6018515150493107,0.6217161036915733,0.6033511579592508,0.6126551198565926,0.5895482673320888
2024020537,20242025,2024-12-21,2,0,0.5968029410635971,0.5976581859621973,0.5951411801436121,0.6007623510320687,0.5945052920151105
2024020538,20242025,2024-12-21,2,1,0.6789237047195895,0.6722371900008206,0.6474989025844335,0.7016462521065283,0.6876259594678065
2024020539,20242025,2024-12-22,2,0,0.4936364648269926,0.52331459836067,0.5027786954389919,0.4950132593707432,0.48311743967124265
2024020540,20242025,2024-12-22,2,0,0.42581839284479067,0.5415891897554809,0.428903172896289,0.45109887243180796,0.39745313320627507
2024020541,20242025,2024-12-22,2,1,0.636678732479354,0.5709754885865328,0.6218264247032645,0.6592622404883327,0.6289475322464646
2024020542,20242025,2024-12-22,2,0,0.6723527900587006,0.7015946250095362,0.6532853507250592,0.6671296140842529,0.6966434053667897
2024020543,20242025,2024-12-22,2,1,0.7331129482833303,0.6727693315784898,0.6894418083220836,0.7336334518698876,0.7762635846580198
2024020544,20242025,2024-12-22,2,1,0.6364595442015352,0.6625075814633091,0.5873067740595478,0.649092504826066,0.6729793537189918
2024020545,20242025,2024-12-23,2,1,0.6539927626667457,0.568819633314414,0.6269952746326839,0.6702469834570338,0.6647360299105192
2024020546,20242025,2024-12-23,2,0,0.5131256134610429,0.5388638586480708,0.5019407550889328,0.5065413827914167,0.5308947025027794
2024020547,20242025,2024-12-23,2,1,0.5960498606562218,0.5608138728423119,0.5943090616917295,0.5912725591899619,0.6025679610869741
2024020548,20242025,2024-12-23,2,0,0.48193868742045165,0.5512250975464681,0.4621115671544495,0.5003420278923945,0.4833624672145109
2024020549,20242025,2024-12-23,2,0,0.5947156562456508,0.6123096520970727,0.5758129333264739,0.600032309357693,0.6083017260527857
2024020550,20242025,2024-12-23,2,1,0.4712040725467677,0.6042661122721296,0.47180285696142477,0.4754837792566798,0.4663255814221986
2024020551,20242025,2024-12-23,2,1,0.4812146395650276,0.5738009753136231,0.49266847979743567,0.45384031637268957,0.4971351225249574
2024020552,20242025,2024-12-23,2,0,0.5476089488023614,0.5938605617533104,0.5390040201071998,0.5588505224609046,0.5449723038389797
2024020553,20242025,2024-12-23,2,1,0.4698698741161416,0.4406968712165791,0.4625734003859081,0.4864588386019615,0.46057738336055526
2024020554,20242025,2024-12-23,2,1,0.6943029118571854,0.7098031191947921,0.6730701202677167,0.7078748891064792,0.7019637261973605
2024020555,20242025,2024-12-23,2,1,0.7380144198786299,0.7346706229890013,0.7131858746050448,0.7501495052708292,0.7507078797600156
2024020556,20242025,2024-12-23,2,0,0.37180155232986295,0.504847900009151,0.43019363175066644,0.3479491268449574,0.3372618983939651
2024020557,20242025,2024-12-23,2,1,0.7420136944034295,0.739705887279236,0.7196603636290727,0.7452636080006508,0.7611171115805649
2024020558,20242025,2024-12-27,2,1,0.6207520696689656,0.6505892328782348,0.5867689860831677,0.6543176029209022,0.6211696200028267
2024020559,20242025,2024-12-27,2,0,0.4216632360124289,0.4699559351034084,0.41771798136652477,0.4513943714105165,0.39587735526024553
2024020560,20242025,2024-12-27,2,1,0.518987201487886,0.5234941708890947,0.5329242928949247,0.5677960737866424,0.45624123778209086
2024020561,20242025,2024-12-27,2,1,0.3605172010960033,0.4457977508690757,0.38458664653705354,0.33279855471472,0.36416640203623635
2024020562,20242025,2024-12-27,2,1,0.5061130220377045,0.5769007191034489,0.5127940788165809,0.5167117883610209,0.4888331989355114
2024020563,20242025,2024-12-27,2,0,0.6125482354243222,0.6256128784395941,0.6104299707732217,0.6108651391733827,0.6163495963263625
2024020564,20242025,2024-12-27,2,0,0.5279493848452649,0.5150763386258298,0.5257996018259479,0.5510767912353748,0.5069717614744721
2024020565,20242025,2024-12-27,2,0,0.35857924008038006,0.3396784402191113,0.3895149794072814,0.2648923853380189,0.42133035549583997
2024020566,20242025,2024-12-28,2,0,0.7282347609885527,0.7413735343279879,0.7379635617929573,0.7388910386878671,0.7078496824848336
2024020567,20242025,2024-12-28,2,0,0.6270288523697962,0.639640608684106,0.5903009889601886,0.6613335458761888,0.6294520222730114
2024020568,20242025,2024-12-28,2,0,0.4029831553659899,0.517340457066665,0.42108386990549573,0.40636811936562567,0.3814974768268482
2024020569,20242025,2024-12-28,2,1,0.48784597149471143,0.513192059604302,0.5098782186078051,0.4822517442319899,0.47140795164433924
2024020570,20242025,2024-12-28,2,1,0.6778217951437145,0.6738766000217403,0.7260483434651738,0.6065693917199475,0.7008476502460221
2024020571,20242025,2024-12-28,2,0,0.489121285197994,0.5808270922793592,0.48295613334970505,0.4783376645319112,0.5060700577123659
2024020572,20242025,2024-12-28,2,1,0.6171775856613593,0.613982154379026,0.5981899525924331,0.6323547889465407,0.620988015445104
2024020573,20242025,2024-12-28,2,1,0.6045349157457495,0.6083031698821155,0.5812474402848385,0.5853900558148302,0.6469672511375799
2024020574,20242025,2024-12-28,2,1,0.5630264832971825,0.664402527946671,0.5361251927446185,0.6054991015741383,0.5474551555727909
2024020575,20242025,2024-12-28,2,1,0.543203872654292,0.5498471715805007,0.5442106021569203,0.5504997502787277,0.5349012655272282
2024020576,20242025,2024-12-28,2,0,0.29403368937292634,0.4286653785933091,0.3113707324480129,0.25156111568422684,0.3191692199865394
2024020577,20242025,2024-12-29,2,0,0.3379479715661844,0.3633004030834446,0.3738410697835315,0.25647303010646516,0.3835298148085565
2024020578,20242025,2024-12-29,2,1,0.35781682904160145,0.3518155910645456,0.38605870564911915,0.27978826824742137,0.4076035132282637
2024020579,20242025,2024-12-29,2,1,0.4694935675202174,0.4592901283838798,0.4606378433619555,0.5074255779899418,0.4404172812087549
2024020580,20242025,2024-12-29,2,0,0.6860859216480494,0.7178121465864594,0.6920367872507595,0.6818975256645402,0.6843234520288484
2024020581,20242025,2024-12-29,2,1,0.4739195538335486,0.5814003804376964,0.5095512058825189,0.43602865416983927,0.4761788014482878
2024020582,20242025,2024-12-29,2,0,0.5493446880810303,0.6002343545350131,0.553267650068154,0.558112269777482,0.5366541443974551
2024020583,20242025,2024-12-29,2,0,0.6010089461603919,0.6076249362018082,0.6012163498545626,0.6019938598135354,0.599816628813078
2024020584,20242025,2024-12-29,2,1,0.6343093315466668,0.663987405995522,0.6261694256152704,0.6687168862706391,0.6080416827540909
2024020585,20242025,2024-12-29,2,1,0.5685740808265276,0.6714147034247187,0.5625979286111751,0.5981531896073428,0.5449711242610649
2024020586,20242025,2024-12-30,2,1,0.6544500061952858,0.6296283077173561,0.6143793290738829,0.6701339756528892,0.6788367138590853
2024020587,20242025,2024-12-30,2,1,0.5903242525052442,0.68886825121816,0.6065484116934273,0.5698267152684792,0.5945976305538263
2024020588,20242025,2024-12-30,2,1,0.4579293695759014,0.5239392257862758,0.5035249888696945,0.4450798640863021,0.4251832557717075
2024020589,20242025,2024-12-31,2,1,0.5744208833641223,0.576534697903172,0.575973401450245,0.5516673827282994,0.5956218659138229
2024020590,20242025,2024-12-31,2,1,0.5676522175443002,0.6540162076415976,0.5490726389820357,0.5542000568716395,0.5996839567792253
2024020591,20242025,2024-12-31,2,0,0.6957143086173221,0.7065424220868779,0.7036950930647933,0.685189025467617,0.6982588073195563
2024020592,20242025,2024-12-31,2,0,0.40898299931360826,0.4507056248709932,0.4373643264998035,0.37913572884676505,0.4104489425942561
2024020593,20242025,2024-12-31,2,1,0.46941545012007335,0.5427853620682421,0.4566315837495826,0.464993795474336,0.4866209711363014
2024020594,20242025,2024-12-31,2,1,0.3258821441703406,0.4019758630816978,0.36956164049858015,0.2718358054825603,0.3362489865298815
2024020595,20242025,2024-12-31,2,1,0.6757974722452316,0.680640037947526,0.663652545743222,0.6832600542817865,0.6804798167106861
2024020596,20242025,2024-12-31,2,1,0.5953096518980164,0.6246336700774341,0.60741304757473,0.592951793232484,0.5855641148868352
2024020597,20242025,2024-12-31,2,1,0.6018528983801029,0.5411109222980998,0.6026974778078488,0.5983293758635093,0.6045318414689504
2024020598,20242025,2024-12-31,2,1,0.3952618804097469,0.4070358785316056,0.4030042998781452,0.34025267240262397,0.4425286689484716
2024020599,20242025,2024-12-31,2,0,0.34324180059847426,0.4612765169734315,0.37683892504128524,0.3145892798583503,0.3382971968957871
2024020600,20242025,2024-12-31,2,1,0.47702805279703414,0.5304054195219688,0.4958194539224599,0.4849025403314462,0.45036216413719643
2024020601,20242025,2024-12-31,2,1,0.6413074490541263,0.6604186561858052,0.6328256766780859,0.6769459230522893,0.6141507474320038
2024020602,20242025,2025-01-01,2,1,0.6357206890041005,0.5769470517863824,0.5922730317738162,0.6104251186225694,0.7044639166159158
2024020603,20242025,2025-01-02,2,0,0.5320774205502589,0.5754297992996046,0.5270166709557371,0.5636713057358053,0.5055442849592343
2024020604,20242025,2025-01-02,2,1,0.5483282241860856,0.5600653878145979,0.5079421676307656,0.5828690151901108,0.5541734897373805
2024020605,20242025,2025-01-02,2,0,0.6046958985443479,0.5941913588606356,0.6003759372896771,0.6083479378703436,0.6053638204730233
2024020606,20242025,2025-01-02,2,0,0.43191158963819115,0.54805993133028,0.4328457827651457,0.4202540258465612,0.4426349603028667
2024020607,20242025,2025-01-02,2,0,0.46493394049522124,0.4775519247779279,0.46501513075225426,0.4524921306986942,0.4772945600347152
2024020608,20242025,2025-01-02,2,1,0.6150100901494915,0.6531340953712951,0.6106793782287181,0.6324359955360025,0.601914896683754
2024020609,20242025,2025-01-02,2,0,0.6840084096869371,0.757508576497791,0.7003813382788169,0.6714379505120037,0.6802059402699907
2024020610,20242025,2025-01-02,2,1,0.6639293693806277,0.6791443300133615,0.6626730958124962,0.6625547050101177,0.6665603073192693
2024020611,20242025,2025-01-02,2,0,0.5467264540065314,0.5599454164842742,0.5602874072642614,0.52443202375233,0.5554599310030025
2024020612,20242025,2025-01-02,2,1,0.6699451677923555,0.6938773020685276,0.6512022110773417,0.6871875222643006,0.6714457700354243
2024020613,20242025,2025-01-02,2,0,0.45873420442325497,0.5211587192529228,0.472556583178657,0.4506686201527407,0.4529774099383671
2024020614,20242025,2025-01-02,2,1,0.37015561915740197,0.32443333486372,0.3975797611638778,0.2904651076058729,0.42242198870245523
2024020615,20242025,2025-01-03,2,1,0.6064796848454849,0.680714260172355,0.6519455645496176,0.5881900655037265,0.5793034244831102
2024020616,20242025,2025-01-03,2,1,0.4428431632067589,0.4873880461693347,0.42252762674729705,0.44923195871905164,0.4567699041539282
2024020617,20242025,2025-01-03,2,1,0.5798219056289337,0.563627563652162,0.5673846993948486,0.5982187344035939,0.5738622830883587
2024020618,20242025,2025-01-03,2,1,0.7614363196279236,0.7509317416437701,0.7151414337424085,0.7805785912879402,0.7885889338534223
2024020619,20242025,2025-01-03,2,0,0.4841097608351869,0.6193702804566339,0.5286665606271069,0.5010896098783204,0.4225731120001332
2024020620,20242025,2025-01-04,2,1,0.5819808087170681,0.589539252757029,0.5882362270460036,0.5731018981373648,0.5846043009678361
2024020621,20242025,2025-01-04,2,0,0.6446263788602818,0.6971160043320845,0.6456598769411784,0.6475050521397442,0.640714207499923
2024020622,20242025,2025-01-04,2,1,0.35892487762425757,0.3630714340813522,0.3927628327859373,0.26964335630553093,0.41436844378130433
2024020623,20242025,2025-01-04,2,1,0.5431957641823983,0.5902561299232012,0.5366112571069095,0.5489424662900302,0.5440335691502554
2024020624,20242025,2025-01-04,2,0,0.6720526719992869,0.6328511449084382,0.6607948674515894,0.7057494482657617,0.6496137002805094
2024020625,20242025,2025-01-04,2,1,0.45615741898242784,0.5000792343566506,0.47352443236791086,0.45743516977955057,0.4375126547998222
2024020626,20242025,2025-01-04,2,0,0.6934106918339844,0.7062724219487525,0.7055681484572635,0.7112430644813935,0.6634208625632961
2024020627,20242025,2025-01-04,2,0,0.6071216672049405,0.571400537761459,0.6014835503444574,0.6323966716469466,0.5874847796234177
2024020628,20242025,2025-01-04,2,1,0.6483304759023819,0.6590760461824587,0.625751104904529,0.658966308201611,0.6602740146010058
2024020629,20242025,2025-01-04,2,1,0.5645687353958436,0.5554504219223622,0.5575490486792329,0.572679807034948,0.5634773504733496
2024020630,20242025,2025-01-04,2,1,0.6976201053113039,0.6820583777899951,0.6811647154583581,0.6872938524089394,0.7244017480666141
2024020631,20242025,2025-01-04,2,0,0.4456217168709635,0.4330771564459389,0.44856582767400915,0.4332381292605938,0.4550611936782877
2024020632,20242025,2025-01-05,2,0,0.4218176028772935,0.409591268964106,0.4573940160699639,0.3939679837766899,0.41409080878522664
2024020633,20242025,2025-01-05,2,0,0.5842916848607689,0.645023778459195,0.6130471069799007,0.5323132491274446,0.6075146984749614
2024020634,20242025,2025-01-05,2,1,0.6325940750378728,0.681623455388106,0.6663703298116115,0.6085897551224234,0.6228221401795833
2024020635,20242025,2025-01-05,2,1,0.5594072606233936,0.6815927765273606,0.6034084191826568,0.5131879751561403,0.5616253875313837
2024020636,20242025,2025-01-05,2,1,0.4516426049635351,0.3959113687278514,0.449449697671094,0.4234431073825811,0.48203500983693026
2024020637,20242025,2025-01-06,2,1,0.4685310552733777,0.4771644661280849,0.4719884973410605,0.4695042251875009,0.4641004432915717
2024020638,20242025,2025-01-06,2,1,0.47791353830974076,0.5045022056842433,0.48887664269260134,0.47948004269435734,0.46538392954226354
2024020639,20242025,2025-01-06,2,1,0.5277779066969596,0.5573302134552967,0.5416115521062991,0.5451812539170333,0.4965409140675462
2024020640,20242025,2025-01-06,2,0,0.38657631341634896,0.4920128099092373,0.37731175720050064,0.4002901730900639,0.3821270099584824
2024020029,20242025,2025-01-07,2,1,0.4803190176031639,0.541155253893024,0.4532490693108289,0.5300516565745774,0.45765632692408537
2024020641,20242025,2025-01-07,2,0,0.45095205749558165,0.496675242889913,0.46022817772558156,0.4444127588182266,0.4482152359429369
2024020642,20242025,2025-01-07,2,1,0.45843864660814254,0.5444578487830329,0.4717722069297613,0.48508661415026316,0.4184571187444034
2024020643,20242025,2025-01-07,2,0,0.44293020426994145,0.5085448663361429,0.42913609899450766,0.4337251216859277,0.465929392129389
2024020644,20242025,2025-01-07,2,0,0.4842344834685228,0.4496502631007795,0.4924897971294733,0.48897760483475344,0.4712360484413419
2024020645,20242025,2025-01-07,2,0,0.5570134724463686,0.607431489069321,0.6017585696959584,0.5178426916077713,0.5514391560353759
2024020646,20242025,2025-01-07,2,1,0.5142660054553333,0.621817327621821,0.5354437044601563,0.5090454056274347,0.49830890627840874
2024020647,20242025,2025-01-07,2,1,0.5952766241069346,0.6672741113453562,0.5706346364911157,0.6440982392339828,0.5710969965957053
2024020648,20242025,2025-01-07,2,0,0.41050291582973947,0.5034040291084981,0.4275903542062414,0.4213469591820133,0.3825714341009637
2024020649,20242025,2025-01-07,2,0,0.3286278476802941,0.3252297962528985,0.4018603133016109,0.2411055134223653,0.3429177163169061
2024020650,20242025,2025-01-08,2,1,0.5477043053344012,0.6160434801256992,0.5490157452197661,0.5606897525560778,0.5334074182273593
2024020651,20242025,2025-01-08,2,1,0.3408134738350377,0.3505883165841196,0.39815391696004493,0.2738281996972632,0.35045830484780505
2024020652,20242025,2025-01-08,2,0,0.4768039302201264,0.4823647210469955,0.47313459512301087,0.502433321207572,0.45484387432979634
2024020654,20242025,2025-01-09,2,0,0.5796311121980401,0.5968520832300322,0.5612259692773147,0.5912966526170179,0.5863707146997875
2024020655,20242025,2025-01-09,2,1,0.5973561860664298,0.6133145441768793,0.5892385676943256,0.644424441787452,0.5584055487175118
2024020656,20242025,2025-01-09,2,1,0.46766606469467065,0.5621245352373169,0.44995658262530547,0.49988684494962576,0.45315476650908065
2024020657,20242025,2025-01-09,2,0,0.4185881194542647,0.4110989984322721,0.4322057550354754,0.37322817929492086,0.4503304240323979
2024020658,20242025,2025-01-09,2,1,0.3703275161728569,0.4264057373363427,0.413950004376035,0.31669308618271674,0.38033945795981894
2024020659,20242025,2025-01-09,2,1,0.6346814636314427,0.5933319202638601,0.5956042226039846,0.6864865687779007,0.6219535995124429
2024020660,20242025,2025-01-09,2,1,0.5224729296809248,0.5565981132631435,0.5379234417317595,0.5243087071122264,0.5051866401987889
2024020661,20242025,2025-01-09,2,1,0.6593082486165884,0.6586891441419489,0.6444508045903842,0.6768638309034463,0.6566101103559346
2024020662,20242025,2025-01-09,2,0,0.481764034639439,0.5454810075270863,0.4814979996206599,0.49896998921663227,0.4648241150810248
2024020663,20242025,2025-01-09,2,0,0.6571704192923957,0.6909398495439714,0.6555530556018376,0.6691410782703645,0.6468171240049848
2024020664,20242025,2025-01-10,2,1,0.6439687414596863,0.6697425100736183,0.6705359189947183,0.603635521034964,0.6577347843493765
2024020665,20242025,2025-01-10,2,0,0.572120352474831,0.6737860467948945,0.5971315154806488,0.604072948475909,0.515156593467935
2024020666,20242025,2025-01-10,2,1,0.5965690835377727,0.6571933346616151,0.6186082581633425,0.5933334059489881,0.5777655865009874
2024020667,20242025,2025-01-10,2,0,0.5531513527286317,0.6018383987323005,0.5423159029335624,0.5825081826191045,0.5346299726332282
2024020668,20242025,2025-01-10,2,1,0.7155397333638217,0.7196170806668942,0.6941669060991361,0.7357820016520465,0.7166702923402825
2024020669,20242025,2025-01-11,2,0,0.6206250321488124,0.6461037411031908,0.5900727567500885,0.6624771929675722,0.6093251467287766
2024020670,20242025,2025-01-11,2,0,0.53093532832829,0.5992170892370917,0.5282447284669419,0.5437286376559365,0.5208326188619916
2024020671,20242025,2025-01-11,2,0,0.44820924623327135,0.5616163535444608,0.47443280577454,0.4339587041351999,0.4362362287900741
2024020672,20242025,2025-01-11,2,0,0.609911865197346,0.6302310832758812,0.6282812928863443,0.5947719487467225,0.6066823539589712
2024020673,20242025,2025-01-11,2,0,0.38424351304978543,0.418156122785471,0.4304285720145767,0.31194528840974034,0.4103566787250392
2024020674,20242025,2025-01-11,2,1,0.5578943191696919,0.5380910519166341,0.528165022832955,0.5899757819560154,0.5555421527201052
2024020675,20242025,2025-01-11,2,1,0.6390435010735949,0.6105262071847147,0.6065231500013999,0.6611016128496874,0.6495057403696973
2024020676,20242025,2025-01-11,2,0,0.27864868880093846,0.3350616675013375,0.381725917345237,0.19240981294276668,0.26181033611481164
2024020677,20242025,2025-01-11,2,0,0.6264482012292393,0.6204415756764152,0.607940435285339,0.6327936939131907,0.6386104744891881
2024020678,20242025,2025-01-11,2,1,0.49029646310346514,0.5729112238944334,0.4999068653984914,0.4586760658747383,0.5123064580371657
2024020679,20242025,2025-01-11,2,0,0.5112492059045254,0.5025946138187578,0.4631082796689788,0.5721209255060574,0.49851841253853996
2024020680,20242025,2025-01-11,2,0,0.5034762524771874,0.593301188444104,0.501147502478622,0.5083877843532191,0.5008934705997212
2024020681,20242025,2025-01-11,2,1,0.5293208073374136,0.4806367958505939,0.4939676102917819,0.5619140912638051,0.5320807204566539
2024020682,20242025,2025-01-11,2,0,0.6414503654707038,0.6164078208369826,0.6121801549460044,0.6621134216699756,0.6500575197961312
2024020683,20242025,2025-01-11,2,0,0.30693501388782113,0.3618904943359646,0.3766460148007719,0.23438946007720876,0.3097695667854827
2024020684,20242025,2025-01-12,2,1,0.6098097455761374,0.5894745311972681,0.6438122629421988,0.5647848080960702,0.6208321656901431
2024020685,20242025,2025-01-12,2,1,0.4300383355783164,0.4552730252248973,0.44392071048717086,0.4037906292235709,0.44240366702420747
2024020686,20242025,2025-01-12,2,0,0.41166106823513954,0.4680162930694443,0.4351058878017341,0.39917673300058537,0.40070058390309915
2024020687,20242025,2025-01-12,2,0,0.7957816361403002,0.7569972810012058,0.7555544425542935,0.830285328310436,0.801505137556171
2024020688,20242025,2025-01-12,2,1,0.6230717462279753,0.6004210545375471,0.6058614280787546,0.6453007104727118,0.6180531001324596
2024020689,20242025,2025-01-13,2,1,0.4559134801849056,0.4216118261832248,0.4891962706121258,0.42670029533174963,0.4518438746108414
2024020690,20242025,2025-01-13,2,0,0.3420767057893274,0.4552782156668616,0.37263976118248254,0.32307384658645366,0.330516509599046
2024020691,20242025,2025-01-13,2,1,0.6190071944453903,0.6166115634331606,0.6236197014440222,0.6237372739991063,0.6096646078930426
2024020692,20242025,2025-01-14,2,1,0.4872136573429298,0.5204371329631295,0.4813761125456802,0.4976400841004273,0.482624775382682
2024020693,20242025,2025-01-14,2,0,0.48976360765605126,0.5204571059468114,0.4711353709411076,0.47186878833555895,0.5262866636914874
2024020694,20242025,2025-01-14,2,0,0.6758169539787745,0.7133576506412914,0.6766113513188813,0.6640982389659513,0.6867412716514912
2024020695,20242025,2025-01-14,2,0,0.5237125531682223,0.5248947517180511,0.5266291815392877,0.5480773377839362,0.496431140181443
2024020696,20242025,2025-01-14,2,0,0.5321357230785645,0.5787476168740138,0.5523149759023411,0.492574288992477,0.5515179043408754
2024020697,20242025,2025-01-14,2,1,0.7071131163018691,0.72072498795721,0.6891326363801532,0.7140570180874695,0.7181496944379847
2024020698,20242025,2025-01-14,2,1,0.5475875314160342,0.5759948146711059,0.5875808880125227,0.5428122367264521,0.5123694695091277
2024020699,20242025,2025-01-14,2,0,0.5289746157153309,0.5529536228226793,0.4813989559777836,0.5584104568881171,0.5471144342800919
2024020700,20242025,2025-01-14,2,1,0.5777933013874249,0.5788851229688993,0.582508093261104,0.590164408320107,0.5607074025810637
2024020701,20242025,2025-01-14,2,1,0.417397870201437,0.4663469772378697,0.42802437768865187,0.4002513818798886,0.42391785103577057
2024020702,20242025,2025-01-14,2,1,0.6209471298813619,0.6505226350702156,0.5847611828819814,0.6609259266019216,0.6171542801601829
2024020703,20242025,2025-01-14,2,1,0.5866675394553287,0.6128547535581494,0.5971687585625218,0.5984450390366901,0.5643888207667743
2024020704,20242025,2025-01-14,2,0,0.5437727393724535,0.6123717676513756,0.5199884231709405,0.5754645447198936,0.5358652502265263
2024020705,20242025,2025-01-15,2,1,0.3843114232646112,0.444973856548443,0.40838884877269677,0.38409541340941733,0.36045000761171964
2024020706,20242025,2025-01-15,2,0,0.3978006682261826,0.5016682173241793,0.3956646189756614,0.40533380611186365,0.39240357959102284
2024020707,20242025,2025-01-16,2,1,0.5335283856949657,0.5815331767033077,0.5423684717199835,0.5370470223519737,0.5211696630129401
2024020708,20242025,2025-01-16,2,0,0.5230177281853531,0.5130014775633718,0.5252809293432337,0.5350040838448673,0.508768171367958
2024020709,20242025,2025-01-16,2,1,0.7465338741572894,0.7304946275355492,0.7280033163781608,0.7701313476543016,0.7414669584394056
2024020710,20242025,2025-01-16,2,0,0.6396060556949045,0.6836794687609791,0.644044780990562,0.6384676090704472,0.6363057770237044
2024020711,20242025,2025-01-16,2,1,0.6480569769104608,0.6806612222697389,0.653508787395167,0.6247552773929431,0.6659068659432724
2024020712,20242025,2025-01-16,2,0,0.5738211627018556,0.6001527896155737,0.5329354216124463,0.6044586832365779,0.5840693832565427
2024020713,20242025,2025-01-16,2,1,0.5297639762489076,0.5844321983957628,0.5202324815096013,0.5345182435908474,0.5345412036462738
2024020714,20242025,2025-01-16,2,1,0.7045520279151839,0.6884843591991502,0.72381396438777,0.7008004650825891,0.6890416542751926
2024020715,20242025,2025-01-16,2,0,0.6170096888894262,0.7136526747673481,0.6076662738988694,0.6581337715170258,0.5852290212523833
2024020716,20242025,2025-01-16,2,1,0.6931173618044797,0.7019493608073925,0.6592730158219705,0.7275981727425237,0.692480896848945
2024020717,20242025,2025-01-16,2,0,0.5182061340973857,0.5209134196124054,0.4885077984715048,0.5479935860899336,0.5181170177307186
2024020718,20242025,2025-01-16,2,0,0.5456477758581989,0.5388412953153912,0.5252785551732546,0.5661773827766083,0.5454873896247338
2024020719,20242025,2025-01-16,2,0,0.4760044278275049,0.5175700269813719,0.45317296134063295,0.5121310936831358,0.46270922845874607
2024020720,20242025,2025-01-17,2,0,0.4531487640822512,0.592144271519335,0.5163903493393271,0.46820726252274597,0.37484868038468033
2024020721,20242025,2025-01-17,2,1,0.5837223892736597,0.5833756507135875,0.5938641927239093,0.5772720600419156,0.5800309150551541
2024020722,20242025,2025-01-18,2,0,0.5810980815135086,0.6522254401235285,0.5574559378046199,0.6195243681969835,0.5663139385389222
2024020723,20242025,2025-01-18,2,1,0.5852084346803051,0.5411984517052514,0.573452380080441,0.6026130277594136,0.5795598962010609
2024020724,20242025,2025-01-18,2,1,0.5368192675191074,0.5476451134985185,0.5187846686432395,0.5441551650540201,0.5475179688600627
2024020725,20242025,2025-01-18,2,1,0.7738352537725818,0.7430890677139762,0.75032314677269,0.8128574606344433,0.7583251539106121
2024020726,20242025,2025-01-18,2,0,0.44756183285315204,0.486677865540686,0.45327296327897,0.44999112435398,0.4394214109265061
2024020727,20242025,2025-01-18,2,1,0.5941519940210584,0.6551642909201468,0.5881576760163617,0.5911461708249764,0.6031521352218371
2024020728,20242025,2025-01-18,2,1,0.6238401195487698,0.6520891890360216,0.6076824035016924,0.6339181736282268,0.6299197815163903
2024020729,20242025,2025-01-18,2,1,0.6458499170813475,0.6705741254866507,0.6342634817916857,0.6585891197891515,0.6446971496632056
2024020730,20242025,2025-01-18,2,0,0.6380991577024454,0.6877706579078849,0.6378175149490575,0.6619114183935368,0.6145685397647421
2024020731,20242025,2025-01-18,2,1,0.7275909952857575,0.6947274731107348,0.7173546944908992,0.730644570801259,0.7347737205651145
2024020732,20242025,2025-01-18,2,1,0.33703121892749555,0.3567270580899166,0.38109817371144417,0.27490255188445983,0.35509293118658264
2024020733,20242025,2025-01-18,2,1,0.5317904986502412,0.519839340026219,0.5045777779017918,0.5702331649401421,0.5205605531087897
2024020734,20242025,2025-01-18,2,1,0.540089859642274,0.5510997668678229,0.5094421950927467,0.5430537223428632,0.5677736614912122
2024020735,20242025,2025-01-18,2,1,0.47451713797670414,0.4487174142360882,0.49024746719547124,0.44243417477674435,0.4908697719578969
2024020736,20242025,2025-01-18,2,1,0.401785203922206,0.4599156891778375,0.40232965466329546,0.41536639772061873,0.38765955938270386
2024020737,20242025,2025-01-19,2,0,0.5514874448399497,0.5950322477665897,0.541565251488639,0.5784555260679493,0.5344415569632609
2024020738,20242025,2025-01-19,2,1,0.5015920938817326,0.4857003374576407,0.5078094417292767,0.5008519654221723,0.49611487449374897
2024020739,20242025,2025-01-19,2,1,0.5780569073815328,0.6855054386793644,0.611088680410043,0.5592411466688155,0.5638408950657402
2024020740,20242025,2025-01-20,2,1,0.7196594473674797,0.7474410532403802,0.6929517243333261,0.7136852724611675,0.7523413453079456
2024020741,20242025,2025-01-20,2,0,0.6271424867839426,0.6266375098589635,0.6050383393541465,0.652469375691802,0.623919745305879
2024020742,20242025,2025-01-20,2,1,0.480887212878546,0.5680433072655359,0.5085760095966613,0.4451304579216229,0.4889551711173538
2024020743,20242025,2025-01-20,2,0,0.616063893096073,0.6384574176098226,0.5995781580704713,0.6279391387004156,0.6206743825173319
2024020744,20242025,2025-01-20,2,1,0.5219790025784093,0.5553321363855763,0.5328505061409574,0.5181320262860165,0.514954475308254
2024020745,20242025,2025-01-20,2,1,0.6075452446519164,0.585591638742781,0.6018420843086267,0.6255673657341154,0.595226283913007
2024020746,20242025,2025-01-20,2,0,0.3027594993759197,0.3472200846186958,0.36886401062235946,0.2181462330321879,0.3212682544732119
2024020747,20242025,2025-01-20,2,1,0.4728822217094404,0.4628076307924916,0.4558567058202664,0.47470694201892505,0.48808301728912973
2024020748,20242025,2025-01-20,2,0,0.6426613111114986,0.6706052058924462,0.622290815170952,0.642995653064927,0.6626974650986167
2024020749,20242025,2025-01-21,2,1,0.5153648382416637,0.4642220759798689,0.5123025416707734,0.5169889603506411,0.5168030127035765
2024020750,20242025,2025-01-21,2,1,0.5681854387350894,0.6040427945836119,0.5478579158679501,0.6092517994543739,0.5474466008829442
2024020751,20242025,2025-01-21,2,1,0.5246097486810317,0.5565933450769422,0.5661344821075153,0.47932654077954234,0.5283682231560375
2024020752,20242025,2025-01-21,2,1,0.75789244468446,0.7217114275923231,0.7137921893990972,0.7899399336454094,0.7699452110088737
2024020753,20242025,2025-01-21,2,0,0.5482997876218471,0.5808472713750324,0.5656055371527212,0.552585428387454,0.526708397325366
2024020754,20242025,2025-01-21,2,0,0.6515373835399504,0.6170849476890852,0.6517145612564017,0.6730858631637433,0.6298117261997063
2024020755,20242025,2025-01-21,2,0,0.6471392090895562,0.6112773130741533,0.6424479237918335,0.6594418779468837,0.6395278255299515
2024020756,20242025,2025-01-21,2,0,0.326386343461699,0.3748413232082075,0.3798824657482283,0.2613774180194334,0.33789914661743525
2024020757,20242025,2025-01-22,2,0,0.6415241632084876,0.6764258134618708,0.6617309085919579,0.63049748218136,0.6323440988521448
2024020758,20242025,2025-01-22,2,1,0.6178618353984626,0.5641232095027033,0.6263562906994846,0.6104554889764068,0.6167737265194966
2024020759,20242025,2025-01-22,2,0,0.5381783987938863,0.5645518569380557,0.5326937339479902,0.573950452342694,0.5078910100909747
2024020760,20242025,2025-01-22,2,1,0.5416949801739933,0.5329085037416086,0.5163902734667482,0.5696291245155359,0.539065542539696
2024020761,20242025,2025-01-23,2,1,0.46295050395480164,0.5938356571637022,0.49131564997307864,0.4587351177805591,0.43880074411076714
2024020762,20242025,2025-01-23,2,1,0.5266294908412821,0.5749683248831752,0.5272259178440091,0.5165816680474973,0.5360808866323398
2024020763,20242025,2025-01-23,2,1,0.591939525252285,0.6538147324577096,0.5550066400182381,0.6391535242892257,0.5816584114493912
2024020764,20242025,2025-01-23,2,1,0.7365675450050523,0.6969504237261256,0.6928856534288116,0.7897527502771061,0.727064231309239
2024020765,20242025,2025-01-23,2,0,0.396172920326795,0.5110637760727255,0.3912509083853301,0.4113031006415842,0.3859647519534707
2024020766,20242025,2025-01-23,2,0,0.5094509199436908,0.6144588829284678,0.5208081672433373,0.5029641105844279,0.5045804820033071
2024020767,20242025,2025-01-23,2,1,0.5571460532080823,0.5903293402452875,0.5876917365660154,0.5171328966058691,0.5666135264523623
2024020768,20242025,2025-01-23,2,1,0.6871422083665765,0.6792009456105206,0.667840742802864,0.7054694181894124,0.6881164641074526
2024020769,20242025,2025-01-23,2,1,0.4009811644389077,0.4860121126039504,0.4031932973382288,0.39287740841065283,0.40687278756784157
2024020770,20242025,2025-01-23,2,0,0.46251506083953214,0.4638143873801096,0.4706016133291542,0.45263889121485396,0.46430467797458824
2024020771,20242025,2025-01-23,2,0,0.3459957492206677,0.4013414657027927,0.3893876958345256,0.2889622157822507,0.35963733604522674
2024020772,20242025,2025-01-24,2,1,0.6351391670336585,0.5898943188530256,0.6129790268316955,0.6658043147297614,0.6266341595395186
2024020773,20242025,2025-01-24,2,0,0.3016397454009423,0.3682098155277553,0.376200433538798,0.2258998019389093,0.3028190007251196
2024020774,20242025,2025-01-24,2,1,0.5490829524353041,0.6025223557524942,0.5981344903902588,0.5324354057813904,0.516678961134263
2024020775,20242025,2025-01-24,2,1,0.6826106726626863,0.6557976848318889,0.6391628130253039,0.7316253568286141,0.6770438481341405
2024020776,20242025,2025-01-25,2,1,0.4126775722269798,0.5248728375794502,0.42175284956285697,0.4375729239419108,0.3787069431761718
2024020777,20242025,2025-01-25,2,1,0.7041031635617835,0.7147958629827181,0.6852873410102063,0.7001929019027292,0.7268292477724149
2024020778,20242025,2025-01-25,2,1,0.5094568568804795,0.5726634775827951,0.5260075732925714,0.5093241369231877,0.49303886042567946
2024020779,20242025,2025-01-25,2,0,0.4116964496556368,0.5036632976933045,0.43905900103583695,0.4284582491749461,0.36757209875612723
2024020780,20242025,2025-01-25,2,1,0.48189713060272954,0.5167101751799356,0.503971743896984,0.48675605396655597,0.4549635939446488
2024020781,20242025,2025-01-25,2,1,0.4791032957492433,0.4773877592677461,0.49851894361977983,0.46290842214706546,0.4758825214808846
2024020782,20242025,2025-01-25,2,1,0.3984724822200986,0.4749804656991016,0.3934008371899013,0.426670767015262,0.3753458424551326
2024020783,20242025,2025-01-25,2,0,0.48194038288788815,0.465177905181969,0.43936662249138614,0.5289616826405587,0.47749284353171983
2024020784,20242025,2025-01-25,2,0,0.5137608312143035,0.6073253056722315,0.522453683493872,0.5199719089411815,0.498856901207857
2024020785,20242025,2025-01-25,2,1,0.3859112056554859,0.4489958236103213,0.4406840754485552,0.34472785266900585,0.3723216888488966
2024020786,20242025,2025-01-25,2,1,0.5300605648519991,0.4841958784736783,0.5080994949529435,0.5562227176929714,0.5258594819100827
2024020787,20242025,2025-01-25,2,1,0.351845693238478,0.463755706481452,0.3813706358018759,0.3167366999141764,0.3574297439993817
2024020788,20242025,2025-01-25,2,0,0.3393493673028083,0.3138450172706414,0.3862069124774446,0.26223564037722763,0.3696055490537526
2024020789,20242025,2025-01-26,2,0,0.5482331502180416,0.5539086737023542,0.5625925221430076,0.5466088979976441,0.5354980305134732
2024020790,20242025,2025-01-26,2,1,0.5138315093563394,0.5745233358535599,0.5555658956938303,0.4807113132905365,0.5052173190846513
2024020791,20242025,2025-01-26,2,1,0.6884465917604667,0.6661800829412476,0.6666556243025508,0.7331717200021287,0.6655124309767205
2024020792,20242025,2025-01-26,2,0,0.3710303567332809,0.4071575168227908,0.40102078364256627,0.3542578090106613,0.3578124775466152
2024020793,20242025,2025-01-26,2,1,0.5480180401789813,0.5440922729283746,0.5159483825685752,0.5873302865809212,0.5407754513874474
2024020794,20242025,2025-01-27,2,1,0.44623241621364373,0.5007049306273427,0.44403266283711496,0.4573716671086742,0.4372929186951421
2024020795,20242025,2025-01-27,2,1,0.49609007195432214,0.489516410183406,0.5094890931059501,0.4847661096279056,0.49401501312911056
2024020796,20242025,2025-01-27,2,0,0.569145906881925,0.5646291918195772,0.5623385286819008,0.5814108093988788,0.5636883825649954
2024020797,20242025,2025-01-27,2,1,0.713852863221952,0.7113287769564696,0.6857100085464146,0.7413643141466723,0.714484266972769
2024020798,20242025,2025-01-27,2,1,0.37233060038214855,0.4335532761801605,0.3838713318297294,0.3499698702378286,0.38315059907888765
2024020799,20242025,2025-01-28,2,1,0.548796790786439,0.4963170354377691,0.5285341455953425,0.5597497858727684,0.5581064408912061
2024020800,20242025,2025-01-28,2,0,0.3628878392139631,0.4309165054341647,0.40230297501517265,0.34255980381178835,0.34380073881492823
2024020801,20242025,2025-01-28,2,0,0.7587353957510375,0.7557172011837383,0.7542157718630249,0.7647303805439983,0.7572600348460896
2024020802,20242025,2025-01-28,2,0,0.44302879142247437,0.5231699470572716,0.43031178142877674,0.4667595910809482,0.4320150017576981
2024020803,20242025,2025-01-28,2,1,0.44816775292895095,0.4797123966590681,0.4355681093741878,0.4440939622758213,0.46484118713684375
2024020804,20242025,2025-01-28,2,0,0.474125323788819,0.4847769031624196,0.47100091057974613,0.48936852656015356,0.4620065342265573
2024020805,20242025,2025-01-28,2,0,0.5433516485346173,0.5354549820396391,0.5385135544589192,0.5548211769238566,0.5367202142210761
2024020806,20242025,2025-01-28,2,0,0.5707673836110386,0.6355953133797327,0.5989584631500431,0.5362901028081598,0.577053584874913
2024020807,20242025,2025-01-29,2,0,0.5911075346377492,0.592839781328562,0.6084111263751372,0.5757346626542668,0.5891768148838435
2024020808,20242025,2025-01-29,2,1,0.6167829187306002,0.6117416786757907,0.6235509535084911,0.6286111116708429,0.5981866910124664
2024020809,20242025,2025-01-29,2,1,0.6103164661144812,0.6393872064397221,0.5915065367560673,0.6546515907656172,0.5847912708217587
2024020810,20242025,2025-01-29,2,0,0.5586754692258933,0.5571261974479442,0.5525343592531752,0.5738772608792938,0.5496147875452109
2024020811,20242025,2025-01-29,2,0,0.5746462458802494,0.6129239892409062,0.577837754550643,0.5883269801023293,0.5577740029877757
2024020812,20242025,2025-01-30,2,0,0.40824466324256176,0.4926730912249145,0.4149136843101404,0.4085333558252251,0.4012869495923198
2024020813,20242025,2025-01-30,2,0,0.5045467779936633,0.490525641022995,0.4835097247402536,0.5274931541168304,0.5026374551239059
2024020814,20242025,2025-01-30,2,1,0.5026893925391437,0.4942609504879901,0.5047670205324929,0.5117017720441674,0.4915993850407706
2024020815,20242025,2025-01-30,2,1,0.6127303375442911,0.5834616996542296,0.6025313723683658,0.6283397433790006,0.6073198968855066
2024020816,20242025,2025-01-30,2,0,0.506513118574427,0.5334304886532443,0.5120053473421959,0.5070222040823351,0.50051180429875
2024020817,20242025,2025-01-30,2,1,0.8091004111058696,0.7782501683496139,0.7649879500654998,0.8457481682618216,0.8165651149902875
2024020818,20242025,2025-01-30,2,1,0.6644930441714552,0.6488343925359541,0.6299829322947216,0.6725342193475286,0.6909619808721154
2024020819,20242025,2025-01-30,2,0,0.6565700743206734,0.696858128764173,0.6485431297208748,0.6577800654752064,0.6633870277659387
2024020820,20242025,2025-01-30,2,0,0.6492333421848149,0.6700363560094704,0.6248473040063022,0.6813591312123923,0.6414935913357502
2024020821,20242025,2025-01-30,2,1,0.6581383573534527,0.6974495290633891,0.6658273034788568,0.6560695552595794,0.6525182133219222
2024020822,20242025,2025-01-31,2,1,0.45284839033795676,0.5544616111698107,0.47176753860465187,0.42452598149996246,0.46225165090925596
2024020823,20242025,2025-01-31,2,1,0.5968323094560972,0.6653140675948856,0.5541804481988934,0.6355501125270553,0.6007663676423429
2024020824,20242025,2025-01-31,2,1,0.6060576905694628,0.6523423816665318,0.6060808605825533,0.6194857780935147,0.5926064330323204
2024020825,20242025,2025-01-31,2,0,0.6614270512331428,0.5928101998226516,0.6385194976518793,0.6909374616407681,0.654824194406781
2024020826,20242025,2025-02-01,2,1,0.7718121865234524,0.7691365047862029,0.7395408276406505,0.8068189797806261,0.7690767521490802
2024020827,20242025,2025-02-01,2,1,0.4398586393354407,0.5491568267814237,0.4338534594805292,0.4676038051557963,0.4181186533699967
2024020828,20242025,2025-02-01,2,1,0.5304889975227965,0.5393359562674725,0.531107998596498,0.5351589060729227,0.5252000878989689
2024020829,20242025,2025-02-01,2,0,0.6355448815864057,0.629649218505855,0.6112493848099534,0.6524088549107138,0.6429764050385499
2024020830,20242025,2025-02-01,2,1,0.49943930639848694,0.5454098434055046,0.4865966345014874,0.4941668010078082,0.5175544836861651
2024020831,20242025,2025-02-01,2,0,0.5039838434669526,0.5387107165699283,0.47559320618398027,0.5163020460689896,0.520056278147888
2024020832,20242025,2025-02-01,2,0,0.6833237992917388,0.6408654095057924,0.6574100325629604,0.6929248791658594,0.6996364861463967
2024020833,20242025,2025-02-01,2,0,0.5407838518858029,0.6429541468592028,0.5595601806107448,0.5441795790314329,0.5186117960152311
2024020834,20242025,2025-02-01,2,0,0.5592093687525007,0.5692057615503857,0.5631081486382196,0.5543206058919435,0.5601993517273389
2024020835,20242025,2025-02-02,2,1,0.47880933072242443,0.5082567053705405,0.49218643024770975,0.4645907038926602,0.47965085802690355
2024020836,20242025,2025-02-02,2,1,0.6655213020701991,0.6910778300341115,0.6551805222594201,0.6845682518100846,0.6568151321410926
2024020837,20242025,2025-02-02,2,1,0.4794902027010686,0.525914031521808,0.4995449044163109,0.4846357542558175,0.45428994943107753
2024020838,20242025,2025-02-02,2,1,0.6501562239932301,0.6594348923927765,0.6241397951670823,0.6730030775534026,0.6533257992592056
2024020839,20242025,2025-02-02,2,1,0.4310741147593271,0.545302689029679,0.40449409927067215,0.45900347801943464,0.42972476698787465
2024020840,20242025,2025-02-02,2,1,0.6626082662696039,0.702924772140416,0.6288381581115657,0.6612919134990385,0.6976947271982075
2024020841,20242025,2025-02-02,2,0,0.5936111436367324,0.5785402151681481,0.5976069626074132,0.5768637964284236,0.6063626718743605
2024020842,20242025,2025-02-02,2,0,0.6188429441358697,0.5804662508198086,0.6108116583825224,0.627369687254749,0.6183474867703377
2024020843,20242025,2025-02-02,2,0,0.5198498661803278,0.548955617732206,0.49810068562946697,0.5571042586927657,0.5043446542187506
2024020844,20242025,2025-02-03,2,0,0.5321504406104256,0.530274571941667,0.5293646159467198,0.5414067492214103,0.5256799566631466
2024020845,20242025,2025-02-04,2,1,0.5427242187495755,0.5626809884270083,0.5445467171446795,0.5466169216874579,0.5370090174165895
2024020846,20242025,2025-02-04,2,1,0.6095050087670401,0.5766127363872612,0.6044837256800931,0.6141078937916158,0.6099234068294112
2024020847,20242025,2025-02-04,2,1,0.6325953545139923,0.5996841055199975,0.6174882036259595,0.6449243168753277,0.6353735430406896
2024020848,20242025,2025-02-04,2,0,0.4937306629038501,0.5023927205458044,0.5182622229036198,0.4799084670156526,0.48302129879227806
2024020849,20242025,2025-02-04,2,1,0.48965470452240206,0.5486302226113802,0.4751449904000174,0.4943803139700911,0.4994388091970979
2024020850,20242025,2025-02-04,2,1,0.43981739381788426,0.5119618481446605,0.4203111919703014,0.4916661694506763,0.4074748200326751
2024020851,20242025,2025-02-04,2,0,0.4054272625975405,0.4405235910510545,0.46208511610986036,0.37057192436827485,0.38362474731448626
2024020852,20242025,2025-02-04,2,1,0.5276993472879927,0.5876246017718801,0.5228946727355436,0.5348623544276112,0.5253410147008234
2024020853,20242025,2025-02-04,2,0,0.42230167430709037,0.5118209022243704,0.456260772386117,0.4121344621473407,0.39850978838781326
2024020854,20242025,2025-02-04,2,1,0.6316398686119599,0.6096532713506037,0.5894040458962899,0.6520441203644264,0.6534714395751633
2024020855,20242025,2025-02-04,2,1,0.46506355878527034,0.4989679966436683,0.4760786632858961,0.4609419195447417,0.4581700935251734
2024020856,20242025,2025-02-04,2,1,0.3674778679349871,0.36091493161433,0.3821824853217747,0.34778666373312295,0.3724644547500637
2024020857,20242025,2025-02-04,2,0,0.4968646251345266,0.5259912750266477,0.4710340815713858,0.5137867125153012,0.5057730813168929
2024020858,20242025,2025-02-04,2,0,0.4028369508200316,0.4453041518782056,0.40638268930651134,0.39202518687365856,0.41010297627992515
2024020859,20242025,2025-02-05,2,1,0.6388252440256857,0.5812923817836328,0.6056701091252731,0.6693195291078403,0.6414860938439441
2024020860,20242025,2025-02-05,2,0,0.3253687269696155,0.3233063450678224,0.3583344193382498,0.25022529971332075,0.36754646185727596
2024020861,20242025,2025-02-05,2,1,0.705069809750091,0.6625457788936193,0.6794714977299683,0.7164565610557638,0.7192813704645411
2024020862,20242025,2025-02-06,2,1,0.6013569376463507,0.6048385426261902,0.6063766499230941,0.5848146233667252,0.6128795396492326
2024020863,20242025,2025-02-06,2,0,0.46273607649439213,0.5516927163937511,0.4518419482922549,0.49286928320612833,0.4434969979847932
2024020864,20242025,2025-02-06,2,0,0.38328852118369156,0.429002386895237,0.37898602000143866,0.4022088223381342,0.3686707212115017
2024020865,20242025,2025-02-06,2,0,0.46998763057872844,0.5539305619395956,0.4642242358674259,0.4743770582049465,0.47136159766381275
2024020866,20242025,2025-02-06,2,0,0.3954736123737903,0.4573990257160001,0.44589945259478014,0.3554013771505365,0.3851200073760544
2024020867,20242025,2025-02-06,2,1,0.38302592940266145,0.5052323273510432,0.3946451029572912,0.3720132511191843,0.3824194341315087
2024020868,20242025,2025-02-06,2,0,0.4313383497852688,0.4825468435590149,0.4367900672860595,0.4224954129477174,0.43472956912202965
2024020869,20242025,2025-02-06,2,0,0.3593416977635378,0.4707369331065894,0.3809514438332268,0.348654802187902,0.3484188472694847
2024020870,20242025,2025-02-06,2,0,0.35089914904337977,0.3765865258920103,0.37362177519799006,0.2942667826603699,0.3848088892717793
2024020871,20242025,2025-02-07,2,0,0.613544509867327,0.6530085540177646,0.5942721503341669,0.6282338524182514,0.6181275268495626
2024020872,20242025,2025-02-07,2,1,0.678574847889656,0.6842077592240623,0.6659375292148,0.6869729541327171,0.6828140603214509
2024020873,20242025,2025-02-07,2,1,0.3353586283853607,0.4613964374052165,0.3486302661488462,0.3262355714281103,0.3312100475791255
2024020874,20242025,2025-02-07,2,0,0.6424011454481833,0.613067436062724,0.6405639162465826,0.662323562470166,0.6243159576278012
2024020875,20242025,2025-02-07,2,1,0.524349847616256,0.5052948806897174,0.533833026076307,0.5364518784422071,0.502764638330254
2024020876,20242025,2025-02-08,2,0,0.45147289011432523,0.4853691778577183,0.45871805058738807,0.4441822732339893,0.4515183465215983
2024020877,20242025,2025-02-08,2,0,0.43733339684522243,0.5168790120581684,0.4270000362968126,0.44328740887076606,0.4417127453680887
2024020878,20242025,2025-02-08,2,1,0.6699571302512121,0.6692966377145577,0.6406465209427213,0.6689503075054254,0.7002745623054893
2024020879,20242025,2025-02-08,2,0,0.4103057642757464,0.5394851970815424,0.4004239602930871,0.425991676444185,0.4045016560899669
2024020880,20242025,2025-02-08,2,1,0.6506496249498622,0.6480569784653819,0.6099564475976212,0.6671015719583786,0.6748908552935872
2024020881,20242025,2025-02-08,2,1,0.5509063733969247,0.5452470028999178,0.5066925381023264,0.6101835214624227,0.5358430606260248
2024020882,20242025,2025-02-08,2,0,0.47337923389978154,0.4947545719525701,0.4658152238048325,0.49378962145826794,0.4605328564362442
2024020883,20242025,2025-02-08,2,1,0.7155921190849212,0.674076940274675,0.6949825399400669,0.7207344050049859,0.7310594123097109
2024020884,20242025,2025-02-08,2,1,0.4499639692970976,0.5252983301200251,0.4577220842630231,0.44672953159134,0.44544029203692964
2024020885,20242025,2025-02-08,2,1,0.4862534430376893,0.5554177034806872,0.5538496548347749,0.437349598611351,0.4675610756669422
2024020886,20242025,2025-02-08,2,1,0.6150638018579042,0.603327266742528,0.6133968093578192,0.603697833787551,0.6280967624283423
2024020887,20242025,2025-02-08,2,0,0.5707383903024664,0.5979819195188323,0.5603461491523172,0.5378787920189505,0.6139902297361315
2024020888,20242025,2025-02-08,2,0,0.647095365375589,0.7019892255861436,0.6613211607409898,0.647757925038899,0.6322070103468784
2024020889,20242025,2025-02-08,2,0,0.43237098808925917,0.2868506595724548,0.3978198388431965,0.35769528766996167,0.5415978377546193
2024020890,20242025,2025-02-09,2,0,0.6587062100403512,0.6675773317696145,0.6209547936629476,0.6788323077117334,0.6763315287463727
2024020891,20242025,2025-02-09,2,0,0.3752530005840824,0.4377070649969456,0.39997863002146355,0.36318129292044926,0.3625990788103345
2024020892,20242025,2025-02-22,2,1,0.3246737618718118,0.398064887191862,0.3727970387195335,0.26357125815497595,0.3376529887409259
2024020893,20242025,2025-02-22,2,0,0.41941243113983157,0.4512560666437357,0.4440407012758544,0.40818215647467543,0.4060144356689649
2024020894,20242025,2025-02-22,2,0,0.5278022325107653,0.5348664406480124,0.5329920886186055,0.5057464360684333,0.5446681728452574
2024020895,20242025,2025-02-22,2,1,0.45552355835342,0.501464670976081,0.43257690261169834,0.4474955901334892,0.4864981823150724
2024020896,20242025,2025-02-22,2,0,0.6876593966390764,0.707613205975496,0.6913160002529918,0.672321129987154,0.6993410596770835
2024020897,20242025,2025-02-22,2,0,0.45808583215629056,0.4930200339488028,0.5181140930801947,0.42137735511851276,0.4347660482701641
2024020898,20242025,2025-02-22,2,1,0.4101702051787901,0.4571434772459832,0.42378445892258837,0.3820269320687966,0.42469922454498527
2024020899,20242025,2025-02-22,2,0,0.6315487244003458,0.6753231249012892,0.6637434123386347,0.6041367883061527,0.6267659725562499
2024020900,20242025,2025-02-22,2,1,0.43553142678770057,0.5321243607203463,0.44398434739635645,0.42473241278467844,0.43787752018206677
2024020901,20242025,2025-02-22,2,0,0.5829991981661989,0.6488010445159252,0.6107313559166593,0.5669370815914483,0.5713291569904891
2024020902,20242025,2025-02-22,2,1,0.6076445346301717,0.660482574311654,0.5856979393112636,0.598013099784281,0.6392225647949704
2024020903,20242025,2025-02-22,2,0,0.41704920284589364,0.4259778717601518,0.4434456244824261,0.35132883863466563,0.4563731454205892
2024020904,20242025,2025-02-22,2,1,0.5961474487198257,0.6262966848633515,0.6021181486246439,0.5905010925852427,0.5958231049495906
2024020905,20242025,2025-02-22,2,1,0.6345124740379776,0.6174420183048899,0.6275161251443685,0.6297693930991436,0.6462519038704205
2024020906,20242025,2025-02-23,2,1,0.4197682175156187,0.5531305827028815,0.44346181044708405,0.3884426485442687,0.42740019355550346
2024020907,20242025,2025-02-23,2,0,0.4800666947975241,0.490293310251886,0.470775126569609,0.46275286689284484,0.5066720909301186
2024020908,20242025,2025-02-23,2,1,0.627806084820198,0.6456638731477661,0.6166304055403968,0.6083605287521617,0.6584273201680353
2024020909,20242025,2025-02-23,2,1,0.6728787073685173,0.6791217751006768,0.6675445556057148,0.6798334365619672,0.6712581299378696
2024020910,20242025,2025-02-23,2,1,0.4009853068667593,0.4707670192978084,0.45286099577845496,0.3617774986002402,0.3883174262215828
2024020911,20242025,2025-02-23,2,0,0.45972369161939186,0.5110554716929192,0.459650822234778,0.4449585656973066,0.47456168692609096
2024020912,20242025,2025-02-23,2,0,0.3272828989378283,0.3712905156339094,0.3639760464946883,0.28229987568863385,0.33557277463016283
2024020913,20242025,2025-02-23,2,0,0.491284083187745,0.4464579328009814,0.4598922304845946,0.5007588837802545,0.5132011352983861
2024020914,20242025,2025-02-23,2,1,0.6768119351964167,0.7210800797949806,0.6667838770291254,0.6427252741241853,0.7209266544359392
2024020915,20242025,2025-02-23,2,1,0.511394026352456,0.5431376525189723,0.48667955055416395,0.51476491998415,0.5327376085190543
2024020916,20242025,2025-02-24,2,1,0.7862916325536786,0.8292929751950222,0.7611818025625909,0.8038174551654155,0.7938756399330297
2024020917,20242025,2025-02-24,2,1,0.5066957028781389,0.5522574738063956,0.49451600029851117,0.5000159539592812,0.5255551543766243
2024020918,20242025,2025-02-25,2,0,0.4570648061417823,0.5236965188468476,0.45024609091550305,0.4645624274370347,0.4563859000728091
2024020919,20242025,2025-02-25,2,1,0.6526076320410775,0.6334109660841182,0.6457379534824155,0.612705199256172,0.6993797433846453
2024020920,20242025,2025-02-25,2,1,0.3534098848828655,0.4210269837730059,0.4022125186861421,0.30920333006054473,0.3488138059019097
2024020921,20242025,2025-02-25,2,1,0.42266882436264147,0.5498491831260818,0.45979780682533705,0.4004762469971467,0.4077324192654405
2024020922,20242025,2025-02-25,2,1,0.3965688462264992,0.5719449795137493,0.45232702875282094,0.39464256250635404,0.34273694742032246
2024020923,20242025,2025-02-25,2,0,0.6205284034506456,0.6836936589352416,0.6322486847110454,0.6015130675240906,0.6278234581168011
2024020924,20242025,2025-02-25,2,1,0.37078045982780394,0.4133409795046505,0.39400834873692403,0.31828369893773545,0.4000493318087523
2024020925,20242025,2025-02-25,2,0,0.4990600421340434,0.5236443623950267,0.46700856516344186,0.5110464669344519,0.5191250943042365
2024020926,20242025,2025-02-25,2,1,0.5474013125182705,0.5975525580083351,0.5641913698017114,0.535849537250636,0.5421630305024643
2024020927,20242025,2025-02-25,2,0,0.3384938367553001,0.4365606132452358,0.41403586309723056,0.2899009777245914,0.3115446694440784
2024020928,20242025,2025-02-25,2,0,0.48385171975693425,0.6122244630542895,0.51273615001807,0.45246165011240747,0.4863573591403252
2024020929,20242025,2025-02-25,2,1,0.6915700392330274,0.6937717622679307,0.7051436121354032,0.6744346174134068,0.6951318881502722
2024020930,20242025,2025-02-26,2,0,0.44070722285647923,0.4457323740460105,0.45806005432121616,0.38321162703356315,0.48084998721465844
2024020931,20242025,2025-02-26,2,1,0.6212729218609567,0.6026539536595209,0.6245728802963944,0.6187117268089519,0.6205341584775238
2024020932,20242025,2025-02-26,2,0,0.6231718571209431,0.6150975546805587,0.623595277573079,0.6245057697810087,0.6214145240087419
2024020933,20242025,2025-02-27,2,0,0.5284673817033343,0.6030738142314522,0.535791347440503,0.48112387685894914,0.5684869208105506
2024020934,20242025,2025-02-27,2,1,0.6810287447690534,0.703840814057679,0.700020081952814,0.6409210822753382,0.7021450700790077
2024020935,20242025,2025-02-27,2,0,0.5886404045312735,0.6035996536638532,0.5953124295356917,0.5552373403066807,0.6153714437514481
2024020936,20242025,2025-02-27,2,1,0.60034018248384,0.6674158001614127,0.6095757224740757,0.5914716624368842,0.5999731625405599
2024020937,20242025,2025-02-27,2,1,0.569358709055085,0.5797705308481644,0.593580080676719,0.5612772149709012,0.5532188315176346
2024020938,20242025,2025-02-27,2,1,0.5909704846816756,0.5576358630192876,0.5690121619282887,0.6065576193915738,0.5973416727251643
2024020939,20242025,2025-02-27,2,0,0.6061787402602495,0.6643633081779432,0.5764220935236415,0.6147226334024044,0.6273914938547026
2024020940,20242025,2025-02-27,2,1,0.6010130776211752,0.6640347221767865,0.6174345559691485,0.6141155056738496,0.5714891712205272
2024020941,20242025,2025-02-27,2,1,0.40797603868953747,0.3943574554586266,0.3960500342643183,0.38969555635154174,0.4381825254527525
2024020942,20242025,2025-02-27,2,1,0.5388711806866904,0.5245348696226724,0.5286873280824129,0.5438423632567833,0.5440838507208748
2024020943,20242025,2025-02-27,2,1,0.7460629870709932,0.755432712527538,0.7387676540715843,0.7524716485666293,0.7469496585747659
2024020944,20242025,2025-02-27,2,1,0.46696568774769415,0.471513892430153,0.43098416458908306,0.4983172365736891,0.47159566208031023
2024020945,20242025,2025-02-28,2,0,0.4619598476189373,0.5476947371172748,0.44430763348500363,0.49392577269932114,0.4476461366724874
2024020946,20242025,2025-02-28,2,1,0.5244951845366111,0.6344453250217452,0.5450978734155943,0.5444445740852986,0.4839431061089404
2024020947,20242025,2025-02-28,2,1,0.6825748645023384,0.6172350807359478,0.6809808704756442,0.6729314454721097,0.6938122775592611
2024020948,20242025,2025-03-01,2,1,0.4885797305840234,0.5552025547530764,0.4822034165227599,0.48927577273134226,0.49426000249796803
2024020949,20242025,2025-03-01,2,1,0.5955736722505736,0.5985985493853834,0.5589835006400695,0.6247111345935259,0.6030263815181252
2024020950,20242025,2025-03-01,2,0,0.5745414735607679,0.5606576971066115,0.5809311676977271,0.5593902373679295,0.583303015616647
2024020951,20242025,2025-03-01,2,1,0.6819270171240616,0.6898225941427117,0.6739085649308022,0.6973900665072308,0.6744824199341519
2024020952,20242025,2025-03-01,2,0,0.5158291774444158,0.5037338241741063,0.5074162310011127,0.5180270669671699,0.5220442343649647
2024020953,20242025,2025-03-01,2,0,0.5993243571749837,0.5998803850524332,0.5611134173033857,0.5913611165625321,0.6454985376590331
2024020954,20242025,2025-03-01,2,1,0.6898754327305525,0.7441484485928641,0.6881665088309353,0.70830736399694,0.6731524253637823
2024020955,20242025,2025-03-01,2,0,0.5996475866657426,0.5663924538580423,0.6294761585202577,0.6081821784385033,0.5612844230384667
2024020956,20242025,2025-03-01,2,0,0.7000197401936594,0.7316444448292785,0.6990943781483983,0.7039363904674518,0.6970284519651281
2024020957,20242025,2025-03-01,2,1,0.49131360366386173,0.5235948084606443,0.49186419929042546,0.5049511530231338,0.47712545867802614
2024020958,20242025,2025-03-01,2,0,0.5474320956646236,0.5359628814206198,0.5387106389191739,0.5839041847718186,0.5196814633028785
2024020959,20242025,2025-03-01,2,0,0.6110186481769339,0.6386819540734087,0.6293370105289802,0.5945648952413541,0.609154038760467
2024020960,20242025,2025-03-01,2,1,0.5203148054349797,0.5129350483153893,0.52479055651086,0.5218406356269017,0.5143132241671771
2024020961,20242025,2025-03-02,2,0,0.4314298791245153,0.4367764432291965,0.4742118632875919,0.4080169944931949,0.41206077959275905
2024020962,20242025,2025-03-02,2,1,0.5713967409116957,0.5802709778261748,0.5750726008400299,0.572424927904067,0.5666926939909902
2024020963,20242025,2025-03-02,2,1,0.6928663679878001,0.6708262602193934,0.6983457151208139,0.7187185457384354,0.6615348431041511
2024020964,20242025,2025-03-02,2,1,0.6800454554558888,0.6816483045911633,0.6806243874917167,0.6779950901654553,0.6815168887104941
2024020965,20242025,2025-03-02,2,1,0.6593656484368262,0.6555976010604436,0.6505819626022509,0.6839379039142179,0.6435770787940098
2024020966,20242025,2025-03-02,2,1,0.657641977864757,0.5971359765788818,0.5933296364270314,0.7102144398693763,0.6693818572978631
2024020967,20242025,2025-03-03,2,1,0.6175574338329269,0.6397547981430749,0.6300675606909267,0.5831878001244071,0.639416940683447
2024020968,20242025,2025-03-03,2,1,0.4664549032715121,0.556038750712002,0.47969164479966175,0.4452561880027888,0.4744168770120858
2024020969,20242025,2025-03-03,2,1,0.629604405871342,0.5860275440714487,0.5930523851050561,0.6478316503007505,0.6479291822082195
2024020970,20242025,2025-03-03,2,1,0.4722235920258835,0.6248485203621965,0.5121800819518904,0.44255890402751563,0.46193179009824453
2024020971,20242025,2025-03-03,2,0,0.6960624130041566,0.8030382454797921,0.707132989977142,0.677301897126818,0.7037523519085099
2024020972,20242025,2025-03-03,2,1,0.3205412489349583,0.393843663325192,0.36354464169732925,0.2967255292524174,0.3013535758551281
2024020973,20242025,2025-03-04,2,0,0.6012544647698491,0.6313879815909338,0.5860366521519078,0.6201971415446533,0.5975296006129862
2024020974,20242025,2025-03-04,2,0,0.7123555194519735,0.7198576070646883,0.6904447655742176,0.714059912120507,0.7325618806611962
2024020975,20242025,2025-03-04,2,0,0.4127126899182256,0.4804228244283965,0.41711581864170993,0.3727178003283589,0.44830445078460784
2024020976,20242025,2025-03-04,2,1,0.590276898854995,0.6727302156127388,0.6249205302159719,0.5814125726987568,0.5644975936502565
2024020977,20242025,2025-03-04,2,0,0.5555683825971856,0.5572607486190106,0.5584168633957883,0.5596742744770014,0.548614009918767
2024020978,20242025,2025-03-04,2,1,0.3892991338540073,0.4351362343395843,0.3672665626271181,0.36854346514612524,0.43208737378877843
2024020979,20242025,2025-03-04,2,1,0.5892204215201667,0.6574814534804181,0.5807657577642239,0.5863451277088731,0.600550379087403
2024020980,20242025,2025-03-04,2,1,0.6884836576993824,0.7038753516949671,0.6947107109903734,0.6719253653966429,0.6988148967111307
2024020981,20242025,2025-03-04,2,0,0.7098481720582518,0.7369378375779205,0.736215945620712,0.6964502509459214,0.6968783196081222
2024020982,20242025,2025-03-04,2,0,0.4992496613781241,0.4995120889710726,0.47834729200104487,0.5139834828795823,0.505418209253745
2024020983,20242025,2025-03-05,2,0,0.46218647295058607,0.5524898385386189,0.46714058991451796,0.48324062082471403,0.4361782081125262
2024020984,20242025,2025-03-05,2,0,0.3728881432329591,0.4441835406677696,0.403324365238418,0.3254257503726899,0.38991431408776933
2024020985,20242025,2025-03-05,2,1,0.6213752617582137,0.5689819286631542,0.6221920896521752,0.6087048028780532,0.6332288927444126
2024020986,20242025,2025-03-05,2,1,0.6662000582042729,0.644414094972933,0.6407716236137652,0.688916843704321,0.6689117072947325
2024020987,20242025,2025-03-05,2,0,0.5936147838113706,0.6008989479575575,0.5763622194568587,0.5948782812503239,0.609603850726929
2024020988,20242025,2025-03-06,2,0,0.48968662791192114,0.5674492437068516,0.5056104342178587,0.46169634030430834,0.5017531092135964
2024020989,20242025,2025-03-06,2,1,0.5828015590449405,0.6988052201745718,0.5974316702662044,0.5797211698257805,0.5712518370428366
2024020990,20242025,2025-03-06,2,1,0.7300113806618637,0.6944712960650516,0.707830567824025,0.7564173301935049,0.7257862439680614
2024020991,20242025,2025-03-06,2,0,0.38523533845303604,0.4020230068352967,0.40063859176760197,0.37207981438916377,0.38298760920234237
2024020992,20242025,2025-03-06,2,1,0.6614906597801835,0.648897958418314,0.628862955958503,0.6974022892221496,0.658206734159898
2024020993,20242025,2025-03-06,2,1,0.4743002284337909,0.5787214185252494,0.49255394958080456,0.4641455360357732,0.46620119968479484
2024020994,20242025,2025-03-06,2,1,0.6367282159863967,0.7075200481440436,0.6368352514016721,0.6424885193336044,0.6308608772239137
2024020995,20242025,2025-03-06,2,1,0.6609714014060427,0.6879800796268525,0.6306931265579722,0.6861569615395287,0.6660641161206273
2024020996,20242025,2025-03-06,2,1,0.7591708058340293,0.7957715891223816,0.7351495768532207,0.7801562201611517,0.7622066204877155
2024020997,20242025,2025-03-07,2,0,0.4896427084815335,0.4784427012132142,0.45623542995657296,0.5235493039630434,0.4891433915249842
2024020998,20242025,2025-03-07,2,1,0.6367756495218102,0.6623143853905246,0.6439453931598096,0.6464333800659721,0.619948175339649
2024020999,20242025,2025-03-07,2,1,0.37019387272696536,0.4405374920953929,0.395029314979618,0.35010967234421175,0.3654426308570662
2024021000,20242025,2025-03-07,2,1,0.5802788736674769,0.5444032524856772,0.5709881828752654,0.5849326979183005,0.5849157402088648
2024021001,20242025,2025-03-07,2,1,0.6961438188042929,0.701670174684906,0.7057580849314132,0.6600152824177649,0.7226580890637004
2024021002,20242025,2025-03-07,2,0,0.3982578416424863,0.4899713349511885,0.4184713634220455,0.3691956792529987,0.40710648225241464
2024021003,20242025,2025-03-08,2,1,0.5053397012690984,0.5217585044955879,0.5142698185225814,0.5090103091902681,0.4927389760944459
2024021004,20242025,2025-03-08,2,0,0.5094149729882592,0.5691997604772598,0.5226752636783019,0.49459201492175037,0.5109776403647254
2024021005,20242025,2025-03-08,2,0,0.573762074339576,0.6626610992287731,0.5334852493517367,0.6121891865640959,0.5756117871028955
2024021006,20242025,2025-03-08,2,1,0.6461122932518738,0.7167240523375901,0.6443466935343455,0.6433579373241356,0.6506322488971402
2024021007,20242025,2025-03-08,2,1,0.5760186712846562,0.5922613656725034,0.5843756256908914,0.5679787949607222,0.5757015932023549
2024021008,20242025,2025-03-08,2,1,0.5943422697234119,0.5903930374965226,0.5902507932213581,0.5939751278095556,0.5988008881393219
2024021009,20242025,2025-03-08,2,1,0.7314632229817927,0.6595373498998698,0.6907131910601925,0.7289149953870657,0.7747614824981197
2024021010,20242025,2025-03-08,2,1,0.6301306583743873,0.5892903417281814,0.6247908658129216,0.6378576026747443,0.6277435066354959
2024021011,20242025,2025-03-08,2,1,0.5380588358286517,0.5295924493745388,0.5354248251492936,0.5459978499646865,0.5327538323719748
2024021012,20242025,2025-03-08,2,0,0.43360133954535346,0.3962798659546132,0.4118367232824187,0.4114640876603371,0.4775032076933045
2024021013,20242025,2025-03-09,2,0,0.40144033931190287,0.4838973735170598,0.42727863358186857,0.3886002594472062,0.3884421249066339
2024021014,20242025,2025-03-09,2,1,0.7046180278920057,0.6890165363533164,0.6959130546288795,0.7192698818881739,0.6986711471589636
2024021015,20242025,2025-03-09,2,0,0.5797048473189114,0.6623046147627764,0.5792053020424945,0.569932383410614,0.5899768565036255
2024021016,20242025,2025-03-09,2,1,0.5434820782393427,0.5258054696155853,0.56708420924534,0.518322630038265,0.5450393954344234
2024021017,20242025,2025-03-09,2,0,0.6117394550175951,0.6398828625505256,0.6382315403733549,0.6063335658790451,0.5906532588003853
2024021018,20242025,2025-03-09,2,0,0.6371143050792782,0.6207256248226033,0.6365364345357756,0.6527700891319591,0.6220363915701
2024021019,20242025,2025-03-09,2,0,0.5244555528781973,0.4534949478607432,0.5488425642457117,0.5170666755901386,0.5074574187987417
2024021020,20242025,2025-03-09,2,1,0.46186323862895956,0.4945036420930888,0.43744126928225163,0.5034398225641271,0.4447086240404997
2024021021,20242025,2025-03-10,2,1,0.4398710654116986,0.4334135725883675,0.44499878731149,0.4354200311032332,0.43919437782037263
2024021022,20242025,2025-03-10,2,1,0.4659723400760845,0.5974161361067714,0.4971576671925931,0.44314379710321644,0.457615555932444
2024021023,20242025,2025-03-10,2,1,0.7791669682230907,0.766844649474136,0.7519475626044211,0.7860090620129778,0.7995442800518731
2024021024,20242025,2025-03-10,2,0,0.48888255331593244,0.5041530280233943,0.4791933117518142,0.49874490322629245,0.4887094449696906
2024021025,20242025,2025-03-11,2,1,0.4173078527124678,0.4640068057772926,0.4429589938987827,0.3876956011681955,0.4212689630704251
2024021026,20242025,2025-03-11,2,1,0.6269850545546404,0.6148098468710379,0.6165574410532355,0.6469857745712709,0.6174119480394148
2024021027,20242025,2025-03-11,2,0,0.5446035134647332,0.4974673737358843,0.5172308498538681,0.5623050197041181,0.5542746708362135
2024021028,20242025,2025-03-11,2,1,0.3992775377005134,0.4343514642172795,0.4219727678662813,0.35651955090090365,0.4193402943343552
2024021029,20242025,2025-03-11,2,1,0.5775981513405062,0.5764042151037662,0.5456233864972333,0.6048976659136496,0.5822734016106357
2024021030,20242025,2025-03-11,2,1,0.48348624183129313,0.49390466243157,0.5049000303781783,0.45864142422148807,0.48691727089421316
2024021031,20242025,2025-03-11,2,1,0.6324190218188953,0.6581700771764746,0.6042474303121779,0.6743224013667676,0.6186872337777406
2024021032,20242025,2025-03-11,2,0,0.620896426372758,0.6168606544164599,0.6146531012321949,0.6243221050427132,0.6237140728433659
2024021033,20242025,2025-03-11,2,0,0.3532663263922091,0.4133616185714752,0.3777499459638898,0.32948206745917397,0.3525669657535636
2024021034,20242025,2025-03-11,2,1,0.6167724890477518,0.6135649343557992,0.628740565769172,0.6091603527503886,0.6124165486236948
2024021035,20242025,2025-03-11,2,0,0.4319989132466627,0.4175879458327846,0.4057519081418511,0.41836088835171586,0.47188394324642124
2024021036,20242025,2025-03-12,2,1,0.5766160186527609,0.5888414931528195,0.5825418313734156,0.5403418210421375,0.6069644035427297
2024021037,20242025,2025-03-12,2,0,0.5874907582365828,0.5566095693788596,0.5588073737194604,0.6288828341200344,0.5747820668702537
2024021038,20242025,2025-03-12,2,1,0.6829555662379394,0.6385038152346691,0.6442303640496633,0.7156837113358021,0.6889526233283528
2024021039,20242025,2025-03-12,2,1,0.6063012389603403,0.5608534788752058,0.571521214395604,0.6389286471288572,0.6084538553565596
2024021040,20242025,2025-03-13,2,0,0.41244667555128256,0.5207267185750362,0.43141730126420114,0.36568134135999414,0.4402413840296523
2024021041,20242025,2025-03-13,2,1,0.4951766387206205,0.5684095301951454,0.512145410136807,0.4848246684432875,0.48855983758176713
2024021042,20242025,2025-03-13,2,1,0.487669710682112,0.5192121815751537,0.47579210597069344,0.5173945060771333,0.46982251999850944
2024021043,20242025,2025-03-13,2,1,0.42353741240344694,0.4154005457465176,0.42317915741670453,0.4249934961181369,0.4224395836754992
2024021044,20242025,2025-03-13,2,1,0.4284201105475476,0.5085314031349677,0.45489817717691833,0.41215814586244603,0.41820400860327833
2024021045,20242025,2025-03-13,2,0,0.38599010401382183,0.4820651511194112,0.40083994123597555,0.37994179178340787,0.3771885790220822
2024021046,20242025,2025-03-13,2,0,0.5355966430440976,0.558747447833744,0.5297742777463805,0.543791167397632,0.5332244839882802
2024021047,20242025,2025-03-13,2,1,0.4878692659693746,0.5196894098991167,0.4923023757112246,0.5079338652517702,0.4633715569451289
2024021048,20242025,2025-03-13,2,1,0.5699144322157471,0.5146510503605272,0.5496414039324364,0.5778809684908985,0.5822209242239065
2024021049,20242025,2025-03-14,2,1,0.6257042206065296,0.6817296981514024,0.652353631573408,0.6058513036909242,0.6189077265552565
2024021050,20242025,2025-03-14,2,0,0.4628844993365952,0.4726684200177635,0.4590257372478022,0.49410186455320965,0.43552589620877374
2024021051,20242025,2025-03-14,2,1,0.5784160096229584,0.5696760257075945,0.578305268235258,0.5745961804299661,0.5823465802036512
2024021052,20242025,2025-03-14,2,0,0.4014207399933363,0.4556127848974113,0.43839980398373224,0.38384724592662056,0.38201517006965613
2024021053,20242025,2025-03-14,2,1,0.39549514374149436,0.5211243805721945,0.4160830902096025,0.3873586469037546,0.3830436941111258
2024021054,20242025,2025-03-14,2,1,0.440166500851811,0.5337410198977657,0.42559311797473093,0.44539430229789584,0.44951208228280626
2024021055,20242025,2025-03-15,2,1,0.3827305021880922,0.4440664145615052,0.37975513880811557,0.3810093544590587,0.3874270132971022
2024021056,20242025,2025-03-15,2,1,0.4112470400108274,0.4809135124148534,0.4181799058615204,0.4004397500019691,0.41512146416899265
2024021057,20242025,2025-03-15,2,0,0.39908868870416175,0.3109573476237223,0.4113968748528608,0.3291246531797095,0.4567445380799149
2024021058,20242025,2025-03-15,2,0,0.4962457772558119,0.5039728372514574,0.5200412153482744,0.49280552830241586,0.4758905881167455
2024021059,20242025,2025-03-15,2,0,0.5814384709231571,0.6130833118832586,0.5770036898350993,0.5741099953240622,0.5932017276103098
2024021060,20242025,2025-03-15,2,1,0.3391184538970892,0.4122457847863357,0.39218208970254104,0.292159696399283,0.33301357558944356
2024021061,20242025,2025-03-15,2,0,0.4301960474215865,0.4007963592700665,0.41186839207671566,0.43583052374941034,0.4428892264386335
2024021062,20242025,2025-03-15,2,0,0.4783774387528886,0.5073791731949117,0.44390087532303557,0.5152855248287361,0.4759459161068941
2024021063,20242025,2025-03-15,2,0,0.5006407377893386,0.5895205210894959,0.4834819024219096,0.4795640425087656,0.5388762684373405
2024021064,20242025,2025-03-15,2,1,0.6455263242704817,0.6466371057902947,0.6565399636386594,0.6681093861295504,0.6119296230432354
2024021065,20242025,2025-03-15,2,1,0.734174669373489,0.6997858754309264,0.7063402900551798,0.7340071025844227,0.7621766154808642
2024021066,20242025,2025-03-16,2,1,0.5129414031047181,0.4742895787643874,0.5131036017431635,0.49580860251113434,0.5299120050598566
2024021067,20242025,2025-03-16,2,1,0.5354436442795589,0.542267824354237,0.5209600558109918,0.5434222870103194,0.5419485900173657
2024021068,20242025,2025-03-16,2,1,0.6755945990779217,0.654195536751319,0.6569190437075114,0.6676350515345768,0.7022297019916769
2024021069,20242025,2025-03-16,2,0,0.4251098838071024,0.5312101897787478,0.44620088501941,0.42727121429464743,0.40185755210724994
2024021070,20242025,2025-03-16,2,1,0.42169444389889704,0.4400653138686054,0.43281687139100883,0.3774760155432559,0.45479044476242647
2024021071,20242025,2025-03-16,2,0,0.4482142799962707,0.5869175736423375,0.45775303603587947,0.4377147204231116,0.44917508352982116
2024021072,20242025,2025-03-16,2,0,0.404703922858695,0.3964224657877708,0.4119397094017829,0.38431685606469124,0.4178552031096107
2024021073,20242025,2025-03-17,2,0,0.5147723129187757,0.6182464864109898,0.5084340576028541,0.5363328311082683,0.4995500500452043
2024021074,20242025,2025-03-17,2,1,0.6904062179755966,0.7189426830263917,0.7084254194198372,0.6841261817501566,0.678667052756796
2024021075,20242025,2025-03-17,2,0,0.4990371103658546,0.5086245723676162,0.5272616453391719,0.4858835466076607,0.4839661391507311
2024021076,20242025,2025-03-17,2,1,0.5843069651575625,0.6502521455255402,0.5506901017505039,0.609903816354702,0.5923269773674815
2024021077,20242025,2025-03-17,2,1,0.47522222263151886,0.5340200021217966,0.4695568018730652,0.5050409679139565,0.4510688981075349
2024021078,20242025,2025-03-18,2,1,0.43123272985404565,0.5125973890385791,0.4293515465745267,0.44100082256293405,0.4233458204246761
2024021079,20242025,2025-03-18,2,0,0.6916918733069549,0.6419143564729239,0.6793989393148907,0.7225228482125994,0.6731538323933747
2024021080,20242025,2025-03-18,2,0,0.4402910593038034,0.5388523285635968,0.41877669417734914,0.4438553562680344,0.45824112746602674
2024021081,20242025,2025-03-18,2,1,0.6509318260877321,0.6694322884341162,0.6403230147385656,0.6661622120058031,0.6463102515188279
2024021082,20242025,2025-03-18,2,0,0.4533271920329749,0.5210622221736471,0.49123620154318387,0.4330152577569121,0.4357301167988287
2024021083,20242025,2025-03-18,2,1,0.7091524491315315,0.754351417672086,0.7331944061985286,0.6987329369481358,0.6955300042479303
2024021084,20242025,2025-03-18,2,0,0.3991262290342235,0.4705796137666933,0.40097918062890864,0.3969491636443347,0.3994503428294273
2024021085,20242025,2025-03-18,2,1,0.5608629102327349,0.6642304284707269,0.5344095026058596,0.5926809920066408,0.5554982360857044
2024021086,20242025,2025-03-18,2,1,0.4721796508761065,0.4300005126295494,0.47463557932793154,0.45139495219337933,0.49050842110700876
2024021087,20242025,2025-03-19,2,1,0.42656783095099265,0.5305409691739399,0.45128526845900574,0.40754503886273663,0.42087318553123565
2024021088,20242025,2025-03-19,2,1,0.593371904707989,0.6194812243305613,0.5740339322187628,0.6092039431347386,0.5968778387704656
2024021089,20242025,2025-03-20,2,0,0.47443936849433027,0.4932444983419873,0.5057119261523636,0.4450570293181277,0.47254915001249975
2024021090,20242025,2025-03-20,2,0,0.540993267401277,0.6310632409978477,0.538881458109956,0.5462006069446498,0.5378977371492251
2024021091,20242025,2025-03-20,2,0,0.5988226095725193,0.5448597672691352,0.5915883547093084,0.633082448882972,0.5717970251252775
2024021092,20242025,2025-03-20,2,1,0.7318040476422386,0.7264829267149864,0.7198990115800428,0.743195339121513,0.7323177922251601
2024021093,20242025,2025-03-20,2,0,0.42840443116514376,0.4283189706014364,0.4335145554664296,0.3788910435646834,0.47280769446431814
2024021094,20242025,2025-03-20,2,1,0.5817078735449667,0.5918654449455053,0.5863739375950715,0.5744564680904652,0.5842932149493633
2024021095,20242025,2025-03-20,2,1,0.5879576734708867,0.5861541735584129,0.6008648301544295,0.5767395023400577,0.5862686879181729
2024021096,20242025,2025-03-20,2,0,0.6233816988309152,0.6118196513998613,0.6140123584057114,0.6052410846317412,0.6508916534552932
2024021097,20242025,2025-03-20,2,0,0.5158758573162452,0.607327645110155,0.5277848555363437,0.5253371328440086,0.4945055835683833
2024021098,20242025,2025-03-20,2,0,0.37668199852258305,0.381248750399279,0.39065457558473904,0.34745249040079246,0.3919389295822175
2024021099,20242025,2025-03-20,2,0,0.5188893860774461,0.5396654183196714,0.4995327550030677,0.5460812632827355,0.511054139946535
2024021100,20242025,2025-03-20,2,1,0.585093307767731,0.6007204725578381,0.5925200093333693,0.5634525592540685,0.5993073547157554
2024021101,20242025,2025-03-20,2,1,0.6170340776222023,0.637434621734814,0.6157880108219242,0.6326006198515657,0.6027136021931171
2024021102,20242025,2025-03-20,2,0,0.3703958151613089,0.2870442570478809,0.412005570810815,0.2816314529754687,0.41755042169764295
2024021103,20242025,2025-03-21,2,1,0.5310459775884341,0.5600384153198291,0.5490284234001465,0.5318848571348741,0.5122246522302819
2024021104,20242025,2025-03-22,2,1,0.6136045836272058,0.5996546012524162,0.5692858507777823,0.6209637047253067,0.6505641953785285
2024021105,20242025,2025-03-22,2,1,0.6745797975573892,0.7502211533591171,0.7101782681562441,0.6748658815960661,0.6386952429198574
2024021106,20242025,2025-03-22,2,1,0.5265253142269598,0.6343173485741382,0.5234341499427148,0.520138301646742,0.5360034910914228
2024021107,20242025,2025-03-22,2,1,0.7562926862275597,0.7317587681311968,0.7319320668659104,0.7233890031370863,0.8135569886796825
2024021108,20242025,2025-03-22,2,0,0.5351263265592259,0.5887862791523933,0.534120696107013,0.5260474845135437,0.5452107990571208
2024021109,20242025,2025-03-22,2,1,0.4848146110467278,0.5065881915201156,0.5122406050944063,0.45343073909890313,0.48877248894687403
2024021110,20242025,2025-03-22,2,1,0.519236354209788,0.5558324143221288,0.5553176345777601,0.4969689472716356,0.5054224807799683
2024021111,20242025,2025-03-22,2,1,0.4469802700737744,0.4728724863590349,0.46152801112967795,0.4476705803043835,0.43174221878726177
2024021112,20242025,2025-03-22,2,0,0.3842398691779351,0.4370183584291521,0.4132372827682971,0.33634213695446824,0.40314018781104005
2024021113,20242025,2025-03-22,2,0,0.5459728030510665,0.585697921860472,0.5557336911453474,0.5324817622355695,0.5497029557722828
2024021114,20242025,2025-03-22,2,1,0.5046593443315482,0.452949194273765,0.5425060657925811,0.46301716863972686,0.5084547985623366
2024021115,20242025,2025-03-22,2,1,0.5736747550344298,0.6591402862798003,0.5462812258683112,0.5993762407096767,0.5753667985253017
2024021116,20242025,2025-03-22,2,1,0.6742338517208681,0.6968517622205682,0.6616803460819008,0.6993367053098816,0.6616845037708221
2024021117,20242025,2025-03-22,2,1,0.4825069676097118,0.3866023638396857,0.4816389626702352,0.4508701319608903,0.51501180819801
2024021118,20242025,2025-03-23,2,1,0.40432927161366267,0.4964579696185103,0.39267512459997667,0.4264905814247985,0.3938221088162128
2024021119,20242025,2025-03-23,2,0,0.7239483170834116,0.736894416963749,0.7283025082321238,0.7299559091067841,0.7135865339113266
2024021120,20242025,2025-03-23,2,1,0.6574971536412875,0.7084794566355476,0.6572748087454413,0.6455304020993744,0.6696862500790468
2024021121,20242025,2025-03-23,2,1,0.5878226211818625,0.6400878024888031,0.5958806058713434,0.559472056285574,0.60811520138867
2024021122,20242025,2025-03-23,2,1,0.4983085564170581,0.5612561503440707,0.5422908607708844,0.4685601882923209,0.48407462018796904
2024021123,20242025,2025-03-23,2,0,0.3828727722805365,0.3931965692896179,0.40196017247176447,0.3326742681452972,0.41398387622454785
2024021124,20242025,2025-03-23,2,1,0.6128760338266148,0.6359462175159948,0.6092335576531089,0.6164761856875342,0.6129183581392016
2024021125,20242025,2025-03-24,2,0,0.5192645230809149,0.5941795585443433,0.5291594897474817,0.49869475766117605,0.5299393218340869
2024021126,20242025,2025-03-24,2,0,0.575028925863231,0.6078532600799029,0.5705718326350921,0.5709999695348633,0.5835149754197373
2024021127,20242025,2025-03-24,2,1,0.5855141682882546,0.6646242606159166,0.5514191286315185,0.6291665059413005,0.575956870291945
2024021128,20242025,2025-03-24,2,0,0.5665487200493629,0.595204357043051,0.5502226472411796,0.5501289106759162,0.5992946022309925
2024021129,20242025,2025-03-25,2,1,0.4311080483037888,0.5139141852560076,0.4426883968684759,0.44484563645309266,0.4057901115897978
2024021130,20242025,2025-03-25,2,1,0.6011642299629182,0.7076941648820232,0.6687905501719532,0.5712203353018419,0.5634818044149597
2024021131,20242025,2025-03-25,2,1,0.7210379698849416,0.6918367340170346,0.6977635007783404,0.7369122277793311,0.7284381810971535
2024021132,20242025,2025-03-25,2,0,0.6476975899339728,0.714820734176972,0.6459053108726706,0.6549446177349488,0.642242841194299
2024021133,20242025,2025-03-25,2,1,0.6106716176323131,0.6332584261506801,0.5974329827337573,0.6116818615117247,0.6229000086514576
2024021134,20242025,2025-03-25,2,0,0.4377640337988868,0.5101046415085254,0.48304712914207265,0.371160613429662,0.45908435882492565
2024021135,20242025,2025-03-25,2,1,0.601658460030838,0.5963647821860791,0.5623212621719796,0.6138139000975246,0.62884021782301
2024021136,20242025,2025-03-25,2,1,0.7287484519391478,0.6860056554077122,0.7066476931170884,0.7251068651511943,0.7544907975491607
2024021137,20242025,2025-03-25,2,1,0.5214999419107366,0.5968524369722268,0.49599446929880475,0.5418118334027606,0.5266935230306445
2024021138,20242025,2025-03-25,2,1,0.6216373787257451,0.5939357432810142,0.6284513868286203,0.6322372123795801,0.604223536969035
2024021139,20242025,2025-03-26,2,0,0.520946816763668,0.5564179783035559,0.5207385536891218,0.48717473056775246,0.5549271660341297
2024021140,20242025,2025-03-26,2,0,0.36091764314264085,0.4034603321850155,0.3901760492640326,0.3251611632341797,0.3674157169297103
2024021141,20242025,2025-03-26,2,0,0.5763037547049583,0.5412583943630281,0.5533034225239716,0.587550217404221,0.5880576241866824
2024021142,20242025,2025-03-26,2,1,0.45893087050456427,0.5090034555104325,0.4309568508022572,0.45720625572717205,0.48862950498426355
2024021143,20242025,2025-03-27,2,1,0.6019740363647762,0.5846040306005655,0.598057537293786,0.565285873298379,0.6425786985021634
2024021144,20242025,2025-03-27,2,0,0.5149264395956439,0.5401037139222534,0.5014306862248369,0.524242400509582,0.5191062320525127
2024021145,20242025,2025-03-27,2,1,0.6147304198360194,0.6624798908920962,0.6002998674681036,0.623106415378589,0.6207849766613658
2024021146,20242025,2025-03-27,2,1,0.5567786152729944,0.5165540416449832,0.547135878504644,0.5570874956773418,0.5661124716369977
2024021147,20242025,2025-03-27,2,0,0.49322633017486966,0.4936492747502723,0.5076958934760738,0.47706228709828025,0.49492080995025506
2024021148,20242025,2025-03-27,2,1,0.45839830604540815,0.4867887792704483,0.48223077785018326,0.45646467525768514,0.4364994650283559
2024021149,20242025,2025-03-27,2,1,0.5957971267876412,0.6180165427272346,0.5714610031963744,0.5962961970730225,0.6196341800935266
2024021150,20242025,2025-03-27,2,0,0.5156219748171301,0.4268462571127864,0.5066247018512204,0.5313177488024518,0.5089234737977183
2024021151,20242025,2025-03-27,2,1,0.41096772903191575,0.4333898836900861,0.40416014634870756,0.41718240819959607,0.4115606325474436
2024021152,20242025,2025-03-27,2,1,0.44408799082960476,0.3283541983440284,0.4981025292629904,0.36045807225133225,0.4737033709744917
2024021153,20242025,2025-03-28,2,1,0.6115752835212089,0.6844285168184641,0.6265836664917225,0.6244466354730088,0.5836955485988955
2024021154,20242025,2025-03-28,2,1,0.7351378499794573,0.703239625893793,0.7158656415508695,0.75101878737626,0.738529121011242
2024021155,20242025,2025-03-28,2,1,0.48612984505314244,0.5202631254360607,0.46443022990170535,0.4842028430499867,0.5097564622077354
2024021156,20242025,2025-03-28,2,1,0.6548238689086382,0.6710613232188118,0.6390722352559759,0.6636277799685512,0.6617715915013873
2024021157,20242025,2025-03-28,2,0,0.34691677775631974,0.3331096346996524,0.38952021539209913,0.2912500382964044,0.35998007958045564
2024021158,20242025,2025-03-28,2,1,0.417075947020074,0.4650094935160713,0.40616841266011233,0.4319484698135389,0.41311095858657076
2024021159,20242025,2025-03-29,2,1,0.5485536188719021,0.5157548135608511,0.5470889260640877,0.5420124986417257,0.556559431909893
2024021160,20242025,2025-03-29,2,1,0.6469505099380287,0.6771492424883108,0.6514347860994795,0.6602613575021192,0.6291553862124875
2024021161,20242025,2025-03-29,2,0,0.6195698423344013,0.6446147736075165,0.5779783536768995,0.6505929068317324,0.6301382664945718
2024021162,20242025,2025-03-29,2,0,0.5608067139584432,0.571801336643925,0.5467778826265784,0.5555843715309264,0.5800578877178246
2024021163,20242025,2025-03-29,2,0,0.4755199985582505,0.4349930502737301,0.48561259503743276,0.46064998664173473,0.48029741399558407
2024021164,20242025,2025-03-29,2,1,0.5828035355638231,0.6235056564415132,0.5909448268114096,0.6020534163598376,0.5554123635202223
2024021165,20242025,2025-03-29,2,0,0.609872068866682,0.5709193738555961,0.6388567986337499,0.5887992707385769,0.6019601372277195
2024021166,20242025,2025-03-29,2,1,0.5819322683256133,0.5750727604735961,0.540425360125508,0.5822228803787871,0.623148564472545
2024021167,20242025,2025-03-29,2,1,0.6013265679914632,0.668613655469526,0.5567374934346021,0.6355745207627816,0.6116676897770059
2024021168,20242025,2025-03-29,2,0,0.4848765280909415,0.3650133553561506,0.4883965249718624,0.4649386814686487,0.5012943778323133
2024021169,20242025,2025-03-29,2,0,0.47786500494696443,0.4000054778931868,0.4836224739198994,0.45098483536861744,0.49898770555237665
2024021170,20242025,2025-03-30,2,0,0.671096943511526,0.7134184218989379,0.6648108111037299,0.6710863007032773,0.6773937187275706
2024021171,20242025,2025-03-30,2,0,0.7341555742119433,0.6923682591502947,0.7081356026298743,0.731727647917317,0.7626034720886388
2024021172,20242025,2025-03-30,2,1,0.6717929679739697,0.6880550761790772,0.6833455389133809,0.6678177370132147,0.6642156279953134
2024021173,20242025,2025-03-30,2,0,0.3500695210838792,0.4302120913060397,0.39456576682958433,0.31016126091547613,0.3454815355065771
2024021174,20242025,2025-03-30,2,1,0.47265886559334563,0.4948215881786122,0.467303073019623,0.5040606800540337,0.44661284370638005
2024021175,20242025,2025-03-30,2,1,0.7144999365464773,0.6886455585952134,0.7022953710912622,0.7187260862689916,0.722478352279178
2024021176,20242025,2025-03-30,2,0,0.4463016592348344,0.4358705546585533,0.4054990750589136,0.4609725480599161,0.47243335458567365
2024021177,20242025,2025-03-30,2,1,0.7254407434932381,0.7766649482511667,0.7407088468773142,0.7143307511211155,0.7212826324812847
2024021178,20242025,2025-03-31,2,1,0.6380548264701601,0.5863195055666445,0.6430586819489837,0.6339176810627818,0.6371881163987148
2024021179,20242025,2025-03-31,2,1,0.5318511145407433,0.5385556163731856,0.49820171274740016,0.5345670580633292,0.5627845728115005
2024021180,20242025,2025-03-31,2,0,0.6490951130738712,0.6959169632356768,0.635774929346962,0.6421668835254974,0.6693435263491544
2024021181,20242025,2025-03-31,2,0,0.4888014873025666,0.3889562763768091,0.4731593046998079,0.4660262031563989,0.527218954051493
2024021182,20242025,2025-04-01,2,0,0.39491261818208684,0.4606126459968764,0.37896273691485316,0.40691782502037094,0.39885729261103664
2024021183,20242025,2025-04-01,2,1,0.36003750955601727,0.4332353015486896,0.36948338167498207,0.35317632390923953,0.35745282308383
2024021184,20242025,2025-04-01,2,0,0.5486002992455116,0.6144848090127674,0.5616427484022369,0.5192950824039682,0.5648630669303294
2024021185,20242025,2025-04-01,2,1,0.6263982280692347,0.5832250492233871,0.6169575695143631,0.6460146284985866,0.6162224861947548
2024021186,20242025,2025-04-01,2,0,0.4431431636902097,0.4490654143040238,0.4593286445796184,0.4284743921938387,0.441626454297172
2024021187,20242025,2025-04-01,2,1,0.6153438689930847,0.6340714961921822,0.6274701468879348,0.5859518604398024,0.632609599651517
2024021188,20242025,2025-04-01,2,1,0.6072359679146415,0.5765676812875736,0.6123028315526275,0.605095850145137,0.6043092220461599
2024021189,20242025,2025-04-01,2,0,0.497686841606827,0.5829865173502777,0.5135041269363042,0.5033220350922479,0.476234362791929
2024021190,20242025,2025-04-01,2,1,0.6666196778386583,0.6806774315304297,0.6937792256127642,0.6070925357486953,0.6989872721545152
2024021191,20242025,2025-04-01,2,1,0.5275963697207281,0.4911778964478644,0.5193406096260117,0.5053870280173803,0.5580614715187923
2024021192,20242025,2025-04-02,2,1,0.6152411865471462,0.5973234966040981,0.5903285165828043,0.6446414072619956,0.6107536357966388
2024021193,20242025,2025-04-02,2,1,0.6239269498952301,0.5924368575195333,0.6046654670430577,0.592500011633834,0.6746153710087986
2024021194,20242025,2025-04-02,2,1,0.46532031029584703,0.5441591679163984,0.48237263285495685,0.45456859024425006,0.4590197077883343
2024021195,20242025,2025-04-02,2,0,0.34852112221967385,0.3093220619727908,0.373721488865096,0.27488193575544734,0.39695994203847823
2024021196,20242025,2025-04-02,2,0,0.5668042317977914,0.6201548160415945,0.5711856369912648,0.5683440870919808,0.5608829713101283
2024021197,20242025,2025-04-03,2,1,0.5686644216999449,0.5690244698122673,0.570552964455511,0.5580098074839955,0.5774304931603281
2024021198,20242025,2025-04-03,2,1,0.4614845405800521,0.4762141448585305,0.47165177983258344,0.43548026998062267,0.4773215719269504
2024021199,20242025,2025-04-03,2,0,0.4622371599667779,0.428578400195151,0.42715496800239416,0.4802388793247259,0.4793176325732135
2024021200,20242025,2025-04-03,2,1,0.6710933980670686,0.6677196132324991,0.6535213665294504,0.6728790675623655,0.6868797601093899
2024021201,20242025,2025-04-03,2,1,0.6354747302420848,0.7516989079083338,0.6838722421561968,0.6130281817893326,0.6095237667807248
2024021202,20242025,2025-04-03,2,0,0.4664271977680258,0.5024053586031736,0.4523282369142758,0.47078875617095695,0.47616460021884466
2024021203,20242025,2025-04-03,2,1,0.6368079331984794,0.62015860585745,0.645693002403364,0.625891073908855,0.6388397232832189
2024021204,20242025,2025-04-03,2,0,0.5178070561589619,0.5357014692309752,0.5134838018415228,0.5130910211749872,0.5268463454603761
2024021205,20242025,2025-04-03,2,0,0.34283613190804535,0.300323478893147,0.3791363826842906,0.27968224679059095,0.36968976624925454
2024021206,20242025,2025-04-04,2,1,0.34760955786994313,0.4372588208949386,0.37270366543660044,0.3268034861518998,0.34332152202132904
2024021207,20242025,2025-04-04,2,1,0.7711925541938469,0.7812425942783388,0.7564749449887704,0.7771548321823942,0.779947885410376
2024021208,20242025,2025-04-04,2,1,0.6137446812263954,0.5351515923517987,0.5954114718611689,0.6282790679424671,0.61754350387555
2024021209,20242025,2025-04-05,2,1,0.5249039646949,0.5631055299078376,0.5148298056091678,0.5200010427317039,0.5398810457438281
2024021210,20242025,2025-04-05,2,1,0.39881302109194205,0.4897658409819602,0.4251734403973539,0.3935563929507943,0.377709229927678
2024021211,20242025,2025-04-05,2,0,0.6268610542961736,0.7531189058858038,0.6302054082285371,0.6408366706760886,0.6095410839838948
2024021212,20242025,2025-04-05,2,1,0.6534708226373672,0.6387530487690284,0.6753488128534758,0.6240665594008037,0.6609970956578222
2024021213,20242025,2025-04-05,2,1,0.5073701971195376,0.5478156832751794,0.51759309816506,0.5044670812284738,0.5000504119650788
2024021214,20242025,2025-04-05,2,1,0.38553692725490335,0.4279558350497358,0.3429584024993539,0.3655297754129856,0.4481226038523705
2024021215,20242025,2025-04-05,2,1,0.3856048431521038,0.4524218775380782,0.4186922870410456,0.35104731036600095,0.3870749320492648
2024021216,20242025,2025-04-05,2,1,0.5393896395897385,0.6758836291979616,0.601289015235906,0.5202505318404391,0.4966293716928704
2024021217,20242025,2025-04-05,2,1,0.5698245661692155,0.6193268250245939,0.5772384790319286,0.5672669427709458,0.5649682767047721
2024021218,20242025,2025-04-05,2,1,0.4428865138217859,0.5060263126277104,0.4358794557392482,0.439035039643701,0.45374504608240857
2024021219,20242025,2025-04-05,2,1,0.4552795660187821,0.4222154908230258,0.43676101261350064,0.4393209719139937,0.4897567135288521
2024021220,20242025,2025-04-05,2,0,0.4581229942868907,0.4701216968832849,0.46893429964352445,0.46004579604615836,0.4453888871709893
2024021221,20242025,2025-04-05,2,0,0.4123589403683308,0.4133484392888787,0.4254600702765923,0.3908067975142793,0.42080995331412085
2024021222,20242025,2025-04-06,2,1,0.43510170370445733,0.4636020940884863,0.4273700228941494,0.44406288836182284,0.4338721998573999
2024021223,20242025,2025-04-06,2,1,0.5001988759233068,0.431082887228532,0.45616525317570616,0.524100803709273,0.520330570884941
2024021224,20242025,2025-04-06,2,1,0.47792378384156836,0.6315689956869286,0.5042850392361278,0.4811542254783074,0.4483320868102697
2024021225,20242025,2025-04-06,2,1,0.4421390362606871,0.469818756134001,0.47081150182235226,0.43170463852524826,0.4239009684344607
2024021226,20242025,2025-04-06,2,1,0.5845199905174745,0.5838545741424831,0.6053827233150354,0.546593449544757,0.6015837986926311
2024021227,20242025,2025-04-06,2,1,0.47723166076178547,0.4505937166046462,0.4675257735027744,0.457510551396077,0.506658657386505
2024021228,20242025,2025-04-06,2,0,0.559473091465781,0.5371689155196341,0.5297486042556321,0.5976980080891078,0.5509726620526031
2024021229,20242025,2025-04-06,2,0,0.4004354807234047,0.4822509638232404,0.3963692907834645,0.40503321861670744,0.399903932770042
2024021230,20242025,2025-04-07,2,0,0.5053618539632593,0.5070827042320732,0.489888918417409,0.49295008893873554,0.5332465545336331
2024021231,20242025,2025-04-07,2,1,0.6385319134526298,0.6440855504647057,0.5966713777733252,0.6561608169705818,0.6627635456139824
2024021232,20242025,2025-04-07,2,1,0.384651581846884,0.405127470102965,0.38390585867196503,0.38626843794138094,0.3837804489273061
2024021233,20242025,2025-04-07,2,0,0.648054444396445,0.6687845499284204,0.645961234632362,0.6335809047343363,0.6646211938226366
2024021234,20242025,2025-04-07,2,0,0.3813892529023873,0.3920809150977385,0.37746250376342627,0.36206514064738476,0.40464011429635094
2024021235,20242025,2025-04-08,2,1,0.3128098768253685,0.4631317324750487,0.3510123234743827,0.28439664169385714,0.30302066530786553
2024021236,20242025,2025-04-08,2,1,0.5624184379913977,0.5608866414459666,0.5846558715420818,0.5493951417813506,0.5532043006507605
2024021237,20242025,2025-04-08,2,1,0.6387203602915641,0.5772875007468067,0.621223984576827,0.6625830179675319,0.6323540783303334
2024021238,20242025,2025-04-08,2,0,0.6443403032487094,0.6377285084897063,0.6262393188400721,0.6589829760768767,0.6477986148291794
2024021239,20242025,2025-04-08,2,1,0.5499303978479251,0.4986364356078344,0.5206984704286275,0.5838471588778346,0.5452455642373134
2024021240,20242025,2025-04-08,2,1,0.6701371969781734,0.6736992222327984,0.6851496728256694,0.6432542009357706,0.6820077171730803
2024021241,20242025,2025-04-08,2,1,0.5202052762852559,0.5262838766186059,0.5298267546128268,0.5081750572582372,0.5226140169847039
2024021242,20242025,2025-04-08,2,0,0.5748936850877598,0.7012968662724056,0.6020385889858083,0.5668602968557597,0.5557821694217113
2024021243,20242025,2025-04-08,2,1,0.638314100625063,0.5911146715878893,0.6178715472976709,0.6294164889989157,0.6676542655786024
2024021244,20242025,2025-04-08,2,1,0.5812347160064594,0.5916130086461017,0.5887670831744359,0.5491239878611793,0.605813076983763
2024021245,20242025,2025-04-09,2,0,0.6789735891683342,0.6014827431738495,0.6372807978049687,0.706942428009491,0.6926975416905427
2024021246,20242025,2025-04-09,2,0,0.6448084199463174,0.6694684345847515,0.6514202140296421,0.6620839145808827,0.6209211312284274
2024021247,20242025,2025-04-09,2,1,0.737231716491762,0.7537468177952823,0.745796226065509,0.7296815640435786,0.7362173593661983
2024021248,20242025,2025-04-09,2,1,0.6061878650893795,0.6024088309652126,0.576242934890677,0.6084590685744458,0.6338615918030156
2024021249,20242025,2025-04-09,2,1,0.45017664900267856,0.5113869841055637,0.4185192802044314,0.4709075890072414,0.46110307779636284
2024021250,20242025,2025-04-10,2,0,0.6664910271535286,0.7035833155466311,0.6724617503023739,0.63924885826623,0.687762472891982
2024021251,20242025,2025-04-10,2,1,0.7071279491557494,0.6698817106643816,0.6951241297112124,0.7355354915249025,0.6907242262311335
2024021252,20242025,2025-04-10,2,1,0.4621010367518134,0.5555910640816527,0.46540922776112925,0.460151420488254,0.46074246200605684
2024021253,20242025,2025-04-10,2,1,0.4991225177858701,0.5321195753704204,0.48241163603453746,0.5285299607203431,0.48642595660272986
2024021254,20242025,2025-04-10,2,0,0.5274471798312831,0.5355547919658449,0.5408799702370047,0.5209225271660347,0.5205390420908099
2024021255,20242025,2025-04-10,2,0,0.48472024338789255,0.5696205192291779,0.4651905978997941,0.48735827955621874,0.5016118527076647
2024021256,20242025,2025-04-10,2,0,0.6958121638041971,0.6783346108930539,0.6964940606797323,0.6795792459788794,0.7113631847539796
2024021257,20242025,2025-04-10,2,0,0.5716113936538095,0.632971825774807,0.6050920826130233,0.5404169233097661,0.5693251750386392
2024021258,20242025,2025-04-10,2,1,0.678659196510695,0.6838599344324171,0.6893857937366972,0.6746165746849557,0.671975221110432
2024021259,20242025,2025-04-10,2,1,0.7471849573336419,0.702815627699613,0.7745097931365823,0.7231186550405531,0.7439264238237904
2024021260,20242025,2025-04-11,2,1,0.636148800377464,0.603938291041988,0.6289021236518184,0.6233965702069463,0.6561477072736273
2024021261,20242025,2025-04-11,2,0,0.7076225921945657,0.6836948104385997,0.6839296085467386,0.7272562472676238,0.7116819207693347
2024021262,20242025,2025-04-11,2,0,0.5960247926954776,0.6406083369773401,0.5594472696154418,0.6252156068864066,0.6034115015845845
2024021263,20242025,2025-04-11,2,1,0.7894055637332619,0.8096413538536018,0.777153288808921,0.8022604072372598,0.7888029951536046
2024021264,20242025,2025-04-11,2,1,0.5704310297779512,0.5460146265992117,0.5955515624289047,0.5642041596042998,0.5515373673006492
2024021265,20242025,2025-04-12,2,1,0.50404564093146,0.5325468148945577,0.47819251819662784,0.5125374817919449,0.521406922805807
2024021266,20242025,2025-04-12,2,1,0.6547523718062089,0.6328392320137907,0.6483775902290901,0.6363186425589777,0.679560882630559
2024021267,20242025,2025-04-12,2,1,0.4760046629039643,0.5395440082053088,0.4657715892259642,0.4712065347522527,0.4910358647336761
2024021268,20242025,2025-04-12,2,1,0.6921833330087758,0.6639811870454836,0.6518390514916249,0.7309206127005303,0.6937903348341723
2024021269,20242025,2025-04-12,2,1,0.691749915151484,0.6643450104952555,0.6567252123965925,0.7317167548863849,0.6868077781714744
2024021270,20242025,2025-04-12,2,1,0.3698498756497443,0.4541737672987287,0.36162721438632967,0.3837558565094785,0.36416655605342474
2024021271,20242025,2025-04-12,2,0,0.3410484093756774,0.2863373903510142,0.37896902842469765,0.24581724548530598,0.3983589542170285
2024021272,20242025,2025-04-12,2,0,0.5719806051409925,0.6877586066841967,0.5778960681491576,0.5993421574466405,0.5387035898271793
2024021273,20242025,2025-04-12,2,0,0.6140930825550114,0.5812417907837462,0.6193687767686921,0.6227625190428548,0.6001479518534875
2024021274,20242025,2025-04-12,2,1,0.6642945638907937,0.7074284202422527,0.6622687615621231,0.6620142804431008,0.668600649667157
2024021275,20242025,2025-04-12,2,1,0.4434174905384051,0.4909611195931074,0.4405725798732621,0.4564640012802922,0.43321589046166104
2024021276,20242025,2025-04-13,2,1,0.6464031633630737,0.656719908125622,0.6587962505466985,0.6452460324551776,0.635167207087345
2024021277,20242025,2025-04-13,2,0,0.6190463426606402,0.6219467262233093,0.6213825006080418,0.6422576547507783,0.5934988726231003
2024021278,20242025,2025-04-13,2,0,0.5618734061090837,0.5641884215946465,0.577328693637204,0.5311511558975773,0.5771403687924698
2024021279,20242025,2025-04-13,2,0,0.6238737139553101,0.5852506259928889,0.6063740188526568,0.6355897063267086,0.6296574166865647
2024021280,20242025,2025-04-13,2,1,0.6800828396290094,0.668103948478895,0.6356585990597265,0.7155637996116613,0.6890261202156402
2024021281,20242025,2025-04-13,2,0,0.6381596747904082,0.6634733976327045,0.6114911578232666,0.6859180304311026,0.6170698361168557
2024021282,20242025,2025-04-13,2,0,0.513385728102759,0.6269894342274965,0.5372639964381465,0.509523822720913,0.4933693651492174
2024021283,20242025,2025-04-13,2,1,0.7788375962538542,0.7417273088567636,0.766840493027196,0.773630501984137,0.7960417937502297
2024021284,20242025,2025-04-13,2,0,0.3555729510846277,0.3922726620116538,0.36517762238566726,0.3526537357768817,0.3488874950913342
2024021285,20242025,2025-04-14,2,0,0.6587176463348546,0.6959719227353,0.6653317371563744,0.6287671827088797,0.6820540191393096
2024021286,20242025,2025-04-14,2,1,0.4873462563263889,0.4401839731262116,0.47392207801261216,0.4615235597874604,0.526593131179094
2024021287,20242025,2025-04-14,2,0,0.6521165273676486,0.6431372718752141,0.6680612873192081,0.6531625785567152,0.6351257162270226
2024021288,20242025,2025-04-14,2,0,0.42194521412529706,0.5058351840185806,0.4383603629165158,0.4004843228503003,0.42699095660907516
2024021289,20242025,2025-04-14,2,0,0.5560227441294338,0.5894056252763129,0.589313043320491,0.5134983056131773,0.565256883454633
2024021290,20242025,2025-04-14,2,1,0.7484053274838215,0.7604384213185236,0.7333529389631004,0.7629030583124644,0.7489599851758997
2024021291,20242025,2025-04-15,2,0,0.4085960290476327,0.5337023769678343,0.3941664485903269,0.44080279093210495,0.3908188476204663
2024021292,20242025,2025-04-15,2,0,0.4521139980693703,0.4718645548268447,0.4389783733056298,0.4439868177902919,0.4733768031121893
2024021293,20242025,2025-04-15,2,0,0.7273921070086322,0.7310561649306924,0.7124401751395846,0.7340179132477621,0.7357182326385503
2024021294,20242025,2025-04-15,2,1,0.6076184879438431,0.5829771634130941,0.6099971371286992,0.5988396001740641,0.614018726528766
2024021295,20242025,2025-04-15,2,0,0.5228983672683164,0.5218713732960321,0.4985503848185631,0.5522778645816304,0.5178668524047559
2024021296,20242025,2025-04-15,2,0,0.4319307119629983,0.4825697285667126,0.4349485903922086,0.45179158369160816,0.4090519618051783
2024021297,20242025,2025-04-15,2,1,0.5954161573320115,0.6009927736774215,0.616313438474274,0.5815733113407331,0.5883617221810274
2024021298,20242025,2025-04-15,2,1,0.6622997556118242,0.654272681056453,0.6521249863178166,0.6443985755722732,0.6903757049453828
2024021299,20242025,2025-04-15,2,1,0.47997497900735137,0.4653414621867398,0.46248977597925484,0.47998924813044835,0.49744591291235096
2024021300,20242025,2025-04-15,2,0,0.45663296683148236,0.4553399557386285,0.4243980714499709,0.4777484841141937,0.4677523449302826
2024021301,20242025,2025-04-16,2,1,0.3619177578027373,0.4575998873114977,0.3804158059819208,0.33238279625318257,0.3729546711731087
2024021302,20242025,2025-04-16,2,1,0.7847765561218734,0.763233686002082,0.76956677286133,0.7955666903658837,0.7891962051384063
2024021303,20242025,2025-04-16,2,0,0.5484085262668702,0.5972264486102394,0.5678426425004526,0.5462672685929387,0.5311156677072191
2024021304,20242025,2025-04-16,2,1,0.4401480199118584,0.3967069517868415,0.4673939132205296,0.39455475541133245,0.45849539110371335
2024021305,20242025,2025-04-16,2,0,0.439567729851636,0.4892908638699371,0.44228958019912523,0.45202035479096925,0.42439325456481347
2024021306,20242025,2025-04-16,2,0,0.3136759356691057,0.2888595219673516,0.34081589048163646,0.22989461397032526,0.37031730255535533
2024020653,20242025,2025-04-17,2,0,0.6090271797490762,0.6639397649478014,0.5905807106762613,0.6351482959911484,0.6013525325798188
2024021307,20242025,2025-04-17,2,1,0.5788870002359072,0.6267492275327111,0.6310610069316187,0.5445732518523064,0.5610267419237965
2024021308,20242025,2025-04-17,2,1,0.625734356666841,0.6620045975059476,0.6381730102894551,0.6516795795081424,0.5873504802029254
2024021309,20242025,2025-04-17,2,1,0.4849306771585365,0.5113244346255271,0.4842730765855862,0.46688848539883726,0.5036304694911861
2024021310,20242025,2025-04-17,2,1,0.4454275465143502,0.4936265838549065,0.43709989236635133,0.45386047129445745,0.44532227588224177
2024021311,20242025,2025-04-17,2,1,0.38855409245069117,0.4599226811771248,0.40185447912540906,0.3834579030574713,0.38034989516919304
2024021312,20242025,2025-04-17,2,1,0.5140549347752953,0.5934461060657789,0.5249441183109634,0.4893974853639331,0.5278232006509891
2024030151,20242025,2025-04-19,3,1,0.5654246290208019,0.6538601948484518,0.5541920749596527,0.5688469678877759,0.5732348442149774
2024030161,20242025,2025-04-19,3,0,0.47488543664124744,0.5641642704219649,0.5026166004052233,0.47585476462911086,0.4461849448894082
2024030111,20242025,2025-04-20,3,1,0.514107991280298,0.6404981798711399,0.5431669009158855,0.504454861899579,0.4947022110254299
2024030141,20242025,2025-04-20,3,1,0.6103426602391832,0.6343431287731577,0.6160067436412586,0.6249453657619227,0.5900758713143682
2024030171,20242025,2025-04-20,3,1,0.6483899699184245,0.6565980729158604,0.6380315739294381,0.6621063397916115,0.6450319960342236
2024030131,20242025,2025-04-21,3,1,0.6583965502141241,0.6471347724418295,0.6291416283219242,0.6816381887618151,0.664409833558633
2024030152,20242025,2025-04-21,3,1,0.5682083958998064,0.6619547588278446,0.5488829703745519,0.5484134543900344,0.6073287629348328
2024030162,20242025,2025-04-21,3,1,0.462390098035564,0.5428539301129509,0.4501945341252622,0.49849289420611526,0.4384828657753146
2024030181,20242025,2025-04-21,3,1,0.522856524584422,0.5619781557254976,0.5129566590427752,0.5269251303467405,0.5286877843637501
2024030112,20242025,2025-04-22,3,1,0.47019650235663746,0.6522113137502489,0.5199664771272681,0.44133009574411003,0.4492929341985343
2024030121,20242025,2025-04-22,3,0,0.5087431504132042,0.5873842605452373,0.5117760698904897,0.5234150250319455,0.4910383563171775
2024030142,20242025,2025-04-22,3,1,0.632654458487015,0.6450449462015113,0.6380101361538832,0.6102800499450359,0.6496731893621257
2024030172,20242025,2025-04-22,3,0,0.616296283331125,0.6645902923764726,0.5985601077158842,0.623189818619496,0.6271389236579946
2024030132,20242025,2025-04-23,3,1,0.6034329710343286,0.6524420913574862,0.602346001443594,0.6002291553978225,0.6077237562615692
2024030163,20242025,2025-04-23,3,0,0.5887271688734844,0.5920621822766794,0.5741256855763803,0.6149181431435138,0.5771376779005589
2024030182,20242025,2025-04-23,3,1,0.5098498487588196,0.5693019601054319,0.5379391365535614,0.47606864440677377,0.5155417653161234
2024030113,20242025,2025-04-24,3,0,0.5656793523933631,0.4809908698672734,0.5438262737743351,0.5769872713129035,0.5762245120928507
2024030122,20242025,2025-04-24,3,0,0.5206326883525999,0.5652812982972675,0.5072188663092813,0.5297529128734435,0.5249262858750748
2024030153,20242025,2025-04-24,3,1,0.4550650539529253,0.4703854632784832,0.4506685185960969,0.4643298611177284,0.45019678214495057
2024030173,20242025,2025-04-24,3,1,0.41273140754220555,0.496399319849385,0.45209965273037944,0.4075683697563314,0.378526200139906
2024030133,20242025,2025-04-25,3,1,0.4839853225159036,0.4774460583445313,0.4704171481726456,0.5293971622844251,0.4521416570906399
2024030143,20242025,2025-04-25,3,1,0.4447009197068453,0.4853341100166479,0.43340546126650625,0.4748051277302156,0.42589217012381403
2024030183,20242025,2025-04-25,3,1,0.5771625770924663,0.5581678993422211,0.592611249223162,0.5621295565546746,0.5767469254995624
2024030114,20242025,2025-04-26,3,1,0.5521399032015597,0.472706129026567,0.5215559231742859,0.5549034495023047,0.5799603369280883
2024030123,20242025,2025-04-26,3,0,0.5279716333935868,0.5929886186345296,0.5559377464882148,0.48551798952567177,0.5424591641668737
2024030164,20242025,2025-04-26,3,1,0.622329840504703,0.5817623611944913,0.6138962817873442,0.6710212675795962,0.5820719721471684
2024030174,20242025,2025-04-26,3,0,0.38831872283862606,0.5131508987527,0.4046689191902393,0.37293767113288107,0.3873495781927578
2024030134,20242025,2025-04-27,3,0,0.508733065110294,0.4949288038377154,0.483874251068913,0.5443243015015378,0.49800064276043143
2024030144,20242025,2025-04-27,3,0,0.4722640059338083,0.4943161232440906,0.448473902732007,0.49273572135172256,0.47558239371769534
2024030154,20242025,2025-04-27,3,1,0.4362264486354892,0.4920730539698353,0.46322832480827036,0.4222653509854594,0.42318567011273783
2024030184,20242025,2025-04-27,3,1,0.5694981770924271,0.5723183108644494,0.5983960235474168,0.5550692269526657,0.5550292807771988
2024030124,20242025,2025-04-28,3,1,0.5778879181668017,0.5707095475305046,0.6216175559878011,0.5505062443313641,0.5615399541812401
2024030165,20242025,2025-04-28,3,1,0.4652978773867664,0.5460685528349167,0.47741795186394176,0.45125804629857885,0.4672176339977786
2024030115,20242025,2025-04-29,3,0,0.5049935169400576,0.6565472611042583,0.5302304643881743,0.5091061328699134,0.47564395356208494
2024030145,20242025,2025-04-29,3,1,0.6311215899442569,0.6601492161150404,0.6358481037597599,0.6289309266582833,0.628585739414728
2024030175,20242025,2025-04-29,3,1,0.6830953450989353,0.6361864437603763,0.6717590761902532,0.6879761411973371,0.6895508179092155
2024030185,20242025,2025-04-29,3,0,0.4669098102960465,0.5634868997283278,0.51407348706173,0.4375267802394032,0.4491291635870064
2024030125,20242025,2025-04-30,3,0,0.517429160357346,0.5609445338416341,0.5046642524034618,0.5343443067273825,0.5132789219411938
2024030135,20242025,2025-04-30,3,1,0.6245982660621007,0.6596204174704743,0.6278889518160465,0.6133687169923693,0.6325371293778864
2024030155,20242025,2025-04-30,3,1,0.6358675733668346,0.6297639576735595,0.6615974164285524,0.5962948559253556,0.6497104477465959
2024030116,20242025,2025-05-01,3,0,0.4915894213647864,0.5078930223084283,0.5123059054963611,0.464493314065016,0.497969044532982
2024030166,20242025,2025-05-01,3,1,0.6303896036696791,0.5803037334360034,0.6207885643761375,0.6537709744157434,0.6166092722171566
2024030176,20242025,2025-05-01,3,0,0.4417432757523779,0.498164294871024,0.4641766088590429,0.4046522301757569,0.4564009882223338
2024030186,20242025,2025-05-01,3,1,0.6209232010753456,0.5946909047377207,0.6219857712456126,0.6014264520298299,0.6393573799505944
2024030156,20242025,2025-05-02,3,1,0.394104375247808,0.5014110986154765,0.4639007639686366,0.36104786459400323,0.3573644971807842
2024030167,20242025,2025-05-03,3,1,0.4167789858074156,0.5491735532788409,0.44821807506722217,0.4068581469602738,0.39526073539475104
2024030157,20242025,2025-05-04,3,1,0.6158540322058998,0.6233431931494815,0.6251870648797428,0.5960862720552679,0.626288759682689
2024030211,20242025,2025-05-05,3,1,0.5194340473396033,0.5672099493346181,0.5217313949289453,0.5201175435069435,0.516453203582921
2024030221,20242025,2025-05-06,3,0,0.480079696808362,0.5496975002902932,0.45782455295824587,0.5012112978719774,0.4812032395948627
2024030241,20242025,2025-05-06,3,0,0.5572694153707517,0.5635357364732448,0.5293805949784709,0.5631817090938057,0.5792459420399784
2024030212,20242025,2025-05-07,3,1,0.5195799433586389,0.5744127753697471,0.5568441886382272,0.48737493194291015,0.5145207094947792
2024030231,20242025,2025-05-07,3,0,0.6481948880419507,0.5964940177399032,0.6403492461879375,0.6733777973046805,0.630857620633234
2024030222,20242025,2025-05-08,3,1,0.44073124674393666,0.540061996592508,0.4607209735624555,0.4833893763784127,0.3780833902909416
2024030242,20242025,2025-05-08,3,0,0.5223423879671587,0.5479636768758671,0.4919212444152626,0.5574815227559682,0.5176243967302454
2024030213,20242025,2025-05-09,3,1,0.6228963260947884,0.5614197275417859,0.6092760734278219,0.6456594134929337,0.6137534913636098
2024030232,20242025,2025-05-09,3,1,0.6536627751815511,0.5861340244488837,0.6437072803195694,0.6884410956790517,0.6288399495460325
2024030223,20242025,2025-05-10,3,1,0.652537372561128,0.5903380778879598,0.6247990088562414,0.6779139571857626,0.65489915164138
2024030243,20242025,2025-05-10,3,0,0.5607285570526613,0.6039402533264914,0.5699472556391234,0.5408864306642887,0.5713519848545717
2024030214,20242025,2025-05-11,3,1,0.6309047604229109,0.5687564034640255,0.6241375077479474,0.6402733217718853,0.6283034517488998
2024030233,20242025,2025-05-11,3,1,0.451087858311438,0.5417846604382017,0.4680237638685898,0.4567742273029673,0.4284655837627568
2024030224,20242025,2025-05-12,3,1,0.666813349602053,0.6046260823021893,0.6582616806016399,0.6839784460703169,0.6581999221342022
2024030244,20242025,2025-05-12,3,1,0.5843963468701087,0.5934835313921772,0.6003970146876247,0.5869412683526883,0.5658507575700131
2024030234,20242025,2025-05-13,3,1,0.47223178388789294,0.5566510188678204,0.5203412418777965,0.4432759869566191,0.4530781228292633
2024030215,20242025,2025-05-14,3,0,0.48254154940237454,0.5628469974835351,0.5256644650315435,0.46256102286222284,0.4593991603133571
2024030245,20242025,2025-05-14,3,0,0.5270039862248491,0.5361635316570472,0.5134646446505777,0.5369863846631965,0.5305609293607731
2024030225,20242025,2025-05-15,3,0,0.4055111845712081,0.5250146363838852,0.43380652092589433,0.4348417293975769,0.34788530339015306
2024030235,20242025,2025-05-15,3,1,0.6437933070435538,0.5745483916020677,0.6173998290924692,0.6630793861814007,0.6509007058567914
2024030216,20242025,2025-05-16,3,0,0.6286778969741086,0.6026053643046407,0.6368100308571405,0.6359824547982897,0.6132412052668954
2024030236,20242025,2025-05-17,3,1,0.40968845201788645,0.5530933097030445,0.4785066543271773,0.449005242518168,0.3015534592083139
2024030217,20242025,2025-05-18,3,0,0.45880017554213454,0.5566845812236422,0.5138448816981526,0.47070258335297244,0.39185306157527877
2024030311,20242025,2025-05-20,3,0,0.5299382774603422,0.5617753835698436,0.518944388241332,0.565266037002582,0.5056044071371124
2024030321,20242025,2025-05-21,3,1,0.48568916855980127,0.5571192503732779,0.5067292160094794,0.45344294668283297,0.49689534298709154
2024030312,20242025,2025-05-22,3,0,0.5601634180754815,0.5429180903345688,0.5678127682021762,0.6043884954457224,0.5082889905785463
2024030322,20242025,2025-05-23,3,0,0.5005899265968702,0.571315920451533,0.5281549953762836,0.42222257088718806,0.5513922135271391
2024030313,20242025,2025-05-24,3,1,0.5081275725574148,0.6208197836870846,0.5404659691874765,0.47776849804439636,0.5061482504403717
2024030323,20242025,2025-05-25,3,1,0.6396335115489874,0.5905539708170933,0.5924633953119143,0.6521103604516589,0.6743267788833889
2024030314,20242025,2025-05-26,3,0,0.5192086573093367,0.6335443209785299,0.5505901489370733,0.49230690526678444,0.5147289177241526
2024030324,20242025,2025-05-27,3,1,0.6041304404889188,0.6060530508491311,0.6097268213239797,0.5910314836267635,0.6116330165160134
2024030315,20242025,2025-05-28,3,0,0.5822357035004302,0.5290918704409823,0.6140325337404844,0.5945058429933872,0.538168733767419
2024030325,20242025,2025-05-29,3,0,0.5810459949537848,0.5235767316833608,0.5737331055044913,0.5527281828740642,0.616676696482799
2024030411,20242025,2025-06-04,3,1,0.48405998614454243,0.5733649481523427,0.5375352862792134,0.49421596974581505,0.4204287024085986
2024030412,20242025,2025-06-06,3,0,0.47049890176798503,0.5804246091078745,0.5473797092476105,0.473046419004366,0.39107057705197873
2024030413,20242025,2025-06-09,3,1,0.54847956442036,0.572633764283471,0.5932129909073156,0.5423606801544532,0.5098650221993113
2024030414,20242025,2025-06-12,3,0,0.527380053012104,0.5891210661627596,0.5645578048998187,0.4980536631647323,0.5195286909717608
2024030415,20242025,2025-06-14,3,0,0.5251323563625179,0.5640319223549426,0.5590375740943857,0.5296706912025662,0.48668880379060175
2024030416,20242025,2025-06-17,3,1,0.5298027563851591,0.5974247536959525,0.5342999129506864,0.5175320072751789,0.537576348929612
2025020001,20252026,2025-10-07,2,1,0.7125319100049881,0.7626608268884416,0.6995209105092716,0.7269744877683242,0.7111003317373682
2025020002,20252026,2025-10-07,2,0,0.579199643294955,0.6217525180163043,0.5753014464114495,0.5577551172811078,0.6045423661923075
2025020003,20252026,2025-10-07,2,0,0.41964728278710606,0.542651566489014,0.4876510872483687,0.39741046391927587,0.37388029719367377
2025020004,20252026,2025-10-08,2,1,0.6085759110280431,0.6496229945274882,0.5651873208696778,0.6198591049807577,0.6406813072336937
2025020005,20252026,2025-10-08,2,0,0.585253944348187,0.6242058238355624,0.5677717553015919,0.5767210565529678,0.6112690211900015
2025020006,20252026,2025-10-08,2,0,0.5873371898965626,0.6523132858413178,0.5568038902613911,0.6136843680761088,0.5915233113521875
2025020007,20252026,2025-10-08,2,0,0.654823255869683,0.5840836728892723,0.6292116206528836,0.7038027003364352,0.6314554466197301
2025020008,20252026,2025-10-09,2,1,0.626266377401834,0.6582562979459585,0.6343717748734153,0.6252002999829288,0.619227057349158
2025020009,20252026,2025-10-09,2,0,0.5274453465445773,0.5446903419184507,0.48351065844915103,0.5925192403457902,0.5063061408387908
2025020010,20252026,2025-10-09,2,0,0.6347477026985148,0.5969976801476267,0.5631239826879191,0.744358126498162,0.5967609989094633
2025020011,20252026,2025-10-09,2,0,0.5922949082794152,0.60709094595466,0.5878509314672214,0.592063968307458,0.5969698250635663
2025020012,20252026,2025-10-09,2,1,0.634744724362213,0.7275369717530048,0.6241983749862762,0.6712657278179348,0.6087700702824279
2025020013,20252026,2025-10-09,2,1,0.5451164770591029,0.5808856698421815,0.6065225292257534,0.51199239479264,0.516834507158915
2025020014,20252026,2025-10-09,2,1,0.6909885707562141,0.6353378617725594,0.6618623916802412,0.6982923036754983,0.7128110169129026
2025020015,20252026,2025-10-09,2,0,0.6124287638823791,0.6070986448686898,0.5957444852665366,0.5780058687501698,0.6635359376304312
2025020016,20252026,2025-10-09,2,1,0.5317877616598019,0.5362585806030802,0.528126414253633,0.5215242417123737,0.5457126290133991
2025020017,20252026,2025-10-09,2,0,0.5777376056219107,0.5964177354303218,0.5477653975227814,0.5929058448784861,0.5925415744644644
2025020018,20252026,2025-10-09,2,1,0.5921080066759872,0.6458567100388845,0.6009833450994536,0.6035633632621508,0.5717773116663571
2025020019,20252026,2025-10-09,2,1,0.5681368150150202,0.5664009178467063,0.5907353045347634,0.6065430698845506,0.5071320706257466
2025020020,20252026,2025-10-09,2,0,0.46091559138130034,0.3756602582607422,0.4350636623541253,0.49993329133162573,0.4477498204581499
2025020021,20252026,2025-10-09,2,1,0.6532380496684116,0.6075756224436798,0.6372722644849754,0.6401885330297191,0.6822533514905402
2025020022,20252026,2025-10-11,2,1,0.6408496330974377,0.604010008159983,0.6514712812753002,0.6283011319177287,0.642776486099284
2025020023,20252026,2025-10-11,2,0,0.5022933128554302,0.5375612912577257,0.4977053270881401,0.5025505995256192,0.5066240119525313
2025020024,20252026,2025-10-11,2,1,0.5638656872844143,0.5805909808728786,0.5456210226545334,0.5836268290706186,0.5623492101280909
2025020025,20252026,2025-10-11,2,1,0.5312494747672979,0.497767687431481,0.5376404299273757,0.47494702236577085,0.5811609720087472
2025020026,20252026,2025-10-11,2,0,0.661335563001757,0.6271304277110358,0.6354537546787945,0.684389003159983,0.6641639311664934
2025020027,20252026,2025-10-11,2,1,0.587811638537706,0.6655770648602013,0.579052868332504,0.6058528240652793,0.578529223215335
2025020028,20252026,2025-10-11,2,0,0.6050130055050231,0.5121381063484565,0.6018883867372569,0.5829501715252134,0.6302004582525991
2025020029,20252026,2025-10-11,2,0,0.5277260538786887,0.5314406443288029,0.548133074929657,0.5067840476047999,0.5282610391016093
2025020030,20252026,2025-10-11,2,1,0.7220710239911733,0.6857336811489714,0.7085873460370725,0.7336831511464357,0.7239425747900118
2025020031,20252026,2025-10-11,2,0,0.392461580254575,0.4843592942774491,0.3691336842428751,0.37597908806950336,0.4322719684513465
2025020032,20252026,2025-10-11,2,0,0.4078343766764299,0.531476243911283,0.4385918049806099,0.3842839288514241,0.4006273961972557
2025020033,20252026,2025-10-11,2,0,0.6147108505173019,0.5970882140617,0.5596453352017079,0.6636419840471915,0.6208452323030061
2025020034,20252026,2025-10-11,2,0,0.6113703572170747,0.5962568115526522,0.5756369119796969,0.634361094671412,0.624113065000115
2025020035,20252026,2025-10-11,2,1,0.6226599109533397,0.6424923223936343,0.6181093691400132,0.5816162287568946,0.6682541349631113
2025020036,20252026,2025-10-11,2,0,0.5194691736108129,0.4833683591006892,0.527686365124953,0.4824240910062719,0.5482970647012141
2025020037,20252026,2025-10-11,2,1,0.5216908109747304,0.5022007524006352,0.5316782200343833,0.5461599647751406,0.487234248114667
2025020038,20252026,2025-10-12,2,0,0.6269113991770553,0.5705478335411663,0.6354477257833181,0.6130539024809458,0.6322325692669022
2025020039,20252026,2025-10-13,2,0,0.4242608070197855,0.4653825025005633,0.4404820546462482,0.40027329966714426,0.43202706674596403
2025020040,20252026,2025-10-13,2,0,0.5108964700644867,0.525188543101969,0.4698388829622213,0.5799808393944031,0.4828696878368355
2025020041,20252026,2025-10-13,2,0,0.6301546423954446,0.6248907080615711,0.6086965402014882,0.6225272818233041,0.6592401051615415
2025020042,20252026,2025-10-13,2,0,0.470461406827956,0.4536600389531974,0.4891054465268799,0.4212834416479702,0.5009953323090178
2025020043,20252026,2025-10-13,2,0,0.47819016893305005,0.6297468899910869,0.516554516822537,0.5248046498732785,0.39321134010333475
2025020044,20252026,2025-10-13,2,1,0.37834015234638896,0.38993334702998,0.411162739709248,0.31752003196051437,0.40633768536940457
2025020045,20252026,2025-10-13,2,0,0.5523728992047088,0.5750187540576748,0.549623500648975,0.5339078724162661,0.5735873245488852
2025020046,20252026,2025-10-13,2,0,0.4871728526391701,0.535399679040109,0.5011445891487053,0.47819749793381955,0.48217647083498544
2025020047,20252026,2025-10-13,2,1,0.550461793132636,0.5405766443763423,0.5333144876022416,0.5560792398284216,0.5619916519672451
2025020048,20252026,2025-10-13,2,1,0.364708363849308,0.4544208572037992,0.3740555590252222,0.34963112739321406,0.37043840512948767
2025020049,20252026,2025-10-14,2,1,0.5752411753848409,0.6504100534550069,0.5384878436874775,0.6191766693366317,0.5680590131304132
2025020050,20252026,2025-10-14,2,1,0.5854920321179323,0.5701329747701609,0.6271962994919559,0.5574488768060589,0.5718309200557822
2025020051,20252026,2025-10-14,2,0,0.44032322645634175,0.5137205278406977,0.4673700622444966,0.4382230835268911,0.41537653359763765
2025020052,20252026,2025-10-14,2,1,0.5873170919739313,0.5647560490559655,0.5608573273598066,0.6699114067647922,0.5311825417971954
2025020053,20252026,2025-10-14,2,0,0.5201946495186426,0.5186551854578599,0.4999481290014807,0.5231633975196451,0.5374724220348017
2025020054,20252026,2025-10-14,2,1,0.6931633233767777,0.6210683536939308,0.6734112911057238,0.680716592657963,0.7253620863666465
2025020055,20252026,2025-10-14,2,0,0.36014563025351637,0.3527972242933715,0.36754227416141705,0.21848700310895855,0.4944076134901735
2025020056,20252026,2025-10-14,2,1,0.46841869980655987,0.5368925584873726,0.467836512508106,0.459565242011178,0.47785434490039563
2025020057,20252026,2025-10-15,2,1,0.46266678819336643,0.5361069424347239,0.44264711073769974,0.4676031814681546,0.4777500723742449
2025020058,20252026,2025-10-15,2,1,0.46431925846404054,0.4555856167489698,0.4993631215658583,0.4180998281034129,0.4754948257228504
2025020059,20252026,2025-10-15,2,0,0.7150510293538858,0.7105747265629505,0.6964724039061136,0.6964398155118391,0.7522408686437043
2025020060,20252026,2025-10-15,2,1,0.6668074198676192,0.5832768985215582,0.6192788185929716,0.6834934560690484,0.6976499849408372
2025020061,20252026,2025-10-16,2,1,0.5402898741605481,0.6034229171898922,0.5452727909872662,0.5829912802414904,0.49260555125288746
2025020062,20252026,2025-10-16,2,1,0.5668664585546193,0.5940146204045441,0.5813777420197223,0.5557913957439221,0.5634302379002133
2025020063,20252026,2025-10-16,2,1,0.5591610822788347,0.5881453198286944,0.5996788022244577,0.5082053374858205,0.5695991071262256
2025020064,20252026,2025-10-16,2,1,0.5122334272601498,0.4642793762848319,0.5052021396170865,0.5261056265028394,0.5053925156605235
2025020065,20252026,2025-10-16,2,1,0.4680778470322069,0.4364004388054315,0.46441010403620553,0.4666250397497653,0.4731983973106499
2025020066,20252026,2025-10-16,2,0,0.4198179049257029,0.4347888490350945,0.4304674974534399,0.42867835633707024,0.40030786098659865
2025020067,20252026,2025-10-16,2,0,0.41045634968593553,0.481203482757347,0.4092342683477625,0.4331909089224319,0.38894387178761236
2025020068,20252026,2025-10-16,2,0,0.6307355532737858,0.6407716614450492,0.6281658031406584,0.6533581666414174,0.6106826900392817
2025020069,20252026,2025-10-16,2,1,0.600900623061756,0.6323746663389631,0.5571832415061841,0.6935795445700217,0.551939083109062
2025020070,20252026,2025-10-16,2,0,0.45055686162420344,0.4420057620352183,0.45558655750622085,0.35250730440604977,0.5435767229603395
2025020071,20252026,2025-10-16,2,0,0.5470359983077618,0.6357890999856811,0.546146506757532,0.5423891162920933,0.55257237187366
2025020072,20252026,2025-10-17,2,1,0.5433583680218558,0.5375506818293964,0.4981468463833491,0.5714098306288939,0.5605184270533241
2025020073,20252026,2025-10-17,2,1,0.5733390149378335,0.6020560587376671,0.5854164287946212,0.5538881467949422,0.5807124692239369
2025020074,20252026,2025-10-17,2,0,0.48965271308146047,0.4754019405708148,0.4696455857059378,0.5319235241783766,0.4673890293600669
2025020075,20252026,2025-10-17,2,1,0.7760413883681309,0.7218013931573511,0.7105988933405263,0.8106421370170489,0.8068831347468175
2025020076,20252026,2025-10-18,2,1,0.39005594552613737,0.4467024114748134,0.4259134460540397,0.3663087815262028,0.3779456089981697
2025020077,20252026,2025-10-18,2,0,0.5461497350845251,0.6097091772902135,0.5685277702147622,0.5068912498027252,0.5630301852360882
2025020078,20252026,2025-10-18,2,1,0.4861458524760713,0.4929756344851779,0.50094953296937,0.47237105152528297,0.4851169729335608
2025020079,20252026,2025-10-18,2,0,0.5832009179608032,0.6463563396824602,0.5841170875370542,0.5872322335394414,0.5782534328059142
2025020080,20252026,2025-10-18,2,0,0.5335810793568762,0.5413441019974364,0.5403934173598264,0.5143329434064227,0.5460168773043798
2025020081,20252026,2025-10-18,2,1,0.5729066487066835,0.5123272572395842,0.5734099766343409,0.5747437444053657,0.570566225080344
2025020082,20252026,2025-10-18,2,1,0.5335431979885267,0.5239086344277037,0.4930145958917282,0.5616767081179703,0.5459382899558816
2025020083,20252026,2025-10-18,2,1,0.5455870022649565,0.5449020537207482,0.5093520891118168,0.6051210189632544,0.522287898719798
2025020084,20252026,2025-10-18,2,1,0.6598971790467928,0.6928595525048354,0.6242478604379683,0.7001042542948366,0.6553394224075735
2025020085,20252026,2025-10-18,2,1,0.6835367015849827,0.6706813489707703,0.6470814671666338,0.7416012538871276,0.6619273837011868
2025020086,20252026,2025-10-18,2,0,0.4761630054744889,0.5246218934374332,0.43325490429255936,0.4599927187615764,0.535241393369331
2025020087,20252026,2025-10-18,2,1,0.6293364229739105,0.6397399907273194,0.6065656158785954,0.6693853714985746,0.6120582815445613
2025020088,20252026,2025-10-18,2,0,0.29658573888802925,0.4295892903315044,0.34354089608549365,0.2622791755125597,0.2839371450660345
2025020089,20252026,2025-10-19,2,0,0.6050099695010492,0.6083468942285936,0.624289325080667,0.6236216951402143,0.5671188882822665
2025020090,20252026,2025-10-19,2,1,0.5179100592744278,0.5017193009593127,0.5369413887577886,0.516322121829257,0.5004666672362379
2025020091,20252026,2025-10-19,2,1,0.4890902229457483,0.5398138059878073,0.48732029031513485,0.5027885619852972,0.47716181653681283
2025020092,20252026,2025-10-19,2,1,0.6540968632269202,0.5962000110450549,0.6234530143404725,0.6920700241405343,0.6467675511997538
2025020093,20252026,2025-10-20,2,0,0.6200453979887708,0.5949501216920559,0.6112237008022899,0.6084328303232928,0.6404796628407297
2025020094,20252026,2025-10-20,2,1,0.5238783079679413,0.5344514791247414,0.5128120970077713,0.5326402191158782,0.5261826077801743
2025020095,20252026,2025-10-20,2,1,0.5998173719442678,0.5723113389904356,0.6284280156810227,0.5503218767172572,0.6207022234345233
2025020096,20252026,2025-10-20,2,0,0.4922529136571577,0.4550151607451861,0.5024679577218092,0.48393040921055785,0.49036037403910604
2025020097,20252026,2025-10-20,2,1,0.5131068341839222,0.5512577980641676,0.4851317471093071,0.5332095965733162,0.5209791588691433
2025020098,20252026,2025-10-21,2,0,0.601467617865183,0.6111645910802422,0.5816377103719063,0.6418260370884883,0.5809391061351544
2025020099,20252026,2025-10-21,2,0,0.5085941815332199,0.4948537801683735,0.5235077604652302,0.4717822119682927,0.5304925721661368
2025020100,20252026,2025-10-21,2,1,0.7373958595856704,0.6974478799894002,0.7150029719497746,0.7400077894678573,0.7571768173393796
2025020101,20252026,2025-10-21,2,1,0.5509819920093594,0.5436678691606317,0.5386479001922179,0.5567410863651434,0.5575569894707169
2025020102,20252026,2025-10-21,2,1,0.6952979402836706,0.632308721445365,0.6571758192104814,0.7274653699054117,0.701252631735119
2025020103,20252026,2025-10-21,2,0,0.4445292395421541,0.4575914756698819,0.48622879874195424,0.4434791169409009,0.40387980294360737
2025020104,20252026,2025-10-21,2,0,0.627175508469358,0.584137683370125,0.6288934618996221,0.5924769582244358,0.6601561052840158
2025020105,20252026,2025-10-21,2,0,0.5684203102201771,0.5941070048354086,0.5645351860130999,0.5603639165156263,0.580361828131805
2025020106,20252026,2025-10-21,2,0,0.5982896979441844,0.6330703715595001,0.5790095107484093,0.6091418054206219,0.606717777663522
2025020107,20252026,2025-10-21,2,1,0.49725747184134095,0.4860161526000993,0.49008297996255185,0.4654575897597472,0.5362318458017237
2025020108,20252026,2025-10-22,2,1,0.553170057887133,0.5856347718461291,0.5956324255084392,0.5224937472377484,0.5413840009152112
2025020109,20252026,2025-10-22,2,1,0.47820484206186026,0.5365811890470016,0.4431788891598168,0.5429245541199936,0.44851108290577024
2025020110,20252026,2025-10-22,2,0,0.5384146227318855,0.5573567111017876,0.5240290702315037,0.5557026368023151,0.5355121611618376
2025020111,20252026,2025-10-23,2,0,0.6027547748167384,0.6061146603446368,0.588650224634434,0.6038114769807574,0.6158026228350238
2025020112,20252026,2025-10-23,2,1,0.5982924694350734,0.6114906621593013,0.6111688193851179,0.5555343739276678,0.6281742149924344
2025020113,20252026,2025-10-23,2,0,0.6710173043936772,0.6889254757762878,0.6562076459473569,0.6786218599043179,0.6782224073293569
2025020114,20252026,2025-10-23,2,0,0.6251348518341288,0.6721538209840692,0.5848934126240121,0.6514533555422533,0.6390577873361208
2025020115,20252026,2025-10-23,2,1,0.5393947626754308,0.5303621348834632,0.5090473264266304,0.5963929490459365,0.5127440125537257
2025020116,20252026,2025-10-23,2,0,0.7557257054662939,0.739490571484698,0.7295476917698553,0.7652335366320632,0.7723958879969635
2025020117,20252026,2025-10-23,2,0,0.5428469570061809,0.5920331998130961,0.5270446971112597,0.5585845985937977,0.5429115753134853
2025020118,20252026,2025-10-23,2,1,0.5215220762639134,0.515185710318636,0.4837229421206813,0.5490600570177437,0.5317832296533154
2025020119,20252026,2025-10-23,2,0,0.6038059553530201,0.5870599630488038,0.6132467583072924,0.5773905980760341,0.6207805096757336
2025020120,20252026,2025-10-23,2,0,0.6555541865541038,0.6880039758092933,0.6247303670828042,0.6816072759376728,0.6603249166418345
2025020121,20252026,2025-10-23,2,0,0.6186527568080793,0.5886421845518542,0.5819869831245168,0.6619695537839442,0.6120017335157768
2025020122,20252026,2025-10-23,2,1,0.6870641629012412,0.6511908654002077,0.6447985135886016,0.7385928143580577,0.6778011607570642
2025020123,20252026,2025-10-24,2,1,0.4633008348498407,0.5120735740525255,0.4781329190716097,0.461512351702462,0.4502572337754504
2025020124,20252026,2025-10-24,2,1,0.7701991263138503,0.7422191127113943,0.7239696920852892,0.7940608983361237,0.7925667885201382
2025020125,20252026,2025-10-24,2,0,0.478251845205857,0.5288139624955828,0.431742119818292,0.5450457860138028,0.45796762978547606
2025020126,20252026,2025-10-24,2,1,0.5700999811738646,0.6808288813106383,0.5901506548002565,0.5814034857234005,0.5387458029979366
2025020127,20252026,2025-10-25,2,1,0.531760274874004,0.5456029066289203,0.5275494641723987,0.5367244147588943,0.5310069456907189
2025020128,20252026,2025-10-25,2,1,0.45622299772973074,0.453043834944293,0.46910641046593304,0.42055450536570116,0.4790080773575579
2025020129,20252026,2025-10-25,2,1,0.6267873866869432,0.6482560841206231,0.5703617413035895,0.6565424969243698,0.6534579218328705
2025020130,20252026,2025-10-25,2,1,0.5874698001986928,0.5937761318725815,0.6161572563696702,0.5700713208341184,0.5761808233922898
2025020131,20252026,2025-10-25,2,0,0.4500603365634734,0.549415502248339,0.4363146413859185,0.4647926205880868,0.4490737477164149
2025020132,20252026,2025-10-25,2,1,0.5596366124635731,0.6188738835260077,0.5553423376117071,0.5628449860448047,0.5607225137342076
2025020133,20252026,2025-10-25,2,1,0.5307168716134255,0.5464945265464872,0.49578128389582055,0.5643576360973579,0.5320116948470981
2025020134,20252026,2025-10-25,2,0,0.5827081499318718,0.5748426618104832,0.5854304218080923,0.5730577820873392,0.589636245900184
2025020135,20252026,2025-10-25,2,0,0.5426080837833118,0.6265568191363982,0.513022176277597,0.5503218526515944,0.564480222420744
2025020136,20252026,2025-10-25,2,0,0.5390828683997885,0.5815935021413847,0.5389687887189184,0.5580110595947401,0.5202687568857068
2025020137,20252026,2025-10-25,2,1,0.4911714169714021,0.48815224448923,0.490960353693872,0.48019979062102,0.5023541065993143
2025020138,20252026,2025-10-25,2,1,0.5137528747837655,0.5348510419677934,0.4593487566896423,0.5525347044598776,0.5293751632017765
2025020139,20252026,2025-10-25,2,1,0.4518246484943445,0.4746136115656647,0.48984925828465903,0.4263931526267097,0.4392315345716648
2025020140,20252026,2025-10-26,2,1,0.48824709775434033,0.5148376567414787,0.49389465878724337,0.49142451189807157,0.4794221225777061
2025020141,20252026,2025-10-26,2,1,0.5038450444686061,0.5414431872009482,0.4729141718256605,0.5395720588302366,0.4990489027499211
2025020142,20252026,2025-10-26,2,0,0.6575165809196752,0.7177937324301666,0.6897787273174317,0.6086123682156594,0.6741586472259344
2025020143,20252026,2025-10-26,2,0,0.5844458914922892,0.6298098529924101,0.5803499932181303,0.6027112581144254,0.570276423144312
2025020144,20252026,2025-10-26,2,0,0.42098227730096244,0.4527704904424298,0.4592940037950663,0.4018730242859193,0.4017798038219018
2025020145,20252026,2025-10-26,2,0,0.45854033919414866,0.4809454912470742,0.449813527077262,0.4461721842980063,0.4796353062071776
2025020146,20252026,2025-10-26,2,1,0.5124873459352908,0.5291371355891707,0.5044412498684684,0.51579068717453,0.5172301007628739
2025020147,20252026,2025-10-26,2,1,0.4409072765712942,0.4931370987656396,0.45729734513954057,0.4382154038945873,0.4272090806797545
2025020148,20252026,2025-10-27,2,1,0.4554900103709811,0.5430543092016897,0.42801434435775276,0.48307212864576643,0.455383558109424
2025020149,20252026,2025-10-27,2,1,0.6446591869616263,0.6040306659933904,0.6567767423197863,0.6249532815467442,0.6522475370183483
2025020150,20252026,2025-10-28,2,1,0.5857597892478509,0.5247330323945796,0.5432993210442658,0.6268145192709461,0.5871655274283406
2025020151,20252026,2025-10-28,2,1,0.5889551148143841,0.6352222978883789,0.5520933576620152,0.6266009569769043,0.5881710298042329
2025020152,20252026,2025-10-28,2,0,0.4978384048116952,0.5603150934075736,0.5003363374056272,0.4931492658996297,0.5000296111298287
2025020153,20252026,2025-10-28,2,0,0.6769588466882338,0.7079124599110723,0.6495278598526643,0.6832875490816868,0.6980611311303508
2025020154,20252026,2025-10-28,2,1,0.4975961384102899,0.5665884473087853,0.5249460363495541,0.4749386152469081,0.4929037636344077
2025020155,20252026,2025-10-28,2,0,0.6161061621895025,0.5891817977770538,0.6107673536471682,0.630377622429143,0.6071735104921966
2025020156,20252026,2025-10-28,2,0,0.4724469002802795,0.4892810581925761,0.4772481899586011,0.4675722774279111,0.4725202334543264
2025020157,20252026,2025-10-28,2,0,0.4975268876106447,0.4711702155441483,0.48102399960321485,0.483167205680648,0.5283894575480712
2025020158,20252026,2025-10-28,2,0,0.5010494712649988,0.5808036626533717,0.5198872167321281,0.5229943121253344,0.4602668849375338
2025020159,20252026,2025-10-28,2,1,0.5334459734853255,0.5783988861904029,0.5370750959484004,0.5452459812826004,0.5180168432249758
2025020160,20252026,2025-10-28,2,1,0.4323137939145516,0.4657608814062079,0.4366930185841798,0.4360839150114535,0.4241644481480217
2025020161,20252026,2025-10-28,2,1,0.6714540240220237,0.6199748080767349,0.6365557755198431,0.736419801520939,0.641386495025289
2025020162,20252026,2025-10-28,2,1,0.577819839759557,0.6072973990995562,0.5505642547063698,0.5776582210893337,0.6052370434829674
2025020163,20252026,2025-10-28,2,0,0.4998838324920034,0.5686799079460059,0.5199690869760127,0.5019470795489006,0.4777353309510968
2025020164,20252026,2025-10-28,2,0,0.4993397824887807,0.5625061631940801,0.5089033912476787,0.5089700020662319,0.48014595415243155
2025020165,20252026,2025-10-28,2,0,0.33440737907961854,0.3740804417413096,0.3434754041649643,0.2806295120762258,0.37911722099766565
2025020166,20252026,2025-10-29,2,1,0.48469859606404153,0.5304927101139313,0.4557406170661864,0.4909334369145686,0.5074217342113697
2025020167,20252026,2025-10-30,2,1,0.5289927862863247,0.5616693452550624,0.553060592966708,0.4979845740812264,0.5359331918110398
2025020168,20252026,2025-10-30,2,1,0.582543428831176,0.6036173434680986,0.5731002494056692,0.5946746387918521,0.5798553982960066
2025020169,20252026,2025-10-30,2,1,0.6055073404596737,0.5603026864377533,0.5826808598911472,0.6296534354918379,0.6041877259960363
2025020170,20252026,2025-10-30,2,1,0.563998047287215,0.5819209298113156,0.5693758977698585,0.5677031439470863,0.5549151001447001
2025020171,20252026,2025-10-30,2,1,0.6300176839593186,0.6668986427395397,0.6092683746341042,0.6536557516771774,0.627128925566674
2025020172,20252026,2025-10-30,2,0,0.6209458556944326,0.5853460322302177,0.5996182438072004,0.6430535779399587,0.6201657453361387
2025020173,20252026,2025-10-30,2,0,0.6147512961976234,0.5583805800809197,0.6072826489484477,0.5885295874016336,0.6484416522427888
2025020174,20252026,2025-10-30,2,1,0.6348945213729661,0.7286717389783145,0.6543011812724961,0.6717962936331522,0.5785860892132498
2025020175,20252026,2025-10-30,2,0,0.5924967502256497,0.6360190008849719,0.5573600100520534,0.6213537112793773,0.5987765293455185
2025020176,20252026,2025-10-30,2,1,0.412244854066415,0.3816605852406981,0.4070737971948643,0.36419507483152186,0.46546569017285877
2025020177,20252026,2025-10-30,2,0,0.552347782186387,0.5947926802604048,0.513810307915548,0.6179811581368218,0.5252518805067915
2025020178,20252026,2025-10-31,2,0,0.4729891652583518,0.5510362024895921,0.46476013192964055,0.47891686829656316,0.47529049554885155
2025020179,20252026,2025-10-31,2,0,0.6640217462156279,0.6447801011728101,0.6441307915346856,0.678725790467514,0.6692086566446842
2025020180,20252026,2025-10-31,2,1,0.5102313939377973,0.5036411754735363,0.48117234018924826,0.561778393121354,0.4877434485027896
2025020181,20252026,2025-11-01,2,1,0.41031873731212326,0.4749604065327653,0.411339495198429,0.387283924866721,0.43233279187121965
2025020182,20252026,2025-11-01,2,1,0.6211747894716414,0.6562945865700758,0.5702637591160321,0.6570938320169433,0.6361667772819487
2025020183,20252026,2025-11-01,2,1,0.4983629149107449,0.541872280583999,0.495641636662375,0.5149580643999705,0.4844890436698892
2025020184,20252026,2025-11-01,2,1,0.3453614119010688,0.3278204562866579,0.3699843589033961,0.28099511789226983,0.3851047589075403
2025020185,20252026,2025-11-01,2,1,0.6701572852851756,0.6106148501823689,0.6400189486492056,0.6765651667780853,0.6938877404282356
2025020186,20252026,2025-11-01,2,1,0.52867759203636,0.5202816992458332,0.5397373299109693,0.541256522757981,0.5050389234401297
2025020187,20252026,2025-11-01,2,1,0.537602883619558,0.562610801599887,0.5404693205047288,0.5303756269128003,0.541963703441145
2025020188,20252026,2025-11-01,2,0,0.45296905107260255,0.4954506238317382,0.47667970798281173,0.4396117225275575,0.44261572270743854
2025020189,20252026,2025-11-01,2,1,0.4828962792759921,0.5755901139988646,0.5350166829042011,0.49185530250369536,0.4218168524200799
2025020190,20252026,2025-11-01,2,1,0.5662533942368312,0.5488050348622441,0.5408560456169504,0.5905680700705807,0.5673360670229624
2025020191,20252026,2025-11-01,2,0,0.5708209285470901,0.5883583311500338,0.5603967457026119,0.6344366675883045,0.5176293723503539
2025020192,20252026,2025-11-01,2,1,0.6723285805719179,0.7172866890903137,0.679646230736992,0.6711620311793061,0.6661774797994556
2025020193,20252026,2025-11-01,2,0,0.46269795348626436,0.5393153337876512,0.4449819421374435,0.4688651520826175,0.47424676623873213
2025020194,20252026,2025-11-02,2,0,0.5359522871341523,0.5584104180516692,0.5476219285709528,0.5305598131975572,0.5296751196339471
2025020195,20252026,2025-11-02,2,1,0.5623495539111901,0.5300369677716112,0.5447092432814205,0.5969587741928404,0.5453806442593097
2025020196,20252026,2025-11-02,2,0,0.5064608031088943,0.5615493416851177,0.5111095108950882,0.5065239789733104,0.5017489194582846
2025020197,20252026,2025-11-02,2,1,0.5287203069519332,0.5040528944712993,0.5323998298259682,0.5725777677155215,0.4811833233143099
2025020198,20252026,2025-11-02,2,0,0.33913304397219557,0.4072735996937578,0.35312740514694607,0.3194333007061394,0.3448384260635011
2025020199,20252026,2025-11-03,2,1,0.635315950359451,0.6144824553989989,0.5914824309344296,0.6656658445297245,0.648799575614199
2025020200,20252026,2025-11-03,2,1,0.5019666027015256,0.4987740726473511,0.5070696287478428,0.4865617765788612,0.5122684027778731
2025020201,20252026,2025-11-03,2,0,0.5252889601267645,0.5239007164693299,0.5359931913799384,0.5144956591229872,0.525378029877368
2025020202,20252026,2025-11-03,2,1,0.5749192257627914,0.636384458604124,0.5955304480095974,0.5505855719679328,0.578641657310844
2025020203,20252026,2025-11-04,2,0,0.42763354836308093,0.5312053234184355,0.41926619605197657,0.43375096640370686,0.42988348263355936
2025020204,20252026,2025-11-04,2,0,0.5803976231735007,0.620997553376275,0.5824922270680902,0.557361058694309,0.6013395837581029
2025020205,20252026,2025-11-04,2,0,0.6338124450602141,0.5645986987970556,0.6336316018982029,0.6321647711096052,0.6356409621728341
2025020206,20252026,2025-11-04,2,0,0.5183493866598696,0.5208362442375334,0.4945392311876294,0.5442677656847087,0.5162411631072706
2025020207,20252026,2025-11-04,2,1,0.5430935962000526,0.5470567781012281,0.5592444250555066,0.5380336986672252,0.5320026648774258
2025020208,20252026,2025-11-04,2,1,0.6418836410996357,0.6106075382015775,0.6470864862526658,0.6416275961136799,0.6369368409325614
2025020209,20252026,2025-11-04,2,1,0.6630554347691143,0.608603777516811,0.6429556492791764,0.6833599421651415,0.662850712863025
2025020210,20252026,2025-11-04,2,1,0.6355048102095532,0.6148334449538024,0.5781405263640935,0.6919310975254686,0.6364428067390977
2025020211,20252026,2025-11-04,2,1,0.3593083258538094,0.4440328413590034,0.3890168571232631,0.3455620650220385,0.3433460554161264
2025020212,20252026,2025-11-04,2,1,0.5633892657495677,0.5004376016531169,0.5659858408814391,0.5900072921000216,0.5341746642672427
2025020213,20252026,2025-11-05,2,1,0.5675889010583682,0.5898969501814814,0.5751954774494761,0.563337014232908,0.5642342114927207
2025020214,20252026,2025-11-05,2,1,0.5868199313840968,0.5943170416150773,0.5675842006391493,0.5937156278554417,0.5991599656576995
2025020215,20252026,2025-11-05,2,1,0.5397209297551235,0.5323384633007694,0.5431789436449866,0.5444435090063883,0.5315403366139956
2025020216,20252026,2025-11-05,2,0,0.5730082139722517,0.6563926971152502,0.5657678665178979,0.5812759446215646,0.5719808307772923
2025020217,20252026,2025-11-05,2,0,0.6738646933008519,0.6983891477295445,0.6889469683418565,0.6659512648755691,0.6666958466851297
2025020218,20252026,2025-11-06,2,1,0.437764676114165,0.5504562333644426,0.425330912304688,0.44810023164434043,0.43986288439346644
2025020219,20252026,2025-11-06,2,0,0.5634081859942285,0.5528717760348387,0.5522253241690973,0.5754650143893354,0.5625342194242529
2025020220,20252026,2025-11-06,2,1,0.5800475099245608,0.5920566109060825,0.5692490996846634,0.5797626062689826,0.5911308238200363
2025020221,20252026,2025-11-06,2,1,0.4847239885028148,0.53410229129061,0.49228346186099237,0.494792969210329,0.4670955344371231
2025020222,20252026,2025-11-06,2,1,0.6523295176006717,0.6586894320972118,0.6168998473033835,0.6863051768546116,0.6537835286440202
2025020223,20252026,2025-11-06,2,0,0.46853926164393145,0.5549385558893413,0.4828650393008421,0.4580948474637964,0.4646578981671558
2025020224,20252026,2025-11-06,2,0,0.5745872001567659,0.6447461992578011,0.5570534345032693,0.5755613061403742,0.5911468598266543
2025020225,20252026,2025-11-06,2,0,0.5913631715843561,0.5866261536369973,0.5584268101068326,0.611913410330211,0.6037492943160248
2025020226,20252026,2025-11-06,2,0,0.47896335007448937,0.5214288932005783,0.4642461759811448,0.5161757348180263,0.456468139424297
2025020227,20252026,2025-11-07,2,0,0.5449142205267639,0.5727778495022242,0.5464486412081613,0.5523280619705822,0.5359659584015481
2025020228,20252026,2025-11-07,2,0,0.6082443286554998,0.5587049690651338,0.6101629018094427,0.6080324645679877,0.606537619589069
2025020229,20252026,2025-11-07,2,0,0.5919722974096809,0.6288967203972197,0.6099595137169219,0.6040191150941886,0.5619382634179323
2025020230,20252026,2025-11-07,2,1,0.36159318619852315,0.342357947713155,0.37287499133475155,0.3096309666572257,0.4022736006035924
2025020231,20252026,2025-11-08,2,1,0.5882565339988554,0.5903350763712345,0.5983788507182992,0.583877146969927,0.5825136043083396
2025020232,20252026,2025-11-08,2,0,0.5017285201754925,0.5311305417898944,0.4684709095546067,0.5217919385633026,0.5149227124085684
2025020233,20252026,2025-11-08,2,0,0.4446241693061972,0.46204459274721,0.4863480609882963,0.4201877523376136,0.4273366945926818
2025020234,20252026,2025-11-08,2,0,0.6065995955202337,0.6329603178870693,0.576349317707729,0.6382644627762646,0.6051850060767076
2025020235,20252026,2025-11-08,2,1,0.46874578843960113,0.5431534218177465,0.463672114981753,0.47319516089253444,0.46937008944451597
2025020236,20252026,2025-11-08,2,1,0.5201547671341998,0.5962398636666454,0.5126650134888631,0.5299079316700297,0.5178913562437069
2025020237,20252026,2025-11-08,2,0,0.6254201942644461,0.6270761990139857,0.5857854944149364,0.6458223481655893,0.6446527402128127
2025020238,20252026,2025-11-08,2,1,0.6519767586862503,0.6712051005410795,0.6826636362682633,0.6488560599124746,0.6244105798780126
2025020239,20252026,2025-11-08,2,0,0.5838568564268615,0.6065854310414988,0.5983569870162884,0.5499116683378902,0.6033019139264061
2025020240,20252026,2025-11-08,2,0,0.45315181831520457,0.5489562792577428,0.43611391546085954,0.45751252005370663,0.4658290194310476
2025020241,20252026,2025-11-08,2,1,0.5377056562690011,0.5574440536786096,0.5320979462746727,0.5448415425444895,0.5361774799878414
2025020242,20252026,2025-11-08,2,0,0.6248994977493147,0.642762169941186,0.6035454085103563,0.6329038833864481,0.6382492013511398
2025020243,20252026,2025-11-08,2,1,0.296788106580258,0.347403230274049,0.3583283925687773,0.2187347577439017,0.3133011694280951
2025020244,20252026,2025-11-09,2,0,0.6658862928803534,0.6469120325726505,0.6652392735680327,0.6471804383936085,0.6852391666794191
2025020245,20252026,2025-11-09,2,0,0.39786057840977346,0.5449868864140993,0.4066580134678635,0.4137957644719381,0.37312795728951875
2025020246,20252026,2025-11-09,2,0,0.4602044231847473,0.5330061106314598,0.4250426895739175,0.49249461573298803,0.46307596424733627
2025020247,20252026,2025-11-09,2,1,0.5134887655305307,0.5606666676328573,0.5214613627180187,0.48852709421505575,0.5304778396585176
2025020248,20252026,2025-11-09,2,1,0.5874739808575966,0.6392739977296218,0.5941450742220356,0.5443385839929573,0.6239382843577969
2025020249,20252026,2025-11-09,2,1,0.5458382370952995,0.5944349261660741,0.5469527421124326,0.5403784924808167,0.5501834766926493
2025020250,20252026,2025-11-09,2,0,0.3970808965062234,0.4605934097082869,0.42672708120026454,0.3531483560823981,0.41136725223600773
2025020251,20252026,2025-11-09,2,1,0.40333810684180266,0.4700304647526528,0.4245753788146258,0.38225761505283123,0.40318132665795087
2025020252,20252026,2025-11-10,2,0,0.5846697477909691,0.621829944024483,0.5456923649425307,0.5946545395182281,0.6136623389121487
2025020253,20252026,2025-11-10,2,1,0.6197639934762481,0.6470771100919605,0.6133788652220138,0.6320063060334844,0.6139068091732462
2025020254,20252026,2025-11-10,2,1,0.5576347447144899,0.6282428290317744,0.5421080784768553,0.566839065483853,0.5639570901827616
2025020255,20252026,2025-11-10,2,0,0.49509155136364447,0.5388592512342638,0.48268357941603535,0.5112602953071556,0.49133077936774255
2025020256,20252026,2025-11-11,2,1,0.5445166130853655,0.5259338335803421,0.5401726607903263,0.5232289880066909,0.570148190459079
2025020257,20252026,2025-11-11,2,0,0.47720999190394786,0.5433701504348944,0.47523232139005844,0.48997261840628753,0.46642503591549755
2025020258,20252026,2025-11-11,2,0,0.5033176175512609,0.5347635822350633,0.5098700463383258,0.481242931725049,0.5188398745904081
2025020259,20252026,2025-11-11,2,0,0.5862364297624213,0.6284556879447399,0.5649923650137626,0.6134786106454834,0.5802383136280179
2025020260,20252026,2025-11-11,2,1,0.5775323132323891,0.6103833424122717,0.5432201998545112,0.5863434537276441,0.6030332861150121
2025020261,20252026,2025-11-11,2,0,0.6974185760124406,0.6873749728070593,0.6969403848598692,0.6741552292669175,0.7211601139105349
2025020262,20252026,2025-11-11,2,1,0.6736465794491653,0.6769064643419296,0.6412065817989951,0.7091553280293316,0.6705778285191691
2025020263,20252026,2025-11-11,2,0,0.45983775139873645,0.4794200368758769,0.4563066316800779,0.4692854869658744,0.4539211355502571
2025020264,20252026,2025-11-11,2,0,0.513755646570206,0.5477619415135442,0.508231074884909,0.5214466424556312,0.5115892223700776
2025020265,20252026,2025-11-12,2,0,0.6025280721267938,0.6149043907487752,0.5928674866368263,0.6408485178818587,0.5738682118616963
2025020266,20252026,2025-11-12,2,0,0.4949776067171005,0.4695672962140683,0.5373760490238801,0.4584704985409175,0.4890862725865039
2025020267,20252026,2025-11-12,2,1,0.6040143274933317,0.6138954252837414,0.5836078768642518,0.6142554734039831,0.6141796322117604
2025020268,20252026,2025-11-12,2,0,0.4059433840255968,0.4879159618428368,0.4223372687403186,0.44210796805534835,0.3533849152811235
2025020269,20252026,2025-11-13,2,0,0.5324070186468033,0.5682503728978577,0.5474986965395169,0.5284147224462497,0.5213076369546435
2025020270,20252026,2025-11-13,2,0,0.521730751534054,0.5138542848993649,0.5145766255938703,0.5195962793769336,0.531019349631358
2025020271,20252026,2025-11-13,2,1,0.5631927900255866,0.5787497235558341,0.5537487186576998,0.5792807582694133,0.556548893149647
2025020272,20252026,2025-11-13,2,1,0.619914244711711,0.5783367455220046,0.6229431617927278,0.6199297248639402,0.6168698474784651
2025020273,20252026,2025-11-13,2,1,0.5641244154367573,0.6205990827461777,0.5504737248033468,0.5827609831798741,0.5591385383270511
2025020274,20252026,2025-11-13,2,1,0.5480695667760211,0.5084319969259813,0.5311064992661187,0.5586488960298536,0.5544533050320911
2025020275,20252026,2025-11-13,2,1,0.7653272473300582,0.7047483007250203,0.7384794986799054,0.7662602618520036,0.7912419814582659
2025020276,20252026,2025-11-13,2,1,0.718212177822291,0.6520463811070564,0.6916555741733955,0.7196715905188865,0.7433093687745908
2025020277,20252026,2025-11-13,2,0,0.6547112952712452,0.6381866627720149,0.614248107723893,0.6864476821371404,0.663438095952702
2025020278,20252026,2025-11-13,2,1,0.46345854598882746,0.4553064099677821,0.5085519043644138,0.43708124410015964,0.444742489501909
2025020279,20252026,2025-11-14,2,1,0.6471222358347026,0.6620064960043819,0.6148265545583564,0.7005136297079472,0.6260265232378044
2025020280,20252026,2025-11-14,2,0,0.5120992960539844,0.6195771259067946,0.4805642503109502,0.527366033729963,0.5283676041210401
2025020281,20252026,2025-11-14,2,1,0.49032964247186867,0.5009326358242553,0.5346488770035168,0.4420263851512295,0.49431366526085974
2025020282,20252026,2025-11-14,2,0,0.6887325043544702,0.6062812621456668,0.6571781917513897,0.7187959569573843,0.6902233643546366
2025020283,20252026,2025-11-15,2,0,0.5175582861566475,0.6132501234047932,0.5237038706824271,0.5251773707371126,0.5037936170504028
2025020284,20252026,2025-11-15,2,1,0.5555038966072833,0.5776303197605291,0.5357177756793597,0.5641148784616242,0.5666790356808659
2025020285,20252026,2025-11-15,2,0,0.5568724759125185,0.5607724958388709,0.551711422607268,0.5417788966754425,0.5771271084548452
2025020286,20252026,2025-11-15,2,0,0.4869068690991662,0.54078597115859,0.46973435777787853,0.4995247058640894,0.4914615436555305
2025020287,20252026,2025-11-15,2,0,0.6340817385684338,0.6107568461392159,0.6341611928379686,0.619322343225567,0.6487616796417659
2025020288,20252026,2025-11-15,2,0,0.5982362248913121,0.5791740275648277,0.5962581530294414,0.6302547689503426,0.5681957526941523
2025020289,20252026,2025-11-15,2,0,0.6098407210279165,0.5911452638000382,0.6454375038907637,0.5638696192489874,0.6202150399439982
2025020290,20252026,2025-11-15,2,0,0.5341552699180981,0.55228898813933,0.5051042559853404,0.5569199609945057,0.5404415927744481
2025020291,20252026,2025-11-15,2,1,0.4848461297254252,0.4733359065170928,0.5312990197981186,0.44084578204960856,0.4823935873285483
2025020292,20252026,2025-11-15,2,0,0.38893539301093955,0.5300915095999461,0.40329521726358775,0.39032880089692884,0.37318216087230216
2025020293,20252026,2025-11-15,2,1,0.5653092418474551,0.6672451289779374,0.5909535841025457,0.5809724772840748,0.5240016641557449
2025020294,20252026,2025-11-15,2,0,0.46685131046525213,0.455891102249183,0.4804963389605808,0.4787744010329491,0.4412831914022267
2025020295,20252026,2025-11-15,2,1,0.7109974141584187,0.6688717934692917,0.7214824194805027,0.6897217500665238,0.7217880729282296
2025020296,20252026,2025-11-16,2,1,0.4843978726401453,0.6327841473830635,0.5155374913884062,0.49664442596543035,0.4410117005665995
2025020297,20252026,2025-11-16,2,0,0.6130482571703316,0.6437596191382204,0.6351511252855877,0.6165318662913811,0.5874617799340263
2025020298,20252026,2025-11-16,2,1,0.4366384749641942,0.5162292815940699,0.42689459159155246,0.44210368109561476,0.4409171522054153
2025020299,20252026,2025-11-16,2,0,0.5221432417539817,0.6012486778590832,0.5083882943612933,0.5280033860099345,0.5300380448907174
2025020300,20252026,2025-11-16,2,1,0.684977683352543,0.6890382781325234,0.6500771592288586,0.7327374215354052,0.6721184692933657
2025020301,20252026,2025-11-17,2,0,0.39277061386565243,0.4949580294959039,0.41592143567317025,0.3597406990206597,0.40264970690312746
2025020302,20252026,2025-11-17,2,1,0.47282770841438554,0.4718626970688264,0.464482734362247,0.470180697697479,0.4838196931834306
2025020303,20252026,2025-11-17,2,1,0.685568386817729,0.6611552100419753,0.6481979357901126,0.7196322184800743,0.6888750061830001
2025020304,20252026,2025-11-17,2,1,0.5492970725631138,0.5524920131733078,0.4929099585992195,0.5887554737390817,0.5662257853510401
2025020305,20252026,2025-11-17,2,1,0.5187249377673032,0.5901985124423426,0.542348238821019,0.5278267192541488,0.48599985522674194
2025020306,20252026,2025-11-17,2,1,0.4417290740972553,0.5369708961282892,0.4514465373348449,0.44603308998048996,0.427707594976431
2025020307,20252026,2025-11-18,2,1,0.5917459921705506,0.6049433262190602,0.573411548615754,0.6053614613645977,0.5964649665312999
2025020308,20252026,2025-11-18,2,1,0.6478717083955986,0.5928473960677957,0.6791292349511371,0.6151271655345563,0.6493587247011027
2025020309,20252026,2025-11-18,2,1,0.61358171491045,0.5890598767948632,0.5962986161854726,0.6654272531962795,0.5790192753495979
2025020310,20252026,2025-11-18,2,0,0.590998116166691,0.6510451801680075,0.5837613903436598,0.6168859743301616,0.5723469838262514
2025020311,20252026,2025-11-18,2,1,0.6718104701906982,0.6472484415105435,0.6213276766470206,0.7025767725309242,0.6915269613941498
2025020312,20252026,2025-11-18,2,1,0.39413393430980154,0.5485003609944368,0.38197320765809767,0.43971252993501597,0.36071606533629086
2025020313,20252026,2025-11-18,2,1,0.6217601259169027,0.5940927275263642,0.5862384573261104,0.6357527343237923,0.6432891861008052
2025020314,20252026,2025-11-18,2,1,0.40154036032575524,0.4289655263028596,0.3734945569608118,0.42446779355471587,0.406658730461738
2025020315,20252026,2025-11-19,2,1,0.5770544476544524,0.5456773416796243,0.5643886788383173,0.601767678906172,0.5650069852188677
2025020316,20252026,2025-11-19,2,0,0.5559252484596203,0.5894686511134362,0.5669735352365545,0.5876690084656379,0.5131332016766688
2025020317,20252026,2025-11-19,2,1,0.39992780180498966,0.4871494752738821,0.40637345020060905,0.377149536562202,0.4162604186521579
2025020318,20252026,2025-11-19,2,1,0.564738179978272,0.5592027877898876,0.5665341175376902,0.5437443144578941,0.5839361079392319
2025020319,20252026,2025-11-20,2,0,0.5831319985686324,0.6028938816833397,0.58914143504171,0.5783925400793681,0.581862020584819
2025020320,20252026,2025-11-20,2,0,0.5782067394460833,0.5132685751802724,0.5669410497161244,0.595940247971147,0.5717389206509784
2025020321,20252026,2025-11-20,2,0,0.6364910498700032,0.5890889380898274,0.6137160392665306,0.6492938619148982,0.6464632484285806
2025020322,20252026,2025-11-20,2,1,0.6409502903591952,0.572589953861525,0.6075180614270013,0.6571698388132698,0.6581629708373145
2025020323,20252026,2025-11-20,2,1,0.6270236808328052,0.6361699340792685,0.624041222643992,0.6577274627037233,0.5993023571507006
2025020324,20252026,2025-11-20,2,1,0.5769139076033695,0.5359629700733048,0.5861147143719917,0.5802393199228022,0.5643876885153146
2025020325,20252026,2025-11-20,2,0,0.48256815887107024,0.5399931828069127,0.4783590977925519,0.48241414925459913,0.4869312295660597
2025020326,20252026,2025-11-20,2,1,0.6589290638812955,0.6626481662462071,0.6273720590453193,0.6970943766276493,0.652320755970918
2025020327,20252026,2025-11-20,2,0,0.5294714164836664,0.5291663566539807,0.5058791892466886,0.5270277472415184,0.5555073129627919
2025020328,20252026,2025-11-20,2,0,0.4492691157513431,0.4965806430157566,0.4584719222047848,0.4505173827783077,0.43881804227093674
2025020329,20252026,2025-11-20,2,0,0.4850425553491755,0.5482735653829575,0.47582857852564747,0.4727388722650244,0.5065602152568548
2025020330,20252026,2025-11-20,2,1,0.36545051619034163,0.4002852821300616,0.3551624666801179,0.3447742489653651,0.3964148329255419
2025020331,20252026,2025-11-21,2,1,0.6073091813003217,0.5954625464773856,0.5953524361436858,0.6189655945716788,0.6076095131856007
2025020332,20252026,2025-11-21,2,0,0.6028188882753374,0.5688291549861971,0.6009401335846134,0.6310391200271609,0.5764774112142378
2025020333,20252026,2025-11-21,2,0,0.4845481528402174,0.579845355176457,0.4448008540225748,0.46761052277593795,0.5412330817221397
2025020334,20252026,2025-11-21,2,0,0.5884851792762156,0.6180769991274213,0.6143519219021577,0.5762884821370484,0.5748151337894404
2025020335,20252026,2025-11-22,2,1,0.6185073681956421,0.5643106207505937,0.6084210135492215,0.6290288131803772,0.6180722778573277
2025020336,20252026,2025-11-22,2,0,0.6037380604731752,0.5805732850743284,0.6034242711695754,0.5984732351916987,0.6093166750582516
2025020337,20252026,2025-11-22,2,1,0.5898761699174386,0.5158495782632151,0.5902786083286424,0.5852624623921118,0.5940874390315617
2025020338,20252026,2025-11-22,2,0,0.639507373270981,0.6141221084917684,0.6148115973681079,0.6337082661583847,0.6700022562864506
2025020339,20252026,2025-11-22,2,1,0.5585173247610671,0.5103852491352554,0.5842338247619615,0.548887055704976,0.5424310938162638
2025020340,20252026,2025-11-22,2,0,0.5634825297725531,0.5814464901300729,0.6007594775366122,0.527689861353035,0.561998250428012
2025020341,20252026,2025-11-22,2,0,0.5465890118344755,0.5610519256460609,0.5498191671875694,0.5559296202524996,0.5340182480633574
2025020342,20252026,2025-11-22,2,0,0.4041613365872611,0.4353813871501384,0.3800048233410067,0.39423493462648473,0.4382442517942919
2025020343,20252026,2025-11-22,2,0,0.40434247489569736,0.3767582379983887,0.4574507942574732,0.30177445003462855,0.45380218039499043
2025020344,20252026,2025-11-22,2,1,0.6110448676176686,0.5548523065127686,0.5741896976504256,0.6229394295345752,0.6360054756680055
2025020345,20252026,2025-11-22,2,1,0.538235645012166,0.4683477807444064,0.5339943535792394,0.538428686984571,0.5422838944726874
2025020346,20252026,2025-11-22,2,1,0.4669552346425882,0.4967298522962474,0.4877538917645453,0.4540333328597613,0.459078479303458
2025020347,20252026,2025-11-23,2,1,0.38734575395068777,0.4598609542685506,0.3848540886144342,0.34310125416092574,0.43408191907670335
2025020348,20252026,2025-11-23,2,0,0.6422464120636411,0.640682513172044,0.6336140551316863,0.6579832413152393,0.6351419397439977
2025020349,20252026,2025-11-23,2,1,0.538102209589689,0.5815103493548808,0.5281805439003606,0.5450917448829701,0.5410343399857364
2025020350,20252026,2025-11-23,2,0,0.40860188025508837,0.3803729883428993,0.42894946357453856,0.3736710946520308,0.42318508253869586
2025020351,20252026,2025-11-23,2,1,0.37649089111012546,0.4486973593793855,0.4334350151987727,0.3331950062620681,0.36284265186953557
2025020352,20252026,2025-11-23,2,0,0.5637974322297875,0.584805374110484,0.5557126294285442,0.5974279585778437,0.5382517086829745
2025020353,20252026,2025-11-24,2,1,0.5814761063868791,0.6625022613556008,0.5830249339638034,0.5916281886291173,0.5697751965677167
2025020354,20252026,2025-11-24,2,1,0.5370017947173175,0.585972064483217,0.5175898811237621,0.5597472574177097,0.5336682456104804
2025020355,20252026,2025-11-24,2,1,0.603942021956548,0.5920207653451869,0.6149560680286531,0.6150738779653625,0.5817961198756282
2025020356,20252026,2025-11-24,2,1,0.6408470478285551,0.6086286926501782,0.6243082803179456,0.6917565093847107,0.6064763537830089
2025020357,20252026,2025-11-24,2,0,0.4285452951542419,0.4079633273962046,0.4494885572577436,0.3834040568853724,0.4527432713196097
2025020358,20252026,2025-11-24,2,1,0.5419620332544036,0.5215165264729025,0.5194157290768542,0.5407689009197101,0.5657014697666467
2025020359,20252026,2025-11-24,2,1,0.6447543068435022,0.590950478194784,0.6408126801075745,0.6347054442623694,0.6587447961605626
2025020360,20252026,2025-11-25,2,0,0.5310964482775193,0.5648949423581169,0.538070549105168,0.511886527628415,0.5433322680989748
2025020361,20252026,2025-11-26,2,0,0.5916739666333767,0.6504040411161721,0.6191247377200569,0.5529495131356846,0.6029476490443884
2025020362,20252026,2025-11-26,2,1,0.5843186028437494,0.6569263112793284,0.5778057215888304,0.6097033952702207,0.565446691672197
2025020363,20252026,2025-11-26,2,0,0.6350551784155032,0.6914919094352067,0.646688567739755,0.6421170579606151,0.6163599095461393
2025020364,20252026,2025-11-26,2,1,0.6388120261358147,0.5976063118313375,0.6197126323568135,0.6424106666991636,0.6543127793514669
2025020365,20252026,2025-11-26,2,0,0.5459637436489587,0.5774898754773784,0.5525620668046392,0.5564475077302563,0.5288816564119806
2025020366,20252026,2025-11-26,2,1,0.6453145471492415,0.5781172788901575,0.6367043973504569,0.6564900629338228,0.642749181163445
2025020367,20252026,2025-11-26,2,1,0.5288924012387388,0.5417050282553391,0.5244307211228476,0.5719810482206903,0.4902654343726784
2025020368,20252026,2025-11-26,2,0,0.7054516356456805,0.6285959011108788,0.6788102615433214,0.7406684705612154,0.6968761748325047
2025020369,20252026,2025-11-26,2,0,0.5389550961093971,0.5458814405347853,0.5141007860111856,0.5587640906677523,0.5440004116492533
2025020370,20252026,2025-11-26,2,0,0.46377193443162085,0.4823806324557472,0.4512290922197912,0.495530147080775,0.44455656399429627
2025020371,20252026,2025-11-26,2,1,0.8040243101327936,0.7839590651059078,0.7757561899865473,0.8269094691550836,0.80940727125675
2025020372,20252026,2025-11-26,2,0,0.5837786913016517,0.6030163028675134,0.5653735935014059,0.5876376824411901,0.5983247979623589
2025020373,20252026,2025-11-26,2,0,0.6475579449931562,0.6035746306369727,0.6452713097389109,0.6338447875365429,0.6635577377040148
2025020374,20252026,2025-11-26,2,0,0.5389117551140425,0.5828090909762337,0.5604042294271787,0.5379053632430751,0.518425672671874
2025020375,20252026,2025-11-26,2,0,0.4899395081719387,0.4790910933699376,0.5142657572129896,0.4732633105589659,0.48228945674386076
2025020376,20252026,2025-11-28,2,0,0.5334770716220995,0.5449453066005177,0.5384465448107006,0.5391483182245691,0.5228363518310285
2025020377,20252026,2025-11-28,2,0,0.5442544624859512,0.4879923938624531,0.5303961639867111,0.5288991380445753,0.5734680854265675
2025020378,20252026,2025-11-28,2,1,0.42493466642957173,0.462548788475264,0.4629039486958596,0.36173881253544193,0.4501612380574136
2025020379,20252026,2025-11-28,2,0,0.45502995760987447,0.5263980942040135,0.43252396710384217,0.4995521177788931,0.4330137879468884
2025020380,20252026,2025-11-28,2,0,0.6160364058137932,0.6759569379565158,0.6167635711220522,0.6447444539128528,0.5866011924064745
2025020381,20252026,2025-11-28,2,0,0.5590254128482449,0.59160912491394,0.5314459644967041,0.5803814305137192,0.5652488435343113
2025020382,20252026,2025-11-28,2,1,0.4845457933791673,0.5415555592039731,0.4539039998270141,0.5156726651677368,0.48406071514275095
2025020383,20252026,2025-11-28,2,0,0.6400231780479778,0.6290530711792102,0.6369442973200122,0.6428553524036991,0.640269884420222
2025020384,20252026,2025-11-28,2,1,0.5064199590174409,0.5142711088524914,0.49166442017227924,0.5097617724742592,0.5178336844057844
2025020385,20252026,2025-11-28,2,1,0.3818717230453698,0.4701020918808349,0.3733591023222552,0.39998921214533223,0.3722668546685219
2025020386,20252026,2025-11-28,2,1,0.6408782572491615,0.5938842654985859,0.6349271180224345,0.6638931138732052,0.623814539851845
2025020387,20252026,2025-11-28,2,1,0.6465439804702955,0.5688335014249214,0.6410533621768065,0.6635607611742809,0.635017818059799
2025020388,20252026,2025-11-28,2,0,0.5115207346902744,0.5726523659261084,0.49460159289303574,0.534046670192849,0.5059139409849384
2025020389,20252026,2025-11-28,2,0,0.48714190054150763,0.5762312386095174,0.5217759219519232,0.4536693413650381,0.4859804383075616
2025020390,20252026,2025-11-28,2,1,0.5599979067841278,0.6392002940679817,0.5537986838810118,0.5747276570720022,0.5514673793993692
2025020391,20252026,2025-11-29,2,0,0.49802712231802704,0.5262820858911476,0.4758720650249542,0.516304192561171,0.5019051093679558
2025020392,20252026,2025-11-29,2,1,0.6944132330557616,0.6987937541418994,0.682802746900216,0.7152054811376478,0.6852314711294208
2025020393,20252026,2025-11-29,2,0,0.4979683875121599,0.5012294593608867,0.5324103959390579,0.4776329190242556,0.4838618475731661
2025020394,20252026,2025-11-29,2,1,0.43192839711306713,0.5790841067016385,0.4626441485663853,0.4358745215971021,0.397266521175714
2025020395,20252026,2025-11-29,2,0,0.6043968153899276,0.623917397888055,0.6348532306240922,0.5751901351481845,0.6031470803975063
2025020396,20252026,2025-11-29,2,0,0.5797334373426306,0.5453535585950651,0.5632552332687024,0.6062312342083991,0.5697138445507904
2025020397,20252026,2025-11-29,2,0,0.5017413877114401,0.4333985790298287,0.5160752654648005,0.49285812576096844,0.4962907719085512
2025020398,20252026,2025-11-29,2,1,0.46465902238724954,0.5586873068873811,0.46062243225641814,0.48300778249867377,0.45034685240665684
2025020399,20252026,2025-11-29,2,0,0.503299236054572,0.6306226400389142,0.5042675479455248,0.5088362469536755,0.49679391326451583
2025020400,20252026,2025-11-29,2,1,0.7860488132077342,0.7114414297505526,0.7772909865995599,0.7829159088175293,0.7979395442061138
2025020401,20252026,2025-11-29,2,1,0.6000701311731257,0.6302145991603301,0.5805125862468286,0.598732210810577,0.6209655964619712
2025020402,20252026,2025-11-30,2,0,0.49471389369738855,0.5056919931858002,0.5254761488713516,0.48388217557141483,0.47478335664939936
2025020403,20252026,2025-11-30,2,1,0.4422070680623982,0.5105859299203281,0.4300583077362436,0.4837484632225152,0.4128144332284359
2025020404,20252026,2025-11-30,2,1,0.6807159773801145,0.6621795246483152,0.653852985033152,0.7368331172093953,0.6514618298977963
2025020405,20252026,2025-11-30,2,1,0.5961022607868723,0.6334225620971311,0.5933412332127527,0.608865784174794,0.5860997649730705
2025020406,20252026,2025-12-01,2,0,0.5765289168329192,0.6044750025743022,0.5888138836496226,0.5741293329313849,0.5666435339177501
2025020407,20252026,2025-12-01,2,0,0.4940630305773647,0.5673541788591036,0.5209935176933964,0.48932615805358665,0.4718694159851112
2025020408,20252026,2025-12-01,2,1,0.47742149807241213,0.4710172394939607,0.4752497298119259,0.4874176552379815,0.46959710916732894
2025020409,20252026,2025-12-01,2,0,0.5480715993979964,0.585433285058641,0.5288050435691308,0.5762215732302134,0.5391881813946453
2025020410,20252026,2025-12-01,2,1,0.40155700724491167,0.4494837765665498,0.42617827646472517,0.35684846923205465,0.4216442760379551
2025020411,20252026,2025-12-02,2,0,0.48936768417401905,0.5491720402622841,0.4568046474936892,0.5342735085426363,0.47702489648573154
2025020412,20252026,2025-12-02,2,1,0.6038489316948512,0.5581968559887642,0.6083168615169038,0.5978145381477389,0.6054153954199109
2025020413,20252026,2025-12-02,2,0,0.651142908926241,0.6154629595919893,0.6186932436265817,0.6753463844271437,0.6593890987249976
2025020414,20252026,2025-12-02,2,1,0.523215123243614,0.4663283086744864,0.5316185779986033,0.5050993004577866,0.5329274912744518
2025020415,20252026,2025-12-02,2,1,0.4646765047466619,0.5120743343158349,0.45662101390992493,0.44813040865242415,0.48927809167763653
2025020416,20252026,2025-12-02,2,1,0.5287085566606927,0.515967195310311,0.529980602937652,0.5414001519975191,0.5147449150469068
2025020417,20252026,2025-12-02,2,1,0.7172244719961967,0.7183161835380018,0.7040245322157592,0.7294073516465432,0.7182415321262873
2025020418,20252026,2025-12-02,2,0,0.570309200429887,0.6033792873681413,0.5799366605981608,0.5979236360202147,0.5330673046712855
2025020419,20252026,2025-12-02,2,1,0.7030460340628957,0.6714381172084439,0.6984434235344045,0.7101779178314326,0.7005167608228501
2025020420,20252026,2025-12-02,2,0,0.5083783041804913,0.5507965064214587,0.5125810245585897,0.5198948171174945,0.4926590708653898
2025020421,20252026,2025-12-03,2,0,0.5269393274669053,0.504656058135165,0.5127804645770325,0.5126262215434145,0.5554112962802691
2025020422,20252026,2025-12-03,2,1,0.42937648551227947,0.4876387441132389,0.46298511164348394,0.4273111312919622,0.3978332136013923
2025020423,20252026,2025-12-03,2,1,0.5259872518371607,0.5656413148999504,0.5354571364506315,0.5273859163069837,0.5151187027538668
2025020424,20252026,2025-12-03,2,0,0.5480674696564295,0.5657270730421962,0.5248790405591354,0.5791593337203461,0.5401640346898072
2025020425,20252026,2025-12-03,2,0,0.4327985693493905,0.3938212896717073,0.4162356809274875,0.39415306309796616,0.4880069640227178
2025020426,20252026,2025-12-04,2,1,0.5790706256274757,0.5744722377901791,0.5935076965219949,0.5720787813578998,0.5716253990025324
2025020427,20252026,2025-12-04,2,0,0.6061517054726758,0.5594433240203264,0.6125943980876778,0.6122722021065868,0.5935885162237631
2025020428,20252026,2025-12-04,2,0,0.5683889725393264,0.6541634329901694,0.5336190485525082,0.6077912013800519,0.5637566676854192
2025020429,20252026,2025-12-04,2,0,0.6363057842835871,0.6988950095915171,0.6533109832023153,0.6229300402129145,0.6326763294355312
2025020430,20252026,2025-12-04,2,1,0.4494446226358335,0.4189909290331468,0.4896926793975353,0.40514346271009327,0.453497725799872
2025020431,20252026,2025-12-04,2,0,0.6845590761073513,0.609702114834971,0.6297523778378131,0.7222366564808731,0.7016881940033678
2025020432,20252026,2025-12-04,2,1,0.5104363899197008,0.5840212180051799,0.5144117662936147,0.5046892890463776,0.5122081144191102
2025020433,20252026,2025-12-04,2,1,0.5460322100516314,0.5145534538795575,0.5292573795865367,0.5836400498689862,0.5251992006993713
2025020434,20252026,2025-12-04,2,1,0.6058364318816954,0.648697802808365,0.6095192690218262,0.6330352860687476,0.5749547405545128
2025020435,20252026,2025-12-04,2,0,0.6620432669778505,0.6703303864835227,0.6619918747376822,0.6873827188091469,0.6367552073867223
2025020436,20252026,2025-12-05,2,0,0.46009521803465264,0.5420818869748301,0.4756791062984239,0.4479515982888957,0.45665494951663826
2025020437,20252026,2025-12-05,2,1,0.5932425672685628,0.6538686043757098,0.5554602826654161,0.657889318522494,0.5663781006177785
2025020438,20252026,2025-12-05,2,1,0.7224158559551949,0.7551476628323863,0.7209597213277401,0.707632758431075,0.7386550881067694
2025020439,20252026,2025-12-05,2,0,0.46856532096310216,0.5371602169411437,0.45190123040177904,0.4899556419260715,0.46383909056145584
2025020440,20252026,2025-12-05,2,1,0.49232942460204226,0.4770123255835305,0.4772896795559143,0.49113584691367995,0.5085627473365326
2025020441,20252026,2025-12-06,2,0,0.4183328670803552,0.4780187439203862,0.43664500536008083,0.39276247716406876,0.42559111871691613
2025020442,20252026,2025-12-06,2,1,0.6042186657683598,0.6332787011960271,0.6136112486231177,0.5995755672234416,0.5994691814585199
2025020443,20252026,2025-12-06,2,1,0.5584210275104592,0.5653777773603742,0.5614644341344097,0.5771224114365707,0.5366762369603971
2025020444,20252026,2025-12-06,2,0,0.5780391987018715,0.6337712666212831,0.541752330789517,0.6174608041210108,0.5749044611950866
2025020445,20252026,2025-12-06,2,0,0.6120004277810668,0.6005915192336884,0.594496245230792,0.6217391834741365,0.6197658546382716
2025020446,20252026,2025-12-06,2,0,0.5810974091213544,0.6523835821400529,0.5408883226081651,0.6239127160323141,0.5784911887235842
2025020447,20252026,2025-12-06,2,1,0.7294399917196515,0.6957433740067274,0.7097193596258218,0.7342689942144909,0.7443316213186415
2025020448,20252026,2025-12-06,2,1,0.5600239658869725,0.5371646910441755,0.5049742297232979,0.6274715172029612,0.5476261507346581
2025020449,20252026,2025-12-06,2,1,0.6365007862241249,0.6615096760458526,0.6285474397348044,0.6701392451044812,0.6108156738330891
2025020450,20252026,2025-12-06,2,1,0.6005389491053398,0.564420178015556,0.5813913874803056,0.638469091042794,0.5817563687929199
2025020451,20252026,2025-12-06,2,1,0.4762317000282265,0.5129295988718535,0.5206423020225633,0.44149544286378745,0.4665573551983286
2025020452,20252026,2025-12-06,2,0,0.5069428770502616,0.5579082657886473,0.5000558880335928,0.48499869177373195,0.5357740513434601
2025020453,20252026,2025-12-07,2,0,0.44510121388835694,0.4185242190088626,0.4653182690469144,0.38884316901917343,0.48114220359898296
2025020454,20252026,2025-12-07,2,1,0.5855860462562624,0.6339956203647417,0.5698659064534356,0.6185482643070321,0.5683439680083192
2025020455,20252026,2025-12-07,2,0,0.7290206930510106,0.7450581129726244,0.7478096173663219,0.7246846592368441,0.7145678025498657
2025020456,20252026,2025-12-07,2,1,0.5392779419579791,0.6590083730416716,0.5161162166861388,0.5733889492525164,0.5283286599352821
2025020457,20252026,2025-12-07,2,0,0.5531410903977544,0.5740860207477051,0.562559028338558,0.5400227984935575,0.5568414443611477
2025020458,20252026,2025-12-07,2,0,0.4345870796076616,0.5584517660236169,0.48779597396025265,0.3965700692006619,0.41939519566207006
2025020459,20252026,2025-12-07,2,1,0.675878648722577,0.6416119954694557,0.648633575156554,0.6894882931593449,0.689514077851832
2025020460,20252026,2025-12-07,2,1,0.6693373010860308,0.6239013518659077,0.6275330722416524,0.715278717451524,0.665200113564916
2025020461,20252026,2025-12-08,2,1,0.4410044311578963,0.5459476622755928,0.4433251994737015,0.46294178326820407,0.41674631073178325
2025020462,20252026,2025-12-08,2,0,0.5259480969986786,0.5452355176658485,0.4980148141901037,0.5649159346301859,0.5149135421757466
2025020463,20252026,2025-12-08,2,1,0.5079129385400183,0.5841331280559688,0.48714905310759715,0.5696549142187581,0.4669348482936994
2025020464,20252026,2025-12-08,2,0,0.4984407557975017,0.556397155582003,0.5075945936234403,0.5038346960173518,0.4838929777517131
2025020465,20252026,2025-12-08,2,0,0.5487087426608231,0.5171679601480176,0.5695558110139408,0.5439758200334486,0.53259459693508
2025020466,20252026,2025-12-09,2,0,0.4933364697826536,0.4909674543561367,0.501657061631454,0.49573052432772025,0.48262182338878656
2025020467,20252026,2025-12-09,2,0,0.586587909590181,0.5822487285330744,0.5754553079819853,0.6057386728222109,0.5785697479663469
2025020468,20252026,2025-12-09,2,1,0.4777378181050942,0.5171009694261453,0.4690408498531388,0.49046319614881395,0.47370940831332986
2025020469,20252026,2025-12-09,2,1,0.64308684861228,0.6550303086624395,0.6374648569842529,0.6229184265901007,0.6688772622624866
2025020470,20252026,2025-12-09,2,0,0.5032980512662072,0.5809530218077622,0.5144637049878474,0.5180895508036136,0.4773408980071607
2025020471,20252026,2025-12-09,2,1,0.6667036218471201,0.6386394029940181,0.658126768690232,0.6761313221563362,0.6658527746947919
2025020472,20252026,2025-12-09,2,0,0.5720844890721511,0.5603197295351149,0.5934837962922797,0.5596158323034911,0.5631538386206827
2025020473,20252026,2025-12-09,2,0,0.5173007688944281,0.5358700992269072,0.47594882060132804,0.5441392081502985,0.5318142779316577
2025020474,20252026,2025-12-09,2,0,0.6294807236639827,0.6658094840024241,0.6517996484546379,0.6470970809394414,0.5895454415978686
2025020475,20252026,2025-12-09,2,1,0.4426350872284421,0.3697332915709366,0.4663278569401651,0.3371434746179774,0.5244339301271836
2025020476,20252026,2025-12-10,2,1,0.4905536863120574,0.4640599480422165,0.5058699505439129,0.4830780619738527,0.4827130464184067
2025020477,20252026,2025-12-10,2,0,0.5434587136846817,0.5672793587826452,0.5265772415984222,0.5630998446679748,0.540699054787648
2025020478,20252026,2025-12-10,2,0,0.486951978972749,0.5032069725603096,0.48733355231990255,0.4848968995504329,0.4886254850479114
2025020479,20252026,2025-12-10,2,1,0.4893993012287543,0.4871321066144337,0.4890247682107607,0.5053514292009121,0.4738217062745901
2025020480,20252026,2025-12-11,2,0,0.677892593416957,0.7210753072486678,0.6877579406756781,0.6817937111309172,0.6641261284442754
2025020481,20252026,2025-12-11,2,0,0.4596909496061577,0.498927317727222,0.470689592503635,0.4378932738021191,0.4704899825127189
2025020482,20252026,2025-12-11,2,1,0.5324772399033534,0.5777170985381972,0.5176150646837517,0.5589489356302058,0.5208677193961025
2025020483,20252026,2025-12-11,2,0,0.47060538993926143,0.5059974422930773,0.4904966892198707,0.4492626005745865,0.4720568800233269
2025020484,20252026,2025-12-11,2,0,0.603868907593962,0.5882263992379033,0.5809192175542708,0.6206273585175097,0.6100601467101051
2025020485,20252026,2025-12-11,2,0,0.5291723895781105,0.5774513938608625,0.4852419644111146,0.49993191668993786,0.602343287633279
2025020486,20252026,2025-12-11,2,0,0.489318501818745,0.5562162300972568,0.49911181266384114,0.5013286559907292,0.4675150368016648
2025020487,20252026,2025-12-11,2,1,0.5089024342958453,0.5252539278898798,0.489209681655708,0.5258198286133475,0.5116777926184801
2025020488,20252026,2025-12-11,2,1,0.4696717926770709,0.4968786232549295,0.4735298152722056,0.4667570302158496,0.4687285325431576
2025020489,20252026,2025-12-11,2,0,0.6191177458593293,0.6162071478874328,0.5694756521360355,0.647261306431083,0.6406162790108694
2025020490,20252026,2025-12-11,2,1,0.6480189451715906,0.6273404526978734,0.5994206320345469,0.7066504322979233,0.6379857711823016
2025020491,20252026,2025-12-11,2,1,0.6816985102261702,0.6321638145914806,0.6550212247505365,0.6970844616333046,0.6929898442946698
2025020492,20252026,2025-12-11,2,0,0.4899634983216534,0.5624288637397602,0.49426084025441935,0.4803703761283008,0.49525927858224006
2025020493,20252026,2025-12-12,2,1,0.5769802030294673,0.6162012370484706,0.5819082352913144,0.5877177834243275,0.56131459037276
2025020494,20252026,2025-12-12,2,1,0.5919796456155294,0.609190480475366,0.5852762865654537,0.5917342283121008,0.598928421969034
2025020495,20252026,2025-12-13,2,1,0.5352401403867247,0.5774059423226819,0.5359471007333912,0.5476713001140978,0.522102020312685
2025020496,20252026,2025-12-13,2,1,0.5334771931490612,0.5908148937050669,0.5305591757106877,0.5524105348701023,0.5174618688663933
2025020497,20252026,2025-12-13,2,0,0.706722030650797,0.6634799894827175,0.693157544611929,0.7107536918750217,0.7162548554654399
2025020498,20252026,2025-12-13,2,1,0.45228663049853096,0.495266551995385,0.44805316123189254,0.43831345593432897,0.47049327432937144
2025020499,20252026,2025-12-13,2,0,0.45419975553657826,0.551261946531125,0.4424843299894244,0.47674268068038644,0.44337225593992396
2025020500,20252026,2025-12-13,2,1,0.590753582696101,0.6088758830539317,0.5331866774267735,0.6347743343230013,0.6042997363385282
2025020501,20252026,2025-12-13,2,0,0.47121305779382744,0.4780770016870238,0.4759703757257412,0.40406069476294554,0.5336081028927957
2025020502,20252026,2025-12-13,2,0,0.4262316137873017,0.5016104288332295,0.4228674412067368,0.4421118315411874,0.4137155686139808
2025020503,20252026,2025-12-13,2,1,0.5174940865009815,0.5494202118831771,0.47466201741451725,0.5522474580049098,0.5255727840835174
2025020504,20252026,2025-12-13,2,0,0.46218958760207846,0.5060458713876466,0.4896845292778274,0.43522105092581537,0.4616631826025926
2025020505,20252026,2025-12-13,2,0,0.5337286578722872,0.5947730684263681,0.5423066026931971,0.5110760643819212,0.547803306541743
2025020506,20252026,2025-12-13,2,1,0.7284805568849756,0.7432782615674077,0.6952186762330906,0.7663283182203716,0.7238946762014644
2025020507,20252026,2025-12-13,2,0,0.5986779756481901,0.6219046922214,0.5504203107291809,0.6567784291455592,0.5888351870698304
2025020508,20252026,2025-12-14,2,0,0.4711374060029145,0.6123700226244355,0.5409538664155603,0.4029193545361281,0.46953899705705493
2025020509,20252026,2025-12-14,2,0,0.49861017530247403,0.5520189174368801,0.48172120232056914,0.5379098349377616,0.4761994886490915
2025020510,20252026,2025-12-14,2,1,0.6922744545245682,0.6659171804761099,0.6886054015228421,0.6865936789502547,0.7016242831006079
2025020511,20252026,2025-12-14,2,1,0.5064939927314106,0.5868849539414301,0.5243005794772756,0.48302226946572474,0.5121591292512315
2025020512,20252026,2025-12-14,2,1,0.433677558403107,0.4806151719040862,0.4666030395533007,0.4053873966614761,0.42904223899454436
2025020513,20252026,2025-12-14,2,0,0.480513526763595,0.5532050877807987,0.4905305228460286,0.4843258331591686,0.46668422428558787
2025020514,20252026,2025-12-15,2,0,0.5953597555969066,0.5713982758604301,0.59394350520264,0.6061158827816078,0.5860198788064718
2025020515,20252026,2025-12-15,2,0,0.5659773487083293,0.6130685070141295,0.5315096905888855,0.6235253347540339,0.5428970207820683
2025020516,20252026,2025-12-15,2,0,0.5451171535065481,0.615387431133664,0.5174369305693142,0.5809109478363201,0.5370035821140097
2025020517,20252026,2025-12-15,2,0,0.5605659125341543,0.6068187655933583,0.5615798866576247,0.5682063993698752,0.5519114515749629
2025020518,20252026,2025-12-15,2,1,0.541348329861108,0.6205973261132772,0.537367101595518,0.5762550765103331,0.5104228114774728
2025020519,20252026,2025-12-16,2,1,0.5262242325289265,0.5769513434716614,0.5346232426200961,0.5345302756725054,0.5095191792941779
2025020520,20252026,2025-12-16,2,1,0.6291221949982259,0.6815695071268838,0.6419996933655924,0.6566690085691348,0.5886978830599506
2025020521,20252026,2025-12-16,2,0,0.5354235740818556,0.5866528620998045,0.5406182551352064,0.5230292439829562,0.5426232231274041
2025020522,20252026,2025-12-16,2,1,0.5099370655580676,0.5631737826183905,0.5283822916282971,0.5132650056508842,0.4881638993950216
2025020523,20252026,2025-12-16,2,0,0.5019929341030482,0.6248011792750578,0.5195807313097909,0.5051556064072101,0.4812424645921437
2025020524,20252026,2025-12-16,2,0,0.474379088248942,0.4853004630735059,0.4481562209641993,0.48893831888058287,0.48604272490204375
2025020525,20252026,2025-12-16,2,1,0.5636648254914614,0.558410474317359,0.5372711275505069,0.5969717298618563,0.5567516190620208
2025020526,20252026,2025-12-16,2,1,0.48870267998789746,0.5485246190282563,0.48636838167069807,0.493819108322021,0.4859205499709733
2025020527,20252026,2025-12-16,2,1,0.43620454664901454,0.4776738822550265,0.4476445212262559,0.43113146829773313,0.4298376504230546
2025020528,20252026,2025-12-16,2,0,0.4307453413210354,0.3829357750977262,0.48465155485013317,0.324804268603392,0.4827802005095812
2025020529,20252026,2025-12-17,2,1,0.5558873493626061,0.627198037138315,0.5397653911263111,0.6034765144054066,0.5244201425561004
2025020530,20252026,2025-12-17,2,0,0.5154617874883362,0.5732789622259981,0.5322836838417718,0.5241485127689857,0.48995316585425114
2025020531,20252026,2025-12-17,2,1,0.4834025662833629,0.4919003718474042,0.48577872277233247,0.47341948328606276,0.49100949279169354
2025020532,20252026,2025-12-17,2,0,0.4160464342223719,0.4445295551706111,0.4142746158772388,0.3471669681405645,0.48669771864931244
2025020533,20252026,2025-12-17,2,0,0.6155328242950283,0.6289077627040713,0.5989464612997107,0.6461983510564957,0.6014536605288784
2025020534,20252026,2025-12-18,2,0,0.43672590435670317,0.5186486939929283,0.4304170842363274,0.4578563730371093,0.4219042557966728
2025020535,20252026,2025-12-18,2,1,0.570807935964233,0.5709119485363281,0.5844175149883871,0.5718433245064877,0.5561629683978242
2025020536,20252026,2025-12-18,2,1,0.638218008901896,0.63210791678463,0.6248036246445835,0.6434553710059251,0.6463950310551795
2025020537,20252026,2025-12-18,2,1,0.5605706034976787,0.6094908758959771,0.5878799290190784,0.5574763524172031,0.5363555290567548
2025020538,20252026,2025-12-18,2,0,0.6572646441232487,0.6148153605872568,0.6218731406331072,0.6939319266761974,0.6559888650604416
2025020539,20252026,2025-12-18,2,1,0.6258731932959688,0.5878274797758193,0.6065585294194867,0.63286164245754,0.6381994080108794
2025020540,20252026,2025-12-18,2,0,0.5052387818247354,0.5050537908809934,0.4869931504312247,0.5274524404586092,0.5012707545843722
2025020541,20252026,2025-12-18,2,0,0.40790422039122,0.53703168911607,0.4416587680963684,0.39332278611321764,0.388731106964074
2025020542,20252026,2025-12-18,2,1,0.5855270921986732,0.6073149848351973,0.5665877957593682,0.6113298859459306,0.5786635948907208
2025020543,20252026,2025-12-18,2,0,0.37345608196992114,0.3872875579028395,0.40107662723676024,0.33227949122722084,0.38701212744578234
2025020544,20252026,2025-12-19,2,1,0.5273792507518403,0.576450549033059,0.49239778510919374,0.49662908800625233,0.5931108791400747
2025020545,20252026,2025-12-19,2,0,0.5330986757408575,0.6059099251294171,0.5445517233059963,0.5241533365316473,0.5305909673849285
2025020546,20252026,2025-12-19,2,1,0.6349281604669089,0.6639903027459111,0.6114244544245017,0.6681166432858218,0.6252433836904034
2025020547,20252026,2025-12-19,2,0,0.5659008724049777,0.5808759549663008,0.5420923474875119,0.5927355954744005,0.5628746742530207
2025020548,20252026,2025-12-19,2,0,0.5883367291522559,0.4669120623326325,0.5602749837383674,0.5948117059939996,0.6099234977244005
2025020549,20252026,2025-12-20,2,1,0.5946603308359825,0.6060555496521101,0.5680642670364993,0.6216139801977515,0.5943027452736968
2025020550,20252026,2025-12-20,2,0,0.6424096276735335,0.635408052790041,0.6259815605838329,0.6812723146601594,0.6199750077766082
2025020551,20252026,2025-12-20,2,1,0.703304703390694,0.6712823220049619,0.6875788403562537,0.7099364308006868,0.7123988390151416
2025020552,20252026,2025-12-20,2,1,0.4722450786189413,0.5490591852026229,0.4441630746824117,0.48778160864328507,0.48479055253112724
2025020553,20252026,2025-12-20,2,1,0.6172294893487326,0.5592886108241328,0.6042856800658316,0.6295063493967057,0.6178964385836605
2025020554,20252026,2025-12-20,2,0,0.6264817815473535,0.6846703037926718,0.651509027903537,0.5828624270380904,0.645073889700433
2025020555,20252026,2025-12-20,2,0,0.6032797656344858,0.6041336822061578,0.5910606648612033,0.6254816624885098,0.5932969695537443
2025020556,20252026,2025-12-20,2,1,0.5178678408273565,0.5877982171571322,0.5227198595284763,0.4978256685096742,0.5330579944439188
2025020557,20252026,2025-12-20,2,1,0.6070710676905698,0.5571076541200003,0.5726097185842844,0.6389832781660701,0.6096202063213547
2025020558,20252026,2025-12-20,2,1,0.4786378704468408,0.4827332351425913,0.4520909812731807,0.48372383831141524,0.5000987917559266
2025020559,20252026,2025-12-20,2,1,0.47611598045530545,0.5083022627128566,0.47808960803217193,0.4906566341244066,0.4596016992093379
2025020560,20252026,2025-12-20,2,1,0.5484093674400924,0.577803977321701,0.5857397315758823,0.5138177189702853,0.5456706517741093
2025020561,20252026,2025-12-20,2,0,0.45848295135128625,0.528737166298529,0.4533874962317968,0.4617345863706802,0.4603267714513818
2025020562,20252026,2025-12-21,2,1,0.4854594282662729,0.5227493417695371,0.4766079611380964,0.4971876521226524,0.4825826715380698
2025020563,20252026,2025-12-21,2,0,0.38879221618347676,0.4850980394029602,0.4345035465984588,0.3081475921652524,0.4237255097867191
2025020564,20252026,2025-12-21,2,0,0.490383224412082,0.5572128445491833,0.513315436525557,0.49592034400074536,0.46191389270994354
2025020565,20252026,2025-12-21,2,0,0.5989316063867163,0.5867872337422211,0.5977389737731696,0.6003152133363826,0.5987406320505965
2025020566,20252026,2025-12-21,2,1,0.5104167558886373,0.5431194911461055,0.4754537530231111,0.5661198341561618,0.48967668048663926
2025020567,20252026,2025-12-21,2,1,0.4559933513156107,0.5072496943899498,0.4656622160948309,0.45291227628712216,0.449405561564879
2025020568,20252026,2025-12-21,2,1,0.6602723625349204,0.6406311769738424,0.6295309794980252,0.6649422884081018,0.6863438196986342
2025020569,20252026,2025-12-21,2,1,0.5312111137331942,0.5327108092285345,0.5113209546120597,0.5692850536602547,0.5130273329272681
2025020570,20252026,2025-12-21,2,1,0.5439612780936658,0.5979235316478616,0.537482318695158,0.5504928729967726,0.5439086425890668
2025020571,20252026,2025-12-22,2,1,0.6696445269346949,0.656736452494518,0.6245109243470366,0.7056051971490593,0.678817459307989
2025020572,20252026,2025-12-22,2,1,0.5304866872605334,0.562497483173066,0.519612745685031,0.5339517908763136,0.5378955252202555
2025020573,20252026,2025-12-22,2,0,0.633048815879914,0.6063429982971729,0.621103114157029,0.6428070358341361,0.6352362976485768
2025020574,20252026,2025-12-22,2,0,0.601334855162896,0.6281085785304725,0.5745022700316293,0.627068797420597,0.6024334980364616
2025020575,20252026,2025-12-23,2,1,0.5316343612879363,0.6263820414120523,0.5099658204731854,0.5613689193201014,0.523568344070522
2025020576,20252026,2025-12-23,2,0,0.6133487649689576,0.6090229577362783,0.584244651864681,0.640951360233082,0.6148502828091098
2025020577,20252026,2025-12-23,2,0,0.5658059016872191,0.5825731612851043,0.5377422840387639,0.5943548201581867,0.5653206008647068
2025020578,20252026,2025-12-23,2,0,0.6149435363701108,0.6065521857318771,0.612470829821293,0.6045465126865663,0.6278132666024733
2025020579,20252026,2025-12-23,2,1,0.48170280956658534,0.4739799927940123,0.4803916268663202,0.46280134502420206,0.5019154568092336
2025020580,20252026,2025-12-23,2,1,0.5365011953263109,0.5688029868428319,0.5203699800839606,0.5600062691766101,0.5291273367183622
2025020581,20252026,2025-12-23,2,0,0.5825970052835198,0.5669159574908388,0.5788311279513073,0.5745187202604795,0.5944411676387727
2025020582,20252026,2025-12-23,2,0,0.5826804664623991,0.6649857900414029,0.5793395315392749,0.5933103104403057,0.5753915574076169
2025020583,20252026,2025-12-23,2,0,0.4793488279653075,0.501567815914268,0.4460655633801525,0.5227646294485382,0.46921629106723184
2025020584,20252026,2025-12-23,2,1,0.6933073423839607,0.7050789842561644,0.6642944062235316,0.7330282733598866,0.6825993475684637
2025020585,20252026,2025-12-23,2,1,0.5701270556802339,0.6479652894422598,0.5746833743579227,0.5820400469799298,0.5536577457028491
2025020586,20252026,2025-12-23,2,1,0.7157607559615027,0.7074604043173475,0.700681019302031,0.7225275534646276,0.7240736951178492
2025020587,20252026,2025-12-23,2,0,0.6623854195849708,0.6371666102707677,0.6416537851986813,0.677890602896463,0.667611870659768
2025020588,20252026,2025-12-27,2,1,0.48261544485759655,0.5483086770867008,0.45962336754348093,0.5334241189844227,0.4547988480448861
2025020589,20252026,2025-12-27,2,1,0.49616719202497844,0.5798373161857209,0.5057957014239649,0.48868361062917764,0.49402226402179283
2025020590,20252026,2025-12-27,2,1,0.5035283774342433,0.5724640375718766,0.4960837844391889,0.5234019279743041,0.491099419889237
2025020591,20252026,2025-12-27,2,0,0.47716348070373504,0.58424972928617,0.4902080788479095,0.4584138145894474,0.4828685486738483
2025020592,20252026,2025-12-27,2,0,0.4833283211526122,0.5253735877904125,0.48491778447486655,0.49969079102617014,0.4653763879567998
2025020593,20252026,2025-12-27,2,1,0.6476080019239712,0.6261736641238277,0.6117670205500608,0.6837838126053029,0.6472731726165497
2025020594,20252026,2025-12-27,2,0,0.6006200437191844,0.5646246665698319,0.5893571778671778,0.6034214665023279,0.6090814867880475
2025020595,20252026,2025-12-27,2,1,0.5515375536517619,0.5889588666621012,0.5517359661139335,0.5670781013572687,0.5357985934840835
2025020596,20252026,2025-12-27,2,0,0.7287044298648101,0.7467175439784125,0.7274141362437972,0.7237772972212796,0.7349218561293535
2025020597,20252026,2025-12-27,2,1,0.5358480227471792,0.6119423453224452,0.5111150439046515,0.5842772156929696,0.5121518086439167
2025020598,20252026,2025-12-27,2,1,0.45982611724207234,0.4813832737723296,0.46167656543729285,0.46222328270885576,0.45557850358006835
2025020599,20252026,2025-12-27,2,0,0.6108271901491941,0.6558783578666159,0.6278690214668828,0.5914748189891856,0.6131377299915135
2025020600,20252026,2025-12-27,2,0,0.4861173019952716,0.4614599125034214,0.5010831518246551,0.4593233548722217,0.497945399288938
2025020601,20252026,2025-12-28,2,1,0.4622080162234527,0.546240138754976,0.4688692842648364,0.4686430179199607,0.449111746485561
2025020602,20252026,2025-12-28,2,1,0.6053866236537773,0.651850166873111,0.619924446653406,0.616378090902419,0.5798573334055068
2025020603,20252026,2025-12-28,2,1,0.5395723444046039,0.5478557766089963,0.5164476086649854,0.6115441649911791,0.49072525955764706
2025020604,20252026,2025-12-28,2,0,0.3514510707042396,0.5204282386343317,0.41182198327629016,0.33169260035368764,0.310838628482741
2025020605,20252026,2025-12-28,2,1,0.4526540999497099,0.5456290829884965,0.4589197823020934,0.4716811694641883,0.427361348082848
2025020606,20252026,2025-12-29,2,0,0.65623874504917,0.6090142015054079,0.6277029439613799,0.6698741675284788,0.6711391236576513
2025020607,20252026,2025-12-29,2,1,0.5632741050762625,0.6075803458397665,0.5424481771665721,0.5868093924375339,0.5605647456246813
2025020608,20252026,2025-12-29,2,1,0.6387107001628552,0.6262587195413165,0.6108523991538658,0.6698015002767607,0.6354782010579393
2025020609,20252026,2025-12-29,2,0,0.5406720276811078,0.5337726663924394,0.5167727624604567,0.5481337333792453,0.5571095872036216
2025020610,20252026,2025-12-29,2,0,0.49953085605445846,0.5464956391602344,0.5082739223847206,0.48048535734020137,0.5098332884384533
2025020611,20252026,2025-12-29,2,1,0.6954756470706761,0.6958645908840096,0.6556566992981696,0.71300149744126,0.7177687444725986
2025020612,20252026,2025-12-29,2,0,0.5986062165628536,0.6203012330859952,0.5972697813135802,0.6092972246562699,0.5892516437187107
2025020613,20252026,2025-12-29,2,1,0.5197921055856547,0.5781503682236174,0.5460699934285863,0.5012755232714496,0.5120308000569281
2025020614,20252026,2025-12-29,2,0,0.5553510005913602,0.5619959663498143,0.538665021396706,0.5675090480345288,0.559878932342846
2025020615,20252026,2025-12-29,2,0,0.6298759606850081,0.6411693890281737,0.6370013005947647,0.6035491517856236,0.6490774296746359
2025020616,20252026,2025-12-29,2,0,0.45327559786128635,0.5682500839703346,0.4981794328517137,0.41389851156062923,0.4477488491715162
2025020617,20252026,2025-12-30,2,1,0.5390494755859553,0.6086955148394816,0.543251925364875,0.5575215384955785,0.5163749628974122
2025020618,20252026,2025-12-30,2,0,0.5341819829786226,0.6576102984423572,0.5488789493058911,0.5380362786569012,0.5156307209730757
2025020619,20252026,2025-12-30,2,1,0.4730513138191928,0.4651085899409258,0.48661848799471336,0.43908246632394726,0.49345298713891783
2025020620,20252026,2025-12-30,2,0,0.4646120417199484,0.476099479709436,0.47303758188903916,0.4700361419883503,0.45076240128245576
2025020621,20252026,2025-12-30,2,0,0.4666128765693042,0.5646073996382782,0.536678350081003,0.40985409247609533,0.4533061871508144
2025020622,20252026,2025-12-31,2,1,0.583841061611749,0.5975067934080603,0.5699849741697302,0.593294846540319,0.5882433641251978
2025020623,20252026,2025-12-31,2,0,0.5800878637738189,0.6425405500639686,0.5786204249730972,0.6024751412972786,0.5591680250510809
2025020624,20252026,2025-12-31,2,0,0.45696538851295615,0.4535587932176463,0.4757304564987563,0.4457907363403845,0.4493749726997276
2025020625,20252026,2025-12-31,2,1,0.3746599156594046,0.4149387545838232,0.4096113653277723,0.3590689508769294,0.35529943077351206
2025020626,20252026,2025-12-31,2,1,0.4306084478988919,0.5502849124519059,0.44141095968383887,0.404837240396186,0.44557714361665085
2025020627,20252026,2025-12-31,2,0,0.5705010754995227,0.5779748677233707,0.5599699415630776,0.6034223128978894,0.548110972037601
2025020628,20252026,2025-12-31,2,0,0.5760098235700362,0.6526000210241383,0.5547741766039461,0.5918462997693961,0.5814089943367663
2025020629,20252026,2025-12-31,2,1,0.7138250197632637,0.7403816419083437,0.6893356243160691,0.7362398743420174,0.7158995606317046
2025020630,20252026,2025-12-31,2,1,0.5742348721355833,0.579307935405555,0.5838139120022334,0.5781583064803553,0.5607323979241611
2025020631,20252026,2025-12-31,2,0,0.5602317988961802,0.6645345374998524,0.5571385285409468,0.5694181872376657,0.5541386809099282
2025020632,20252026,2026-01-01,2,1,0.6101819984876616,0.5399483869160732,0.5825914831532827,0.6361266831397768,0.6118278291699252
2025020633,20252026,2026-01-01,2,0,0.4818445544407553,0.5702171574366407,0.4964665479811349,0.4844357755681511,0.46463133977298
2025020634,20252026,2026-01-01,2,1,0.526895788363478,0.5779024013865715,0.576841382921564,0.498250795606363,0.505595186562507
2025020635,20252026,2026-01-01,2,1,0.5720423526438118,0.5359195835473952,0.5435877836118972,0.6012890685849537,0.5712502057345845
2025020636,20252026,2026-01-01,2,0,0.6206029614903693,0.6363315358923703,0.6269899243737416,0.629792644805257,0.6050263152921096
2025020637,20252026,2026-01-01,2,1,0.4621408811967626,0.3851720560283587,0.4721997704436963,0.45985961974882944,0.45436325339776196
2025020638,20252026,2026-01-01,2,1,0.502055960635626,0.5647212573034047,0.4919329904906405,0.5147956131677025,0.4994392782485348
2025020639,20252026,2026-01-01,2,0,0.5436277425201217,0.5052815628410371,0.5180404758834158,0.5675797691111293,0.54526298256582
2025020640,20252026,2026-01-02,2,1,0.41886744905911694,0.5137633506937286,0.42735970039578114,0.41630769255174815,0.4129349542298216
2025020641,20252026,2026-01-02,2,0,0.5828506694463115,0.6408197432437346,0.5665940726656874,0.6008604309794371,0.58109750469381
2025020642,20252026,2026-01-02,2,0,0.6523359477950329,0.569531070652528,0.6176520773654443,0.6788363877609337,0.6605193782587209
2025020643,20252026,2026-01-02,2,0,0.5409510169591555,0.4789835406609141,0.5218910441338572,0.5138209403311835,0.5871410664124258
2025020644,20252026,2026-01-03,2,0,0.501031856106024,0.6001837924167593,0.5287743097253409,0.4812041621143933,0.4931170964783375
2025020645,20252026,2026-01-03,2,1,0.48358741277683115,0.5494200460274853,0.4667795730599201,0.4929121111220149,0.49107055414855855
2025020646,20252026,2026-01-03,2,1,0.4843511932999734,0.5395744049183103,0.44201021450123074,0.5108987209724828,0.5001446444262067
2025020647,20252026,2026-01-03,2,0,0.5976339822521801,0.6565103620531078,0.6150031210864262,0.6078474841453202,0.5700513415247942
2025020648,20252026,2026-01-03,2,1,0.38277688890322104,0.5375733247557098,0.3796930178132875,0.3768815740990287,0.3917560747973469
2025020649,20252026,2026-01-03,2,0,0.3659486728267744,0.3871597788476851,0.3987225950980423,0.3165219764367718,0.3826014469455091
2025020650,20252026,2026-01-03,2,1,0.5138652889108615,0.5631092640319395,0.5162836992951748,0.526557841756302,0.49875432568110767
2025020651,20252026,2026-01-03,2,1,0.546054977357553,0.5255470913127448,0.5423455437770915,0.5307668810771994,0.5650525072183681
2025020652,20252026,2026-01-03,2,0,0.6689569303299113,0.6998521463377249,0.6759995186627189,0.6519309170903348,0.6789403552366802
2025020653,20252026,2026-01-03,2,0,0.45936319628446814,0.4651925552977349,0.49465628121642385,0.3953920199847301,0.48804128765225036
2025020654,20252026,2026-01-03,2,0,0.5449415550072261,0.609136206543615,0.5454043155249065,0.5541966056467004,0.5352237438500714
2025020655,20252026,2026-01-03,2,1,0.5869531349926156,0.5251482814761623,0.5625579942544706,0.6081232817411558,0.5901781289822204
2025020656,20252026,2026-01-03,2,0,0.4225201595241037,0.5394633853515142,0.42840989669614504,0.4255580069945294,0.41359257488163664
2025020657,20252026,2026-01-04,2,0,0.6286066101449248,0.6481178313181365,0.6185146849853089,0.6504579348414684,0.6168472106079973
2025020658,20252026,2026-01-04,2,0,0.49750488346108884,0.5773430064679999,0.49688403692683064,0.49120128432378973,0.504429329132646
2025020659,20252026,2026-01-04,2,1,0.5033493797740703,0.470994671056613,0.5170314838171265,0.46244589845244954,0.5305707570526351
2025020660,20252026,2026-01-04,2,0,0.3996176150864869,0.511737373540514,0.41266224580809674,0.4141899780086881,0.372000621442676
2025020661,20252026,2026-01-04,2,1,0.33567650670814775,0.4559257780577209,0.36528844744976885,0.313387233449632,0.32835383922504235
2025020662,20252026,2026-01-05,2,0,0.4856715034852273,0.5840454571283147,0.5019634720529574,0.49707020149105563,0.4579808369116689
2025020663,20252026,2026-01-05,2,1,0.5450024806357932,0.648260181096887,0.5300878487723708,0.5804958033397415,0.5244237897952672
2025020664,20252026,2026-01-05,2,0,0.6118555255261693,0.5910501815325396,0.6029903391618476,0.6309915030327278,0.6015847343839325
2025020665,20252026,2026-01-05,2,0,0.607254748042712,0.5967797939878396,0.5904266441588231,0.6239917202274807,0.6073458797418321
2025020666,20252026,2026-01-05,2,1,0.5510437312872343,0.5316709131372843,0.5567012539912253,0.5610819972143675,0.53534794265611
2025020667,20252026,2026-01-06,2,1,0.5679314810393398,0.6256199955239126,0.5656382682637584,0.5804412638123381,0.557714911041923
2025020668,20252026,2026-01-06,2,1,0.46422092312685387,0.5020308162857475,0.4904360747333544,0.425833128240426,0.4763935664067812
2025020669,20252026,2026-01-06,2,1,0.5587997954830716,0.5764820954277908,0.5540677701956573,0.566535918839144,0.5557956974144136
2025020670,20252026,2026-01-06,2,1,0.5897696229193371,0.6082706518241534,0.5751371485780211,0.612853170781905,0.5813185493980852
2025020671,20252026,2026-01-06,2,1,0.5206532010754499,0.5546232588085225,0.5206921508886394,0.5283163251586469,0.5129511271790635
2025020672,20252026,2026-01-06,2,1,0.44488220342585877,0.5314437962352832,0.4714444785824084,0.4247707493383356,0.4384313823568323
2025020673,20252026,2026-01-06,2,0,0.5676823977132844,0.5718137143686522,0.5636104054331291,0.5776258009531411,0.561810986753583
2025020674,20252026,2026-01-06,2,1,0.5507965124576214,0.6610576675417029,0.5450949123502217,0.5851797991462218,0.5221148258764206
2025020675,20252026,2026-01-06,2,1,0.45218209518494623,0.482324113766534,0.4532653913496005,0.44246386715399577,0.4608170270512424
2025020676,20252026,2026-01-06,2,1,0.40178719186922734,0.5548335866306602,0.45153202857905805,0.3664005917708176,0.3874289552578066
2025020677,20252026,2026-01-07,2,0,0.532623573401382,0.5413498138837974,0.5072494491399182,0.5652230726213752,0.5253981984428526
2025020678,20252026,2026-01-07,2,1,0.5966605270922721,0.5903498337300458,0.5926782237589718,0.6035803091494008,0.5937230483684439
2025020679,20252026,2026-01-07,2,1,0.5117474064340413,0.506111426641225,0.5194488780591465,0.5251656918543249,0.49062764938865244
2025020680,20252026,2026-01-07,2,1,0.5292765168713693,0.5665155050972064,0.5490434408888969,0.510285104411781,0.5285010053134302
2025020681,20252026,2026-01-07,2,0,0.7006294238990486,0.6795827423224534,0.6813806561319838,0.7236225481670444,0.6968850673981178
2025020682,20252026,2026-01-08,2,1,0.6052608926769781,0.5800345382497317,0.5950148208845649,0.6104553546989726,0.6103125024473971
2025020683,20252026,2026-01-08,2,1,0.42970077234921494,0.5152876288693233,0.4636107146431798,0.3830881770214194,0.4424034253830456
2025020684,20252026,2026-01-08,2,1,0.48563159967649305,0.6246479088893532,0.4837219722782069,0.4945878683849336,0.47858495836633863
2025020685,20252026,2026-01-08,2,0,0.531733416058827,0.5688733180937074,0.525765302182818,0.5296066672770638,0.539828278716599
2025020686,20252026,2026-01-08,2,0,0.5670273835117569,0.526340310075919,0.5555985939813558,0.5538858640233723,0.5915976925305425
2025020687,20252026,2026-01-08,2,1,0.5961880542997474,0.582347726210465,0.5927557802815547,0.605047168888002,0.5907612137296856
2025020688,20252026,2026-01-08,2,1,0.6347304356387576,0.6828981385198423,0.6526443795168042,0.611174077367975,0.6403728500314935
2025020689,20252026,2026-01-08,2,1,0.5112388649034396,0.5308933904775152,0.5350694821642596,0.48357828951583426,0.5150688230302248
2025020690,20252026,2026-01-08,2,0,0.5346391423862998,0.5222802504790809,0.5340183984480541,0.5398260581956659,0.5300729705151795
2025020691,20252026,2026-01-08,2,1,0.699263506402472,0.7107228553353341,0.7064462120450887,0.6987583703406259,0.6925859368217013
2025020692,20252026,2026-01-08,2,1,0.6017576327359588,0.6111545877259111,0.570400176648172,0.6356318299551799,0.5992408916045245
2025020693,20252026,2026-01-08,2,0,0.4521379356972967,0.5039086141504807,0.49482289445484506,0.40525245688125455,0.45633845575579035
2025020694,20252026,2026-01-09,2,0,0.4987577415469023,0.4569098381028897,0.5204192702025762,0.45012565440407126,0.5257283000340593
2025020695,20252026,2026-01-09,2,1,0.4895066471733061,0.566038317082282,0.47928434627547956,0.4976519369694412,0.4915836582749976
2025020696,20252026,2026-01-09,2,1,0.6216563243325877,0.6140416450970614,0.5927205988428197,0.6491065258832972,0.6231418482716461
2025020697,20252026,2026-01-10,2,1,0.5457594538377114,0.5613239738631165,0.550613311042283,0.5165737425474564,0.570091307923395
2025020698,20252026,2026-01-10,2,0,0.6050707008307479,0.5921047290104383,0.6087269361081942,0.6185101921328199,0.5879749742512297
2025020699,20252026,2026-01-10,2,1,0.7140737820369764,0.7391438186831653,0.6874828088241904,0.7383237129429809,0.7164148243437577
2025020700,20252026,2026-01-10,2,1,0.3804798898555232,0.4061562888818055,0.4131175453992802,0.35218323998352835,0.37613888418376107
2025020701,20252026,2026-01-10,2,1,0.5685527852546982,0.6491068414450494,0.5636763409688172,0.5889824278836903,0.5529995869115871
2025020702,20252026,2026-01-10,2,1,0.5641512784813708,0.6627208220061196,0.5717070779149552,0.5523837053546425,0.5683630521745147
2025020703,20252026,2026-01-10,2,0,0.6082972572619595,0.577107416546076,0.6214072841990209,0.5824704911542815,0.6210139964325763
2025020704,20252026,2026-01-10,2,0,0.4706312368365079,0.5160245461373294,0.4671941258035054,0.48452909551321466,0.46017048919280357
2025020705,20252026,2026-01-10,2,0,0.46302086416322225,0.4593628360626792,0.4953968706571458,0.43634121469332926,0.4573245071391915
2025020706,20252026,2026-01-10,2,1,0.6797929715161416,0.6552467465668738,0.6511110663378906,0.7161521486002074,0.6721156996103266
2025020707,20252026,2026-01-10,2,0,0.6363286930248742,0.6218187528355573,0.6184401671021149,0.6432809157649362,0.6472649962075715
2025020708,20252026,2026-01-10,2,0,0.5983448473073959,0.6268251071228357,0.5929178655794158,0.6026758761776974,0.5994408001650746
2025020709,20252026,2026-01-10,2,0,0.6183737968748603,0.6269112962372329,0.5959476208250147,0.6529200117052821,0.6062537580942838
2025020710,20252026,2026-01-10,2,1,0.6702389843535048,0.6310587478870583,0.6562084120612157,0.6971568332280204,0.6573517077712784
2025020711,20252026,2026-01-11,2,1,0.5848373433586234,0.6133355777187055,0.5732984917261457,0.6082627714763303,0.572950766873394
2025020712,20252026,2026-01-11,2,1,0.5192286634685477,0.5820284026514867,0.5279464551173426,0.5062997610904936,0.5234397741978071
2025020713,20252026,2026-01-11,2,1,0.449393984066585,0.4870732401937571,0.45305754125460024,0.40910094356469817,0.4860234673804565
2025020714,20252026,2026-01-11,2,0,0.6369401622393487,0.6128759016028205,0.5917782996438529,0.679909196898196,0.6391329901759973
2025020715,20252026,2026-01-11,2,0,0.408145759424311,0.4565275118494177,0.43710132052992406,0.3604957422416413,0.42684021550136786
2025020716,20252026,2026-01-12,2,0,0.4132291710011738,0.5351872490922915,0.45352300713881744,0.39711758077070586,0.3890469250939982
2025020717,20252026,2026-01-12,2,1,0.38977654458475103,0.5213588357992858,0.4067987901772765,0.3500057515868866,0.4125250919900901
2025020718,20252026,2026-01-12,2,0,0.6437262784072885,0.5896485484635309,0.6261110315655952,0.6590349110759013,0.6460328925803692
2025020719,20252026,2026-01-12,2,0,0.4780236326344154,0.4447815390123508,0.5295987618175765,0.4152295449571042,0.48924259112856544
2025020720,20252026,2026-01-12,2,1,0.613789078094231,0.6366205685192855,0.6625042772579306,0.5802266241402231,0.5986363328845392
2025020721,20252026,2026-01-12,2,0,0.6419683250093055,0.6467505947404666,0.6386424845906199,0.6558211327115677,0.631441357725729
2025020722,20252026,2026-01-12,2,0,0.38716618617704784,0.4282069324347989,0.4138109828626036,0.346765383393229,0.4009221922753109
2025020723,20252026,2026-01-12,2,0,0.6982311042772634,0.6845961581644731,0.6695466468252831,0.6979468169841755,0.7271998490223317
2025020724,20252026,2026-01-12,2,0,0.5100976470145593,0.5134223702405963,0.45567070671998394,0.5489439487920463,0.5256782855316474
2025020725,20252026,2026-01-13,2,1,0.6732499642730461,0.6330831369116946,0.6734143024522858,0.6991247104182405,0.6472108799486118
2025020726,20252026,2026-01-13,2,0,0.4985651506852717,0.4451178444164621,0.48887166685153993,0.47286355484813325,0.5339602303561418
2025020727,20252026,2026-01-13,2,1,0.5954790230110145,0.5933780436269549,0.5906525237869685,0.6287259762287281,0.5670585690173469
2025020728,20252026,2026-01-13,2,1,0.592731261649647,0.5706397697759656,0.5875918513130504,0.6151957198286976,0.575406213807193
2025020729,20252026,2026-01-13,2,1,0.5932533431241228,0.5533645937953461,0.5906972781589174,0.5990218726833851,0.590040878530066
2025020730,20252026,2026-01-13,2,1,0.4151938448482127,0.4647883596657017,0.434692135142895,0.4023259584942182,0.408563440907525
2025020731,20252026,2026-01-13,2,1,0.4707389560434955,0.4609176830149302,0.4911467247179807,0.4499005161515234,0.4711696272609825
2025020732,20252026,2026-01-13,2,1,0.5932842152778414,0.5889017062088757,0.5752036711415902,0.6127224516834555,0.5919265230084784
2025020733,20252026,2026-01-13,2,1,0.6009380676299799,0.5314840271836847,0.5489402337616373,0.6441916647462146,0.609682304382088
2025020734,20252026,2026-01-13,2,1,0.4740333543801339,0.4307960077626556,0.43654088221485116,0.5262463090885714,0.4593128718369791
2025020735,20252026,2026-01-14,2,1,0.6234742551996791,0.5674756198638546,0.5959175139128946,0.6229664144514785,0.6515388372346645
2025020736,20252026,2026-01-14,2,1,0.5130691883316053,0.6169837104795849,0.5062661995753077,0.5182301132283197,0.5147112521911885
2025020737,20252026,2026-01-14,2,0,0.5595872578913222,0.5590811262924957,0.559397184817435,0.5569600376081343,0.5624045512483975
2025020738,20252026,2026-01-14,2,0,0.5493542444894367,0.543221929227512,0.5130926216547761,0.5888821060927624,0.5460880057207714
2025020739,20252026,2026-01-15,2,1,0.6501903294515846,0.6001552886774605,0.6260443179875645,0.6784347629424325,0.6460919074247569
2025020740,20252026,2026-01-15,2,1,0.4741592054250155,0.5882780768285676,0.502283059513409,0.4543853659275985,0.465809190834039
2025020741,20252026,2026-01-15,2,1,0.5902774914409208,0.5863350624454128,0.5976443728058866,0.584178421699176,0.5890096798176997
2025020742,20252026,2026-01-15,2,0,0.6290977480435879,0.6922863501765185,0.6288084924938541,0.6391052387652469,0.6193795128716627
2025020743,20252026,2026-01-15,2,1,0.5944299296963184,0.6191526861380099,0.5641713984544199,0.6214079067006025,0.5977104839339327
2025020744,20252026,2026-01-15,2,0,0.5836532359421595,0.5898232487274331,0.5765922001967538,0.587966165887114,0.5864013417426105
2025020745,20252026,2026-01-15,2,0,0.5006098555100392,0.5112126155940065,0.5377550171785067,0.48556889891966215,0.478505650431949
2025020746,20252026,2026-01-15,2,1,0.4962152430805917,0.5190820700363652,0.49914999711081737,0.5046728632950641,0.4848228688358936
2025020747,20252026,2026-01-15,2,0,0.6143799664275997,0.6344826815997983,0.6113597792674804,0.6281505272967903,0.6036295927185285
2025020748,20252026,2026-01-15,2,1,0.5714115157418673,0.5680372192202586,0.5916951818641188,0.5661037777666816,0.5564355875948014
2025020749,20252026,2026-01-16,2,1,0.5934776627211823,0.6700359838718447,0.6281100867145541,0.5901003803288885,0.5622225211201041
2025020750,20252026,2026-01-16,2,1,0.5389896030744551,0.5651436161060729,0.5648025535547372,0.5235669636675997,0.5285992920010283
2025020751,20252026,2026-01-16,2,1,0.37765631622567214,0.4213302968722214,0.41145023029593747,0.32894784911006253,0.3925708692710164
2025020752,20252026,2026-01-16,2,0,0.6867471572918974,0.749870161149671,0.6550105671345474,0.7221424082913654,0.6830884964497793
2025020753,20252026,2026-01-16,2,0,0.6265931843459709,0.630435123049611,0.5865559092790806,0.6630217368454919,0.6302019069133402
2025020754,20252026,2026-01-17,2,0,0.5071890148742434,0.5709607340239393,0.5463500297675086,0.48622629058828915,0.4889907242669324
2025020755,20252026,2026-01-17,2,0,0.5838685699040145,0.5556096486589935,0.5984387654088119,0.5492592124660823,0.603907731837149
2025020756,20252026,2026-01-17,2,1,0.500287093086159,0.5478995532336641,0.5000741374942865,0.5127002042892194,0.48808693747497134
2025020757,20252026,2026-01-17,2,1,0.6298853269917316,0.6154915239832651,0.614749828169893,0.6410634181337675,0.6338427346715342
2025020758,20252026,2026-01-17,2,0,0.5884012489132178,0.576398947630622,0.5698838425626653,0.6120317875398885,0.5832881166370996
2025020759,20252026,2026-01-17,2,0,0.4987624922139702,0.4867974696390585,0.49792676132567903,0.5007673768195381,0.4975933384966935
2025020760,20252026,2026-01-17,2,0,0.5768953884942897,0.5749670212770145,0.5660569073833129,0.6021300778655465,0.5624991802340099
2025020761,20252026,2026-01-17,2,0,0.5453094750033384,0.5461265852259151,0.5470514539325461,0.5569091790992259,0.531967791978243
2025020762,20252026,2026-01-17,2,0,0.5844701817985999,0.5613394370276306,0.5720708537588476,0.6068091346620273,0.5745305569749249
2025020763,20252026,2026-01-17,2,0,0.44441168688289506,0.4646384806630006,0.4642290508640273,0.4285501394971774,0.4404558702874803
2025020764,20252026,2026-01-17,2,0,0.40869107171858693,0.4399978037714647,0.40274649226621634,0.4357561246334231,0.38757059825612117
2025020765,20252026,2026-01-17,2,1,0.6802397594379049,0.6386931261188077,0.6581956427593506,0.7129855015295558,0.6695381340248084
2025020766,20252026,2026-01-17,2,1,0.48181908846189075,0.5195579942196553,0.4744132606185343,0.5246070066972098,0.44643699806992815
2025020767,20252026,2026-01-18,2,0,0.46956019262189796,0.526345473889434,0.47817435577618483,0.4400620889728632,0.4904441331166458
2025020768,20252026,2026-01-18,2,1,0.5101029374969551,0.5855113424234629,0.5242308087539873,0.4720696963705587,0.5340083073663195
2025020769,20252026,2026-01-18,2,1,0.6412025678914292,0.6621150459156874,0.6492581512776898,0.6069742915897559,0.6673752608068417
2025020770,20252026,2026-01-19,2,1,0.6344524961740013,0.6168556900028551,0.6102790932430784,0.6488439831224159,0.64423441215651
2025020771,20252026,2026-01-19,2,1,0.700817835786976,0.6882529682610902,0.7000294529700154,0.6961011005454458,0.7063229538454668
2025020772,20252026,2026-01-19,2,0,0.4746786463777859,0.5570842847527337,0.4823174090003,0.49675824813403546,0.44496028199902227
2025020773,20252026,2026-01-19,2,0,0.6727984697650552,0.714109577074112,0.6936416913564676,0.6532881183987841,0.6714655995399142
2025020774,20252026,2026-01-19,2,0,0.4704812753227992,0.5808105901915085,0.4912544450936153,0.4537404798560451,0.4664489010187372
2025020775,20252026,2026-01-19,2,0,0.5789424918332758,0.6586830176264012,0.6104509796628027,0.5686119939630147,0.5577645018740103
2025020776,20252026,2026-01-19,2,1,0.47313348293104607,0.4462368910270031,0.5096624558739169,0.4508460178942156,0.45889197502500567
2025020777,20252026,2026-01-19,2,0,0.4880436877751226,0.5791954765958972,0.4993699345400821,0.47984121632944965,0.48491991245583593
2025020778,20252026,2026-01-19,2,0,0.487074042588352,0.4937901784753807,0.47207328967087436,0.483750714754952,0.5053981233392298
2025020779,20252026,2026-01-19,2,1,0.5236180286010635,0.5346526669196414,0.5196017907812045,0.5166595260763573,0.5345927689456288
2025020780,20252026,2026-01-20,2,1,0.5099606133982953,0.5374701153746478,0.5165206600656461,0.49126103541596317,0.5221001447132769
2025020781,20252026,2026-01-20,2,1,0.7606835396932851,0.749660927256613,0.7460780341453624,0.7806085335294991,0.7553640514049936
2025020782,20252026,2026-01-20,2,0,0.46636866736605453,0.5592657677202372,0.4667036867094326,0.45120325037486,0.4811990650138712
2025020783,20252026,2026-01-20,2,1,0.5638530396440556,0.6107699131282383,0.4938975209529521,0.5758264103058895,0.6218351876733252
2025020784,20252026,2026-01-20,2,0,0.5509817348285276,0.5150487725352926,0.5575957230915914,0.5507100553748387,0.5446394260191527
2025020785,20252026,2026-01-20,2,1,0.5619655562574524,0.6243461278710656,0.5814502234316082,0.5623081935954883,0.5421382517452608
2025020786,20252026,2026-01-20,2,0,0.6805590752173131,0.6584369849033369,0.6620772233991395,0.6868892546514198,0.69271074760138
2025020787,20252026,2026-01-20,2,1,0.6365764938514665,0.58467570968964,0.5976992138918928,0.6253179874057521,0.6867122802567548
2025020788,20252026,2026-01-21,2,0,0.5436083777896505,0.5851996603187021,0.5327348468694151,0.5350914252775519,0.5629988612219848
2025020789,20252026,2026-01-21,2,0,0.7356763922429225,0.7472611182553431,0.6902836428121315,0.7485922731038144,0.7681532608128215
2025020790,20252026,2026-01-21,2,1,0.613537414070877,0.6339827592525056,0.6167655921377705,0.6282675855612265,0.595579064513634
2025020791,20252026,2026-01-21,2,0,0.4467235906782862,0.5578147964111075,0.456901997446005,0.4607151276481935,0.4225536469406601
2025020792,20252026,2026-01-21,2,1,0.46404262193767837,0.4675284399673696,0.4700786481274063,0.4705174560043391,0.4515317616812897
2025020793,20252026,2026-01-21,2,1,0.4705326838286658,0.5343317551158956,0.4654317528879237,0.4977270821195229,0.44843921647855084
2025020794,20252026,2026-01-22,2,1,0.4701710565481106,0.5424873945452833,0.46917629560573726,0.47006685924675984,0.47127001479183467
2025020795,20252026,2026-01-22,2,0,0.6017987182227916,0.5539777707174874,0.5912011705689139,0.6043402280272347,0.6098547560722266
2025020796,20252026,2026-01-22,2,0,0.7326740486896798,0.7242613394782145,0.7375838076925818,0.726767060974482,0.7336712774019758
2025020797,20252026,2026-01-22,2,1,0.4647435040536713,0.4882700440920766,0.452418929712262,0.46636498132447396,0.47544660112427795
2025020798,20252026,2026-01-22,2,1,0.42854955353565766,0.5230306529084512,0.45234301910625363,0.4118103311585267,0.4214953103421927
2025020799,20252026,2026-01-22,2,0,0.4381300487959141,0.5415111359650202,0.43813628884377576,0.4472614130137774,0.42899244453018914
2025020800,20252026,2026-01-22,2,0,0.6229847446229687,0.6347445658929414,0.5878071179633955,0.6731647033391858,0.607982412566325
2025020801,20252026,2026-01-22,2,1,0.616905813612942,0.5841762229933457,0.5934273512729277,0.6374983595739793,0.619791729991919
2025020802,20252026,2026-01-23,2,0,0.5297319397796754,0.5634776513516765,0.5481968066019431,0.5151357192948018,0.5258632934422811
2025020803,20252026,2026-01-23,2,0,0.3181051955195254,0.3641056090577158,0.3929119488177089,0.22311833360974084,0.3382853041311264
2025020804,20252026,2026-01-23,2,1,0.6218079916662932,0.6668575285259268,0.6313238227746149,0.5999815661841854,0.6341185860400794
2025020805,20252026,2026-01-23,2,0,0.7122940823397941,0.7402665202527478,0.6808992111558163,0.743185505450789,0.712797530412777
2025020806,20252026,2026-01-23,2,0,0.45063111849091225,0.5269223608234975,0.44281248834961434,0.48205324835120533,0.4270276187719171
2025020807,20252026,2026-01-23,2,0,0.4604584037420554,0.5072025006137882,0.4445886328729682,0.48489237538806595,0.45189420296513205
2025020808,20252026,2026-01-23,2,1,0.49677574342470887,0.5075174215800887,0.5450823507802194,0.43957311008761474,0.5056717694062924
2025020809,20252026,2026-01-23,2,0,0.5306273378431678,0.5798939022471287,0.5077043274929733,0.5761540370764928,0.5080236489600374
2025020810,20252026,2026-01-24,2,0,0.5537712127958575,0.5310654099642371,0.5358972484208069,0.5685496522558989,0.5568667377108665
2025020811,20252026,2026-01-24,2,0,0.4505444281307546,0.5095491761242593,0.4674674696451517,0.4342244354369167,0.44994137931019534
2025020812,20252026,2026-01-24,2,1,0.5215867653713531,0.5831366210691544,0.523915207239208,0.5182125378983795,0.5226325509764719
2025020813,20252026,2026-01-24,2,0,0.4659979823159886,0.5063729365216315,0.45002974477514485,0.41533192754572396,0.5326322746270972
2025020814,20252026,2026-01-24,2,1,0.4675511428806188,0.4326905739755721,0.45932094627106035,0.44903409850984155,0.49429838386095454
2025020815,20252026,2026-01-24,2,0,0.5280656967648721,0.5678527949296011,0.5246289884786959,0.5510243293494167,0.5085437724665036
2025020816,20252026,2026-01-24,2,0,0.4209130534360141,0.5322090396922645,0.4289061246419968,0.4424525951892758,0.3913804404767695
2025020817,20252026,2026-01-24,2,0,0.48359092865784303,0.5560651089927388,0.4876837622999832,0.45861235525891353,0.5044766684146323
2025020818,20252026,2026-01-24,2,1,0.6574956216173456,0.6047994486066065,0.6328514909615097,0.6906680141091408,0.6489673597813866
2025020819,20252026,2026-01-25,2,0,0.3495305516673041,0.4605168278898763,0.41434246818518317,0.2815455905888478,0.3527035962278812
2025020820,20252026,2026-01-25,2,1,0.47263610923838434,0.5468246325294086,0.44746789697329464,0.489701911624917,0.48073851911694127
2025020821,20252026,2026-01-25,2,1,0.4376849260793898,0.5219162430568745,0.45868871634000136,0.3806713967302292,0.4736946651679388
2025020822,20252026,2026-01-25,2,0,0.414424716723087,0.477490079121464,0.40296959789420994,0.42820944577534026,0.4120951064997108
2025020823,20252026,2026-01-25,2,0,0.37383246415167987,0.4200900264482772,0.40188235850278486,0.36387917434159855,0.35573585961065607
2025020824,20252026,2026-01-25,2,0,0.5167917822760799,0.5699325065373791,0.49658835956770525,0.5464353903148931,0.5073515969456415
2025020825,20252026,2026-01-26,2,1,0.625496699607675,0.6496972182772699,0.6377403270311361,0.6269387699548534,0.6118110018370354
2025020826,20252026,2026-01-26,2,1,0.4747227091872952,0.5257423555565212,0.45598327165351654,0.46813579745943107,0.500049058448938
2025020827,20252026,2026-01-26,2,0,0.5400141442797463,0.5563563626968849,0.5415630992121955,0.5500360061210098,0.5284433275060335
2025020829,20252026,2026-01-26,2,1,0.7158003094378804,0.6548092058624606,0.6794338385983594,0.767614826337247,0.7003522633780352
2025020830,20252026,2026-01-27,2,1,0.5275617276408324,0.6265594470476906,0.5509556302185732,0.49827056567902656,0.5334589870248976
2025020831,20252026,2026-01-27,2,0,0.5163465512950712,0.5462083098950109,0.49539336144300794,0.5246115505818975,0.5290347418603083
2025020832,20252026,2026-01-27,2,1,0.5138214052541511,0.5345778080449157,0.48496719468246025,0.5296520017038983,0.526845019376095
2025020833,20252026,2026-01-27,2,0,0.5144591266786631,0.6007991701033338,0.5184326120000905,0.526002693998038,0.49894207403786067
2025020834,20252026,2026-01-27,2,0,0.6008996647618422,0.606614715295747,0.594032374511411,0.6143056494033321,0.5943609703707835
2025020835,20252026,2026-01-27,2,0,0.5553737890405016,0.5433341861538387,0.5263199201180646,0.5783998788685107,0.5614015681349294
2025020836,20252026,2026-01-27,2,0,0.450652219438771,0.4623690355463957,0.47755401232062333,0.44474789487548577,0.42965475112020385
2025020837,20252026,2026-01-27,2,1,0.6766126139652453,0.6960115887739241,0.6815277244594855,0.6648242043888061,0.6834859130474445
2025020838,20252026,2026-01-27,2,0,0.5229851827571658,0.5639914642860174,0.5093016284198995,0.5103016113654327,0.5493523084861655
2025020839,20252026,2026-01-27,2,1,0.448203824624894,0.5199597717987462,0.4693025334239208,0.4409366480592489,0.4343722923915122
2025020840,20252026,2026-01-28,2,1,0.5929507726651998,0.6021002161453679,0.5878201493513039,0.5971424128657719,0.5938897557785235
2025020841,20252026,2026-01-28,2,1,0.42963075033486553,0.4363665897657284,0.48497490712211555,0.3496870152778834,0.4542303286045977
2025020842,20252026,2026-01-28,2,1,0.5505643497545284,0.5882113237611211,0.5256426026490764,0.5383747943564232,0.5876756522580856
2025020843,20252026,2026-01-29,2,1,0.6378628492249403,0.6303612531797212,0.6259186604124687,0.6303042245219798,0.6573656627403722
2025020844,20252026,2026-01-29,2,1,0.5197774893115729,0.6125413772028293,0.5112634342466242,0.5172444996411997,0.5308245340468948
2025020845,20252026,2026-01-29,2,1,0.45669520462468727,0.4434071868086672,0.4677039002469861,0.4264136681114944,0.4759680455155813
2025020846,20252026,2026-01-29,2,0,0.5605493521953011,0.5842747227331466,0.57262786738207,0.5545149947805026,0.5545051944233308
2025020847,20252026,2026-01-29,2,1,0.7042372678888532,0.6711022499406674,0.6815842318782946,0.712989885708092,0.7181376860801728
2025020848,20252026,2026-01-29,2,1,0.5540841360358764,0.5929453289981462,0.5402152229173317,0.5550970205113991,0.5669401646788984
2025020849,20252026,2026-01-29,2,0,0.45679078303644877,0.5440276044132426,0.45032495652839305,0.47776696489504344,0.4422804276859098
2025020850,20252026,2026-01-29,2,1,0.6747923081450263,0.6763952316336419,0.6892247483562144,0.6797328865886728,0.6554192894901913
2025020851,20252026,2026-01-29,2,1,0.6179203703615155,0.6110155504303622,0.6265157746035152,0.6044865125821496,0.6227588238988816
2025020852,20252026,2026-01-29,2,1,0.4278110931784485,0.4601573981733345,0.4317085116776187,0.4036501383002142,0.4480746295575127
2025020853,20252026,2026-01-29,2,1,0.6171833583788232,0.6464089918984959,0.6321593659757658,0.613482693323192,0.6059080158375116
2025020854,20252026,2026-01-29,2,1,0.6604533821841959,0.6965608975093328,0.675412550942343,0.638477207781783,0.6674703878284621
2025020855,20252026,2026-01-29,2,1,0.4574981276305041,0.5100380838495143,0.42959619423886525,0.501467805763619,0.441430382889028
2025020856,20252026,2026-01-29,2,0,0.5105388699866538,0.5406668490639699,0.49646197935389913,0.5348956162503011,0.500259014355761
2025020857,20252026,2026-01-29,2,1,0.5336283099561635,0.5354723405510706,0.5445226049284572,0.510734127972075,0.5456281969679581
2025020858,20252026,2026-01-30,2,0,0.35943791133052,0.4709102212715826,0.387437049295271,0.31953909573301437,0.3713375889632746
2025020859,20252026,2026-01-31,2,0,0.4806842589430717,0.521036564627453,0.4623852374299449,0.51345157952678,0.46621595987249015
2025020860,20252026,2026-01-31,2,0,0.40524433812512445,0.4674209975799163,0.4646084494266315,0.3414313301741678,0.4096932347745739
2025020861,20252026,2026-01-31,2,1,0.6093909931440451,0.6197955318531092,0.5786921747372201,0.613187470112948,0.6362933345819671
2025020862,20252026,2026-01-31,2,0,0.6141831492331452,0.6184988945817318,0.615827980178887,0.6145864820993101,0.6121349854212383
2025020863,20252026,2026-01-31,2,1,0.528557300718458,0.6016706520825641,0.5248888389043931,0.5135616822628405,0.5472213809881405
2025020864,20252026,2026-01-31,2,1,0.426107876141434,0.5089275102450385,0.4308875167813146,0.42819283473899505,0.4192432769039925
2025020865,20252026,2026-01-31,2,0,0.5168659165749174,0.6123183645569173,0.5137135063292828,0.4980062054319232,0.5388780379635464
2025020866,20252026,2026-01-31,2,1,0.5991763061849446,0.6025975420562414,0.5882869615353047,0.6143885086140077,0.5948534484055212
2025020867,20252026,2026-01-31,2,0,0.5714140775543518,0.6189574312294627,0.5602070268184681,0.5798775104576569,0.5741576953869306
2025020868,20252026,2026-01-31,2,0,0.5443238388130727,0.5246083102569546,0.5467805494009581,0.5456095371388275,0.5405814298994324
2025020869,20252026,2026-01-31,2,0,0.4666569263477163,0.4771992289161812,0.48307732772321876,0.42956162181920665,0.48733182950072357
2025020870,20252026,2026-01-31,2,0,0.50287006568271,0.533802588589344,0.480214393171633,0.5279221529530358,0.5004736509234613
2025020871,20252026,2026-01-31,2,0,0.5933191650791563,0.5916734625783048,0.5933407932613768,0.5968515842148308,0.5897651177612613
2025020872,20252026,2026-01-31,2,0,0.5924256867201222,0.6214486483569684,0.568026104266715,0.625651943273065,0.5835990126205868
2025020873,20252026,2026-02-01,2,1,0.6508236594947676,0.66693420033358,0.6225331938243526,0.6560399958824609,0.6738977887774894
2025020874,20252026,2026-02-01,2,1,0.6151421287225478,0.6369651902592435,0.627608376037225,0.5955486789007121,0.6222693312297065
2025020875,20252026,2026-02-01,2,1,0.5378777622230374,0.5051653156788103,0.5159923006959303,0.551588337740302,0.5460526482328799
2025020876,20252026,2026-02-02,2,0,0.5761597709935139,0.5772344211587883,0.5906909192153023,0.554378675824468,0.5834097179407713
2025020877,20252026,2026-02-02,2,0,0.5177793113348336,0.5732256475350714,0.5131628407999448,0.5087156793392803,0.5314594138652756
2025020878,20252026,2026-02-02,2,1,0.5713765135680441,0.5919300502493978,0.5295171266388852,0.6143466925235247,0.5702657215417225
2025020879,20252026,2026-02-02,2,1,0.5274718115210065,0.6033018131589573,0.5247338367060993,0.5121288816959074,0.5455527161610126
2025020880,20252026,2026-02-02,2,1,0.5050106301434372,0.5800976214866341,0.5542291573298944,0.4542259291731446,0.5065768039272724
2025020881,20252026,2026-02-02,2,1,0.4695131039362969,0.5402862971829956,0.4832637235095071,0.4482029110532161,0.4770726772461675
2025020882,20252026,2026-02-02,2,1,0.6284179995169323,0.6288291601434204,0.5795173565288213,0.6680581747806238,0.6376784672413518
2025020883,20252026,2026-02-02,2,0,0.6564261715732056,0.6827011260690059,0.6548374770320167,0.6801401981896581,0.6343008394979419
2025020884,20252026,2026-02-02,2,1,0.7259242111695321,0.6854480860957339,0.7064227709488011,0.7438911333964678,0.7274587291633273
2025020885,20252026,2026-02-02,2,0,0.5310441992840984,0.5233236025581276,0.516361663817306,0.513409463726095,0.5633614703088943
2025020886,20252026,2026-02-03,2,1,0.6857937750853514,0.6399398313275289,0.652934195665186,0.7136105732094246,0.6908365563814438
2025020887,20252026,2026-02-03,2,0,0.488151222776325,0.5397729413908117,0.48634534680908587,0.4940778846533693,0.48403043686651975
2025020888,20252026,2026-02-03,2,1,0.45936724283046154,0.5488793557058558,0.4706504839896059,0.4521248809212705,0.45532636358050804
2025020889,20252026,2026-02-03,2,1,0.5677127922509049,0.4961217670945989,0.5455601583201529,0.5840147290506714,0.5735634893818904
2025020890,20252026,2026-02-03,2,1,0.6331746313776726,0.6248868544986262,0.6386964616118974,0.6311787354773454,0.6296486970437749
2025020891,20252026,2026-02-03,2,0,0.6762730260406838,0.6123791934153469,0.6457198719655851,0.6821704053370371,0.700928800819429
2025020892,20252026,2026-02-03,2,1,0.5493671918277404,0.5513700345579001,0.5536058216735102,0.5375060145226542,0.5569897392870565
2025020893,20252026,2026-02-04,2,1,0.5746924281642982,0.5977805598165618,0.5866782448314504,0.5415690790199887,0.5958299606414557
2025020894,20252026,2026-02-04,2,1,0.6963318790238961,0.6816014396464203,0.7466318328258755,0.6156909223842381,0.7266728818615751
2025020895,20252026,2026-02-04,2,0,0.5418491273606263,0.5661443526136133,0.528829368443619,0.5520435789572855,0.5446744346809742
2025020896,20252026,2026-02-04,2,0,0.43897449555098583,0.4768066038449844,0.45746555942755907,0.42493172574354743,0.43452620148185106
2025020897,20252026,2026-02-04,2,1,0.716806188121942,0.7541792035146992,0.7172662369382427,0.7189166011018023,0.7142357263257808
2025020898,20252026,2026-02-04,2,1,0.5393920828520647,0.583451289529298,0.5103015947763602,0.5669891080685985,0.5408855457112357
2025020899,20252026,2026-02-04,2,1,0.6316902931932926,0.6923829618062353,0.6391332017511967,0.613573094851712,0.642364582976969
2025020900,20252026,2026-02-04,2,1,0.450331084638332,0.4778943284534935,0.462989604736131,0.4558576499234567,0.43214599925540836
2025020901,20252026,2026-02-04,2,1,0.6976826817434886,0.6850227708903045,0.6926534768953836,0.7015371965585792,0.6988573717765028
2025020902,20252026,2026-02-04,2,0,0.6367080365092175,0.5955134131677565,0.5976413757285309,0.6812500063418583,0.6312327274572631
2025020903,20252026,2026-02-05,2,0,0.45617633142849706,0.6101441170385762,0.4929263599525899,0.4448879634368594,0.43071467089604204
2025020904,20252026,2026-02-05,2,1,0.665978785827656,0.6461508134219467,0.6507616031154192,0.6683903563561556,0.6787843980113932
2025020905,20252026,2026-02-05,2,0,0.4936908130738738,0.544364082974215,0.5030024789870093,0.5027536512999498,0.47531630893466237
2025020906,20252026,2026-02-05,2,0,0.4205263960499385,0.4563646295851363,0.4529508418625645,0.38620262585591425,0.42242572043133664
2025020907,20252026,2026-02-05,2,0,0.45080043173357964,0.5064024390481734,0.4414900763700024,0.4464711500752878,0.4644400687554485
2025020908,20252026,2026-02-05,2,1,0.636961985458754,0.6304361568257457,0.5995901227868635,0.6881932661449144,0.623102567444484
2025020909,20252026,2026-02-05,2,1,0.5599278207002322,0.6008290009606918,0.5382770734462028,0.5970659411575506,0.5444404474969431
2025020910,20252026,2026-02-25,2,0,0.4948338375924171,0.4900834506919672,0.5284670887329963,0.45986274977710895,0.4961716742671461
2025020911,20252026,2026-02-25,2,1,0.6039669545804159,0.6402737419188651,0.589142657658032,0.6007758737967559,0.62198233228646
2025020912,20252026,2026-02-25,2,1,0.6708656004982179,0.677028061593895,0.6630665155149984,0.6739798785967619,0.6755504073828932
2025020913,20252026,2026-02-25,2,1,0.6698904729102391,0.658850480421605,0.6694233146759201,0.6458537344390969,0.6943943696157002
2025020914,20252026,2026-02-25,2,0,0.4169840190960177,0.483562926539471,0.46339206657842297,0.3518604265279652,0.43569956418166494
2025020915,20252026,2026-02-25,2,0,0.4297250333985396,0.4662584055330573,0.43234991491632374,0.41224761038607244,0.44457757489322264
2025020916,20252026,2026-02-25,2,0,0.5094971939715306,0.531384230997628,0.5171149152096047,0.5009382824355221,0.5104383842694652
2025020917,20252026,2026-02-25,2,1,0.39553708336329957,0.4973472065960763,0.44172952058453097,0.3567786328489158,0.38810309665645193
2025020918,20252026,2026-02-26,2,1,0.4944985211905251,0.5701226055705517,0.5131411888903362,0.47818276094679324,0.49217161373444596
2025020919,20252026,2026-02-26,2,0,0.5042031208412863,0.5950410799642015,0.5030103050178557,0.492882317969781,0.5167167395362221
2025020920,20252026,2026-02-26,2,0,0.5532971930693432,0.578850105843565,0.5431931205778382,0.5412633110346317,0.5754351475955596
2025020921,20252026,2026-02-26,2,1,0.6700850347073913,0.5975767820662451,0.6356340527364567,0.7082490921418764,0.6663719592438409
2025020922,20252026,2026-02-26,2,1,0.6492699099253251,0.6309369065225342,0.633893199015483,0.6781251078876014,0.6357914228728906
2025020923,20252026,2026-02-26,2,1,0.5581861044357096,0.5190431484503593,0.5834365339087566,0.5136467705659701,0.5774750088324019
2025020924,20252026,2026-02-26,2,0,0.5565807236485939,0.583988048866376,0.5708450281527891,0.5936513117876221,0.5052458310053705
2025020925,20252026,2026-02-26,2,1,0.5573885981182576,0.533921175970317,0.559191677748121,0.560795766581132,0.5521783500255196
2025020926,20252026,2026-02-26,2,1,0.612559158186662,0.6300328361847933,0.6123950227730411,0.55799373697671,0.6672887148102348
2025020927,20252026,2026-02-26,2,0,0.571791127113471,0.6412822939407309,0.5887285413937551,0.5531232131261729,0.5735216268204852
2025020928,20252026,2026-02-26,2,0,0.4322543119690947,0.5290564818922584,0.43171772115424917,0.41051562122821794,0.45452959352481703
2025020929,20252026,2026-02-26,2,0,0.45314693212188534,0.5185751062396369,0.4622125779641962,0.4303560228455231,0.46687219555593673
2025020930,20252026,2026-02-27,2,0,0.5297515649314928,0.5747872956724656,0.5656017772689118,0.47046742850317047,0.5531854890223961
2025020931,20252026,2026-02-27,2,1,0.5347125413887043,0.5592782360491977,0.5556658165799417,0.5125689219507295,0.5359028856354416
2025020932,20252026,2026-02-27,2,1,0.560261677891242,0.5372682801276999,0.5426641069116159,0.5512642750067488,0.5868566517553614
2025020933,20252026,2026-02-27,2,1,0.49511771688731204,0.5375427206090498,0.495403569419114,0.46470017061460184,0.5252494106282205
2025020934,20252026,2026-02-28,2,1,0.4219414031447863,0.5016116775350054,0.4451914369222888,0.3660610326296631,0.454571739882407
2025020935,20252026,2026-02-28,2,1,0.43424795674194433,0.5001356796335614,0.4468153751268389,0.41025304345247365,0.44567545164652045
2025020936,20252026,2026-02-28,2,1,0.35244117275879233,0.4296984391577514,0.39121921720192404,0.27499144934016106,0.3911128517342919
2025020937,20252026,2026-02-28,2,0,0.5372790029933213,0.5799802363577293,0.5402943058038973,0.527281859105797,0.5442608440702698
2025020938,20252026,2026-02-28,2,1,0.7637881882685034,0.7733922363362337,0.7577880333440234,0.7569693858279529,0.7766071456335336
2025020939,20252026,2026-02-28,2,0,0.454580755707545,0.5650874875874073,0.4309899935033314,0.4273264431976003,0.5054258304217034
2025020940,20252026,2026-02-28,2,1,0.5841315646442038,0.5640662320297319,0.6152164214272734,0.5512755456873859,0.5859027268179522
2025020941,20252026,2026-02-28,2,0,0.6546743860687948,0.6501812496822756,0.6374549060301289,0.6614658788076102,0.6651023733686454
2025020942,20252026,2026-02-28,2,1,0.5953884177109847,0.6371238767754271,0.6071046577939228,0.5883163136560439,0.5907442816829875
2025020943,20252026,2026-02-28,2,0,0.5517827947352615,0.5681741313837364,0.579814438224251,0.5121313579725877,0.563402588008946
2025020944,20252026,2026-02-28,2,1,0.5382684993050856,0.584443985126017,0.5243075158817425,0.5637046089703895,0.5267933730631243
2025020945,20252026,2026-02-28,2,1,0.6451850472416744,0.6881581339096784,0.6438859059614852,0.6267695879625867,0.6648996478009512
2025020946,20252026,2026-02-28,2,1,0.6021095491824603,0.6480115591649227,0.6321538879838141,0.5821662035103349,0.5920085560532318
2025020947,20252026,2026-03-01,2,1,0.4739521861513256,0.5581423252523413,0.49075434322297967,0.4580312890775341,0.4730709261534632
2025020948,20252026,2026-03-01,2,1,0.3980804876935566,0.5353289667272447,0.43136828073742106,0.368410180366414,0.3944630019768348
2025020949,20252026,2026-03-01,2,0,0.7368975235824154,0.7111523973294972,0.7287337739072683,0.715485128272632,0.7664736685673458
2025020950,20252026,2026-03-01,2,1,0.39262975189176025,0.4792384633455201,0.4169575766107252,0.359826894608656,0.40110478445589953
2025020951,20252026,2026-03-01,2,0,0.6084183247465204,0.6807449751271091,0.6283175115064346,0.5712078753535531,0.6257295873795737
2025020952,20252026,2026-03-01,2,1,0.6129480224524776,0.5872014255143508,0.6018095886449901,0.6082567279793937,0.6287777507330489
2025020953,20252026,2026-03-02,2,0,0.450628672067517,0.5200364344469183,0.4605546108249613,0.44967955568913737,0.4416518496884523
2025020954,20252026,2026-03-02,2,0,0.6033952379041367,0.6180820323865791,0.5785937154699573,0.6034038926841171,0.6281881055583357
2025020955,20252026,2026-03-02,2,0,0.472418286961599,0.5120926526411056,0.4924251221567694,0.47508263224451824,0.44974710648350924
2025020956,20252026,2026-03-02,2,0,0.3707487245206509,0.3786987384149592,0.3822231958974746,0.308839068132372,0.4211839095321061
2025020957,20252026,2026-03-02,2,1,0.3807844484717991,0.4591017617253942,0.40837676626987324,0.34150053817498643,0.39247604097053773
2025020958,20252026,2026-03-02,2,0,0.423033654797569,0.428381665206604,0.46217847409061136,0.3941226497953788,0.4127998405067168
2025020959,20252026,2026-03-03,2,1,0.47426557709386835,0.5596186816399169,0.48823063944287115,0.4416315000888677,0.49293459174986615
2025020960,20252026,2026-03-03,2,1,0.5348608786800783,0.6036084347796233,0.535040572926678,0.5388345967889374,0.5307074663246192
2025020961,20252026,2026-03-03,2,1,0.435111087578768,0.4888662870292792,0.45973282116089925,0.44090974211295975,0.40469069946244496
2025020962,20252026,2026-03-03,2,0,0.5545566306905627,0.5667235307341356,0.5517718122372649,0.5419087897479729,0.5699892900864504
2025020963,20252026,2026-03-03,2,1,0.5874946433160558,0.6334661820836517,0.6086552149014021,0.5552129564259065,0.5986157586208588
2025020964,20252026,2026-03-03,2,1,0.6635144854812293,0.6674344260293155,0.6796119845777255,0.6454160007315868,0.6655154711343755
2025020965,20252026,2026-03-03,2,0,0.4377512232816838,0.4377129390789969,0.425936333071552,0.42088882721612747,0.46642850955737203
2025020966,20252026,2026-03-03,2,1,0.5095204836023817,0.5896642871945125,0.4926363772142618,0.5021027773194119,0.5338222962734713
2025020967,20252026,2026-03-03,2,1,0.3971953248057991,0.5014131125281228,0.43620414189151263,0.36296084311559684,0.39242098941028786
2025020968,20252026,2026-03-03,2,0,0.42854520744846436,0.4207609503357716,0.4386439062355005,0.3934110084533831,0.45358070765650943
2025020969,20252026,2026-03-03,2,1,0.43800554731199587,0.4581521574907489,0.47335774165353345,0.4000226833122144,0.44063621697023964
2025020970,20252026,2026-03-04,2,0,0.5884086228283988,0.5661388591578315,0.5868249199766756,0.6171670139726729,0.5612339345358476
2025020971,20252026,2026-03-04,2,1,0.4976101224175767,0.5398539731140554,0.5189284226457003,0.4837904504267002,0.4901114941803296
2025020972,20252026,2026-03-04,2,0,0.354517477881211,0.3693877081477421,0.3706537749173325,0.29374795644621154,0.3991507022800892
2025020973,20252026,2026-03-04,2,1,0.46220911731231107,0.5305159289480038,0.47600558346142746,0.4263929355534676,0.4842288329220382
2025020974,20252026,2026-03-04,2,0,0.483612652095454,0.601930760009812,0.48209039918707886,0.4731159769369163,0.49563158016236697
2025020975,20252026,2026-03-05,2,1,0.5756859195178449,0.529982931289849,0.5503052696191815,0.6206359655608986,0.5561165233734545
2025020976,20252026,2026-03-05,2,0,0.4673161297544979,0.5009068000140561,0.5111707374704466,0.4417726132886749,0.44900503850437207
2025020977,20252026,2026-03-05,2,0,0.5296356898076312,0.533595188572727,0.5180210712661643,0.5387264600910617,0.5321595380656676
2025020978,20252026,2026-03-05,2,1,0.5146523220831827,0.55255824661603,0.5320997612124574,0.531200101439452,0.4806571035976388
2025020979,20252026,2026-03-05,2,1,0.4500146558526059,0.4988403957839858,0.4702454833438755,0.42128254785486396,0.45851593635907834
2025020980,20252026,2026-03-05,2,1,0.41239334303300595,0.4570643619265321,0.46407627792680783,0.37331840865140725,0.3997853425208026
2025020981,20252026,2026-03-05,2,0,0.44862251869133796,0.4976466220702093,0.4265727212144968,0.4441764755851037,0.47511835927441337
2025020982,20252026,2026-03-05,2,1,0.5483371709533927,0.5421669486954614,0.4905105281407918,0.6085165199195262,0.5459844647998604
2025020983,20252026,2026-03-06,2,0,0.5730194244303713,0.5571562131606254,0.589769649145345,0.595357617062975,0.5339310070827942
2025020984,20252026,2026-03-06,2,0,0.5492004405842493,0.5337226246739623,0.6003069185396448,0.5139069277331383,0.5333874754799648
2025020985,20252026,2026-03-06,2,0,0.5959759027274742,0.5868046136012356,0.6096138056653889,0.538245192402143,0.6400687101148907
2025020986,20252026,2026-03-06,2,0,0.45956803768306154,0.5269247827759508,0.48031865760269915,0.43023468607441345,0.4681507693720719
2025020987,20252026,2026-03-06,2,1,0.45463237615290636,0.5287384912241636,0.49142237877280825,0.40727436204286005,0.4652003876430509
2025020988,20252026,2026-03-06,2,0,0.5367623365636526,0.5406653758331863,0.48737673315450386,0.59625711363869,0.5266531628977639
2025020989,20252026,2026-03-06,2,0,0.49956456979907554,0.5354636954983278,0.5018276293692057,0.48255309297320836,0.5143129870548127
2025020990,20252026,2026-03-07,2,1,0.5327592071408266,0.5661391809704842,0.5474787345838674,0.5187748921228645,0.5320239947157479
2025020991,20252026,2026-03-07,2,1,0.6238750865960855,0.5805211400214869,0.6186993644271953,0.5946259131980419,0.6582999821630192
2025020992,20252026,2026-03-07,2,1,0.5848308683968648,0.6820837945391671,0.5618242907600808,0.5882215887324793,0.6044467256980343
2025020993,20252026,2026-03-07,2,0,0.6796203013126397,0.6327356416450726,0.6789057236431655,0.675407872633295,0.6845473076614588
2025020994,20252026,2026-03-07,2,0,0.36278449127406764,0.4526241731281435,0.3775153860550485,0.3498074352961482,0.36103065247100635
2025020995,20252026,2026-03-07,2,0,0.5596714515955675,0.5548100931515906,0.5856374865243723,0.5335678465247635,0.5598090217375669
2025020996,20252026,2026-03-07,2,1,0.7295072689564511,0.6844178302735455,0.6835858309090894,0.7552200173695635,0.7497159585907004
2025020997,20252026,2026-03-07,2,0,0.5325990632024534,0.5347177902021355,0.5099791365489341,0.5424910064054247,0.5453270466530016
2025020998,20252026,2026-03-07,2,1,0.40574694403635664,0.4155592596998532,0.4313627452694222,0.3774433556923493,0.40843473114729834
2025020999,20252026,2026-03-07,2,0,0.43169190632517,0.4869516988294293,0.44912847767258857,0.428267938046502,0.4176793032564194
2025021000,20252026,2026-03-07,2,0,0.4293629720218912,0.5210340551931277,0.41923558369879793,0.407980540588965,0.46087279177791085
2025021001,20252026,2026-03-08,2,1,0.6413071709826412,0.6406917919021471,0.6115999188691199,0.6715196503687484,0.6408019437100554
2025021002,20252026,2026-03-08,2,1,0.5637722379415084,0.5669421666392854,0.5476237110545373,0.5423603378977165,0.6013326648722714
2025021003,20252026,2026-03-08,2,1,0.42183919227788486,0.5310935810586488,0.45224696211017384,0.3910099389825152,0.4222606757409656
2025021004,20252026,2026-03-08,2,1,0.7785997494692092,0.753146464998809,0.8077143737681358,0.7445387986528107,0.783546075986681
2025021005,20252026,2026-03-08,2,0,0.45913752042200695,0.5382985980263857,0.4749446378378417,0.46386861900110593,0.4385993044270733
2025021006,20252026,2026-03-08,2,0,0.5629791490100361,0.5925969058709634,0.5712649678872942,0.5192940585842135,0.5983784205586005
2025021007,20252026,2026-03-08,2,0,0.5386529845838129,0.5548515743647787,0.560180876205334,0.5247385860188192,0.5310394915272855
2025020828,20252026,2026-03-09,2,0,0.6177324598532147,0.6097890969799973,0.6111005128922176,0.6277287520588678,0.6143681146085586
2025021008,20252026,2026-03-09,2,0,0.5811432556876547,0.5734876798696682,0.6033553392790727,0.5702770726652578,0.5697973551186334
2025021009,20252026,2026-03-09,2,1,0.63014522904944,0.6357020138571451,0.6188550264887441,0.6478251241092718,0.6237555365503042
2025021010,20252026,2026-03-09,2,1,0.3369714899836207,0.4160843770735709,0.36414199002686704,0.297277106058709,0.34949537386528606
2025021011,20252026,2026-03-09,2,0,0.34200930825139464,0.4208435287192376,0.34510887882720714,0.31148408535051003,0.3694349605764668
2025021012,20252026,2026-03-10,2,1,0.6189840340202407,0.6032738338167593,0.6128716713022664,0.6479647744524456,0.5961156563060099
2025021013,20252026,2026-03-10,2,1,0.6369885154801591,0.7204644538199697,0.6200984560300126,0.6253403572932233,0.6655267331172415
2025021014,20252026,2026-03-10,2,1,0.5845680430591252,0.6086912858708438,0.5957596826563615,0.5902656667104711,0.5676787798105429
2025021015,20252026,2026-03-10,2,0,0.6600699571238232,0.6646353714703193,0.6338546001394569,0.6970926042095232,0.6492626670224895
2025021016,20252026,2026-03-10,2,1,0.5849178910417758,0.5906855961127437,0.5942815068181114,0.5879542027850077,0.5725179635222083
2025021017,20252026,2026-03-10,2,1,0.5065067971268428,0.5944110350528303,0.49948076146647735,0.5129336831133712,0.5071059468006796
2025021018,20252026,2026-03-10,2,1,0.6032463467957611,0.6469108586620805,0.5711976838923136,0.5917777824647218,0.6467635740302478
2025021019,20252026,2026-03-10,2,0,0.4920983532545468,0.5366305890018194,0.48544565619367674,0.5156558129062592,0.4751935906637044
2025021020,20252026,2026-03-10,2,1,0.6661582906371256,0.6455401055605153,0.6704476947582529,0.664875817264042,0.6631513598890819
2025021021,20252026,2026-03-10,2,1,0.5895662718016522,0.5973486465992381,0.5903032292026247,0.5978750231268066,0.5805205630755252
2025021022,20252026,2026-03-10,2,0,0.5942984632642302,0.6084218519929816,0.5918789353365006,0.5984692713534457,0.5925471831027442
2025021023,20252026,2026-03-10,2,0,0.599934368886235,0.6611499523802787,0.5852625113034947,0.6120253577903195,0.6025152375648906
2025021024,20252026,2026-03-10,2,0,0.4744900588418171,0.5917742342933489,0.4770023597361216,0.4627203467072084,0.4837474700821213
2025021025,20252026,2026-03-11,2,0,0.6646095132939461,0.5861353091603205,0.6455996977678169,0.6832858850404178,0.6649429570736036
2025021026,20252026,2026-03-11,2,1,0.48273498903243245,0.5023970179088892,0.5061674292093267,0.4571497259767511,0.48488781191121966
2025021027,20252026,2026-03-12,2,0,0.6100057900609097,0.6726954788546672,0.6286291637366085,0.5826524652442714,0.6187357412018493
2025021028,20252026,2026-03-12,2,0,0.6569188750516294,0.6368402940453731,0.6630414679475302,0.6463833252195264,0.6613318319878317
2025021029,20252026,2026-03-12,2,1,0.49379058412521976,0.5700731723288612,0.49204027211808304,0.48265740582583205,0.5066740744317443
2025021030,20252026,2026-03-12,2,1,0.6187688191627565,0.6547533688828083,0.6031919290011215,0.6473353585907377,0.6057791698964103
2025021031,20252026,2026-03-12,2,1,0.5236902303271762,0.5885244285598844,0.5059966068973002,0.5479587006036043,0.5171153834806242
2025021032,20252026,2026-03-12,2,0,0.6141151353090715,0.603973105144268,0.6034391854204924,0.6101237027732737,0.6287825177334484
2025021033,20252026,2026-03-12,2,0,0.7490769770942406,0.6936538524444474,0.7547485666358037,0.7274695169631779,0.76501284768374
2025021034,20252026,2026-03-12,2,1,0.6200269236492342,0.6159335781834252,0.6415656573821981,0.583546765407515,0.6349683481579894
2025021035,20252026,2026-03-12,2,0,0.7192339038475306,0.6784224883574498,0.7308736919558878,0.6819975372999313,0.7448304822867727
2025021036,20252026,2026-03-12,2,0,0.5990661083271246,0.602061267997386,0.6026585372716098,0.5921800294789623,0.6023597582308016
2025021037,20252026,2026-03-12,2,0,0.6861985592049843,0.7017785512266137,0.6932202289516795,0.670721482914858,0.6946539657484154
2025021038,20252026,2026-03-12,2,1,0.4054140004039178,0.4947242341252762,0.39809515425984454,0.42851756444411593,0.3896292825077929
2025021039,20252026,2026-03-12,2,1,0.5840756061547978,0.5728070900575187,0.5869307183896522,0.5786044659004438,0.5866916341742976
2025021040,20252026,2026-03-12,2,0,0.35411430076197997,0.4016631058134257,0.3969741167069038,0.3039828486341531,0.36138593694488297
2025021041,20252026,2026-03-13,2,0,0.5587970556729301,0.5995734923758159,0.5571471180603721,0.5696393780073803,0.5496046709510384
2025021042,20252026,2026-03-13,2,1,0.3701730495108337,0.4999871482084988,0.37561123950479675,0.3488457746846737,0.38606213434303055
2025021043,20252026,2026-03-14,2,1,0.5988624495631062,0.629711255399927,0.5933275960730613,0.5924861553304802,0.6107735972857767
2025021044,20252026,2026-03-14,2,0,0.5837026029985442,0.5787929223009788,0.572821267036561,0.5804269828850213,0.5978595590740502
2025021045,20252026,2026-03-14,2,1,0.40199125059105345,0.4239212309298315,0.43200852979499865,0.3626648132042626,0.41130040877389906
2025021046,20252026,2026-03-14,2,0,0.6457648035978897,0.6534116727172485,0.6627177544408152,0.6444525802408563,0.6301240761119977
2025021047,20252026,2026-03-14,2,1,0.6893728984554098,0.6583605257030251,0.690114960320869,0.6993454060924197,0.6786583289529409
2025021048,20252026,2026-03-14,2,0,0.6043193517454095,0.6773393304080643,0.6267132280220542,0.5838307097380601,0.6024141174761141
2025021049,20252026,2026-03-14,2,0,0.4663899817623996,0.5882007327269578,0.45105525682097747,0.43710291135421614,0.5110117771120054
2025021050,20252026,2026-03-14,2,1,0.6109757860271473,0.5529005948639063,0.5962832512473074,0.6513148896027198,0.585329217231415
2025021051,20252026,2026-03-14,2,1,0.5985382254791887,0.6327431286509628,0.615180448479625,0.5776794232431446,0.6027548047147963
2025021052,20252026,2026-03-14,2,0,0.43902880075027345,0.5136937835428415,0.43910707357790674,0.45998481418139,0.4179945144915237
2025021053,20252026,2026-03-14,2,1,0.6581556672740778,0.6597822805515826,0.6269936130569108,0.66224322378882,0.6852301649765027
2025021054,20252026,2026-03-14,2,0,0.5566432814086538,0.5897051662032582,0.5604062163258621,0.5390439240147751,0.5704797038853242
2025021055,20252026,2026-03-14,2,0,0.44550781046168414,0.4965627979155891,0.45545161447539495,0.45631332371384264,0.4247584931958149
2025021056,20252026,2026-03-14,2,1,0.7407735276689257,0.6887205926279536,0.7641809883584759,0.722049790778829,0.736089803869472
2025021057,20252026,2026-03-15,2,1,0.5857246042326366,0.5943679866519691,0.601686475933806,0.5596903528069043,0.5957969839571995
2025021058,20252026,2026-03-15,2,1,0.6864903316406942,0.6796244153208569,0.6829267043649156,0.663736324313645,0.7128079662435216
2025021059,20252026,2026-03-15,2,0,0.528070692607684,0.6196888221000607,0.5218939445882934,0.5195569717255065,0.5427611615092521
2025021060,20252026,2026-03-15,2,0,0.6581175911240836,0.6439822819393834,0.6359149192136029,0.6505821643079669,0.6878556898506808
2025021061,20252026,2026-03-15,2,1,0.6374394806452749,0.6544561124085988,0.6083844976465096,0.6415751050078708,0.6623588392814443
2025021062,20252026,2026-03-15,2,1,0.3599471355657344,0.4956700897306528,0.36361420955947815,0.38334691698325035,0.3328802801544747
2025021063,20252026,2026-03-16,2,1,0.6519578490235193,0.6386053616277543,0.6428600903499775,0.6631953869050659,0.6498180698155147
2025021064,20252026,2026-03-16,2,1,0.5086129198012359,0.5277563166738155,0.5220140219771289,0.49015381962993176,0.513670917796647
2025021065,20252026,2026-03-16,2,0,0.5292905509987346,0.5792376786963284,0.5418239185987721,0.5281229521178596,0.5179247822795717
2025021066,20252026,2026-03-16,2,0,0.6138284974713918,0.6510365474253642,0.6126000311562171,0.6018654524733543,0.6270200087846037
2025021067,20252026,2026-03-16,2,0,0.6515289408549955,0.6870195710361995,0.6524412697113626,0.6438569024997922,0.6582886503538314
2025021068,20252026,2026-03-17,2,0,0.43141592318236704,0.554749927356054,0.41247716659614675,0.46740392971963735,0.4143666732313168
2025021069,20252026,2026-03-17,2,1,0.6131212738491484,0.5789828460937425,0.6004707519487235,0.6397773852320534,0.5991156843666686
2025021070,20252026,2026-03-17,2,1,0.42317235323447,0.4986555076622076,0.4585277960187274,0.38008170654639506,0.4309075571382875
2025021071,20252026,2026-03-17,2,0,0.5838811129016392,0.6220168647801937,0.5734864050754428,0.5763323533368835,0.6018245802925914
2025021072,20252026,2026-03-17,2,0,0.36878239734669344,0.4124860898547089,0.4116568573424444,0.3204426349474992,0.3742476997501366
2025021073,20252026,2026-03-17,2,1,0.6582389223602421,0.6870514984326704,0.6441661274515786,0.655741890007113,0.6748087496220345
2025021074,20252026,2026-03-17,2,1,0.4157894657997286,0.4154636973437842,0.4525243618837171,0.39177375117384267,0.4030702843416262
2025021075,20252026,2026-03-17,2,0,0.5009741466734606,0.5191188161058433,0.5059142857134614,0.4863241434199107,0.5106840108870095
2025021076,20252026,2026-03-17,2,0,0.3915674418324095,0.445718732853452,0.42864694350578064,0.3617433812714046,0.3843120007200432
2025021077,20252026,2026-03-18,2,0,0.4483731177618284,0.5773578200824521,0.45298096715812314,0.48299797720877397,0.40914040891858805
2025021078,20252026,2026-03-18,2,1,0.6163883449400265,0.6337376938275557,0.6490539214378611,0.5449999414291449,0.6551111719530734
2025021079,20252026,2026-03-18,2,1,0.4687755499940796,0.5397174899171127,0.4345259850482813,0.49305496069613314,0.4787457042378245
2025021080,20252026,2026-03-18,2,0,0.5818203857910628,0.5982249931627509,0.5807313075343209,0.5740394114787375,0.59069043836013
2025021081,20252026,2026-03-18,2,1,0.4957666166704839,0.5304429444509194,0.4812483169015441,0.5091831527391634,0.4968683803707441
2025021082,20252026,2026-03-18,2,0,0.6190387325687547,0.5904514331382027,0.6577504590786096,0.5666020887090142,0.6327636499186403
2025021083,20252026,2026-03-19,2,1,0.5653444136234532,0.5800344504843866,0.5695606054432855,0.5463840249858575,0.5800886104412167
2025021084,20252026,2026-03-19,2,1,0.558893737553214,0.5972087129900806,0.5705805561662046,0.5409316836300182,0.5651689728634193
2025021085,20252026,2026-03-19,2,1,0.5322180841311388,0.563012310389797,0.5277789451648065,0.5433648902270016,0.5255104170016083
2025021086,20252026,2026-03-19,2,1,0.6965740319009691,0.6285355798495262,0.6848047511521677,0.7157247459343837,0.689192598616356
2025021087,20252026,2026-03-19,2,1,0.5166837671185488,0.5597943570129835,0.5463814146619671,0.493137476424639,0.5105324102690403
2025021088,20252026,2026-03-19,2,0,0.7535221320666512,0.7214384427401802,0.7513348313811417,0.7441981938477474,0.7650333709710644
2025021089,20252026,2026-03-19,2,0,0.5318459199229871,0.5928618714452167,0.49019586185548863,0.5631507324445721,0.5421911654689004
2025021090,20252026,2026-03-19,2,0,0.3851061416762222,0.3551046614324683,0.43878938462794087,0.29441992052802357,0.42210911987270205
2025021091,20252026,2026-03-19,2,0,0.534326292125431,0.5604958222726043,0.538755131300268,0.5557104093188272,0.5085133357571978
2025021092,20252026,2026-03-19,2,0,0.3933984874347265,0.4066679873534829,0.42952745480540006,0.36155112208732143,0.38911688541145795
2025021093,20252026,2026-03-19,2,0,0.6521118150447587,0.5956828213437272,0.6299576951337942,0.6725291550882996,0.6538485949121824
2025021094,20252026,2026-03-20,2,0,0.3393955660319494,0.464007922603554,0.3640022904103927,0.29298839813357885,0.3611960095518768
2025021095,20252026,2026-03-20,2,1,0.47427112172521246,0.6085087019415535,0.49076382312657013,0.5003608842626952,0.43168865778637217
2025021096,20252026,2026-03-20,2,0,0.2732289589711323,0.3497371163894571,0.3384999743407549,0.18507383475271705,0.296113067819925
2025021097,20252026,2026-03-20,2,1,0.46906718671308223,0.4720273418220183,0.47801561431893347,0.48476327172508055,0.44442267409523256
2025021098,20252026,2026-03-20,2,0,0.5187352058641543,0.6353583594588921,0.5407116785342302,0.5040664899952111,0.5114274490630217
2025021099,20252026,2026-03-21,2,1,0.5478778887356469,0.5996249367533453,0.5178343579939098,0.5630946483188749,0.562704659894156
2025021100,20252026,2026-03-21,2,1,0.42032658718678034,0.5205700780979018,0.41288273052427493,0.4176056824230657,0.4304913486130005
2025021101,20252026,2026-03-21,2,1,0.5059654067907218,0.5189403390405861,0.5048983810816967,0.49746978545962434,0.5155280538308443
2025021102,20252026,2026-03-21,2,0,0.4874540117140295,0.4638125666256884,0.485633891127288,0.4704422417659785,0.506285902248822
2025021103,20252026,2026-03-21,2,0,0.526392000001886,0.5173222091961779,0.5309156835698843,0.5391273842464158,0.5091329321893578
2025021104,20252026,2026-03-21,2,1,0.6363605581793711,0.6407991705268562,0.6286708661536072,0.6441428340830689,0.6362679743014372
2025021105,20252026,2026-03-21,2,1,0.5781125851921717,0.5777904724550181,0.5879755896032521,0.5832666985483008,0.5630954674249621
2025021106,20252026,2026-03-21,2,1,0.73429201684457,0.6306227735735302,0.6917037246650432,0.7755047218843659,0.7356676039843009
2025021107,20252026,2026-03-21,2,0,0.43730243628283283,0.4813859751563307,0.4572350571625223,0.4272126290397824,0.42745962264619386
2025021108,20252026,2026-03-21,2,0,0.5689593738554397,0.5742339283575489,0.5721083945623741,0.5543476562143018,0.5804220707896433
2025021109,20252026,2026-03-21,2,0,0.46900068808545875,0.4999268752173665,0.5116055940717341,0.42344643667706816,0.4719500335075741
2025021110,20252026,2026-03-22,2,0,0.5105200305905823,0.5485040640121047,0.46866581086429987,0.5717998852614349,0.491094395646012
2025021111,20252026,2026-03-22,2,0,0.361049733224518,0.4691404151492784,0.39460427928956865,0.3368904944459629,0.3516544259380225
2025021112,20252026,2026-03-22,2,0,0.34753347427109177,0.5014804260127448,0.3819914184432778,0.3160141705593643,0.34459483381063316
2025021113,20252026,2026-03-22,2,0,0.48008560414688567,0.4942322833602433,0.4468599318012139,0.5150415698557484,0.4783553107836946
2025021114,20252026,2026-03-22,2,1,0.43948995756065706,0.5358468794789608,0.4437018594979737,0.44067707544421647,0.43409093773978097
2025021115,20252026,2026-03-22,2,0,0.5817075282940916,0.6589508447287765,0.5701262389738394,0.5850522876770622,0.5899440582313731
2025021116,20252026,2026-03-22,2,1,0.4241726115122411,0.3981696580878117,0.45943200037215776,0.37800783009504424,0.4350780040695216
2025021117,20252026,2026-03-22,2,1,0.4908912568128765,0.4570194681056436,0.4858623670184404,0.4721697556741866,0.5146416477460025
2025021118,20252026,2026-03-22,2,1,0.6310705206814753,0.6238106555684947,0.6259924797833527,0.6511434502433883,0.616075632017685
2025021119,20252026,2026-03-23,2,0,0.32656178670978026,0.4878262685643981,0.37440498070200334,0.2953680712648778,0.30991230816245946
2025021120,20252026,2026-03-24,2,0,0.6413244018543383,0.6152427099003587,0.6400267568734933,0.6231349448513666,0.660811503838155
2025021121,20252026,2026-03-24,2,1,0.4396942888279605,0.4925370577915648,0.4492024812569187,0.4396948814532139,0.43018550377374903
2025021122,20252026,2026-03-24,2,0,0.5063946498009935,0.5326952699259156,0.5299936201966174,0.48339041136053446,0.5057999178458286
2025021123,20252026,2026-03-24,2,1,0.6358512019975908,0.6392496749474081,0.6273405418305538,0.6530038424726657,0.6272092216895532
2025021124,20252026,2026-03-24,2,0,0.7240769792430458,0.6845130097452216,0.741633761404712,0.6843840294655518,0.7462131468588734
2025021125,20252026,2026-03-24,2,0,0.4350061440294497,0.5083638868100445,0.45533475365680504,0.4243914139444965,0.4252922644870476
2025021126,20252026,2026-03-24,2,0,0.38600204755626355,0.4607605060944918,0.41922106593541025,0.35480088692505646,0.38398418980832394
2025021127,20252026,2026-03-24,2,1,0.534385505716836,0.6314652056968224,0.5296906605596691,0.5617321502831728,0.5117337063076661
2025021128,20252026,2026-03-24,2,1,0.5188981418715355,0.5298860414650984,0.5186319635635935,0.516636074338766,0.5214263877122469
2025021129,20252026,2026-03-24,2,1,0.5417925562867918,0.6338763375586677,0.5742363901661561,0.4849450136718055,0.5661962650224136
2025021130,20252026,2026-03-24,2,0,0.505211839342548,0.6785817733784796,0.5094162115347872,0.5463657211119777,0.4598535853808791
2025021131,20252026,2026-03-24,2,1,0.4612743575507672,0.5552038068482178,0.4498772413952639,0.47020783219663187,0.46373799906040586
2025021132,20252026,2026-03-24,2,0,0.5163294257453291,0.5716845019821555,0.5202092851733862,0.4981772673138292,0.5306017247487721
2025021133,20252026,2026-03-24,2,1,0.43007285876986817,0.5455218345998398,0.4051068656938658,0.4552749651014737,0.42983674551426504
2025021134,20252026,2026-03-24,2,0,0.4093732688161629,0.4618227518209364,0.4015361914920004,0.4034344563617148,0.42314915859477364
2025021135,20252026,2026-03-25,2,0,0.6854034445018992,0.6467067430402855,0.6648707273757352,0.6910402204737477,0.7002993856562145
2025021136,20252026,2026-03-25,2,1,0.49157218445076056,0.5941820081776651,0.4910938611022371,0.46953491663016717,0.5140877756198775
2025021137,20252026,2026-03-26,2,1,0.5156112013308706,0.5607832753430312,0.5104600136036479,0.5078789470132787,0.5284946433756852
2025021138,20252026,2026-03-26,2,0,0.6076240880224136,0.6138997115456241,0.5933955329709487,0.5974842997327462,0.6319924313635461
2025021139,20252026,2026-03-26,2,0,0.6627747984041866,0.7192702566284218,0.6424242215694279,0.6859515646180588,0.659948609025073
2025021140,20252026,2026-03-26,2,0,0.4944007173694798,0.5563538855480205,0.4892458651399204,0.4992521795847467,0.4947041073837724
2025021141,20252026,2026-03-26,2,1,0.5044569792613388,0.4887728142646934,0.5261163263065567,0.47092951627354174,0.5163250952039181
2025021142,20252026,2026-03-26,2,1,0.6771845257780481,0.6466591697497749,0.7058230612284931,0.6825144761144802,0.6432160399911707
2025021143,20252026,2026-03-26,2,1,0.5813266776713107,0.6498795643835383,0.6017140532403221,0.5471063536780052,0.595159626095605
2025021144,20252026,2026-03-26,2,0,0.3958773436861798,0.5601004992931211,0.42583035443876205,0.3708749818171404,0.3909266948026368
2025021145,20252026,2026-03-26,2,0,0.3864061019690199,0.4369978893919244,0.42364975266014576,0.344491960427111,0.391076592819803
2025021146,20252026,2026-03-26,2,0,0.5661842134706738,0.5844691486946716,0.5547381775233314,0.5778867488537179,0.565927714034972
2025021147,20252026,2026-03-26,2,0,0.4265043283791674,0.5320418375393083,0.42547698875608625,0.4371048207039445,0.4169311756774714
2025021148,20252026,2026-03-26,2,0,0.5882764458209234,0.5351318836410167,0.5929814973704048,0.6034115068340878,0.5684363332582777
2025021149,20252026,2026-03-26,2,0,0.4279663975154228,0.4715764484098481,0.42060942516208566,0.4328250948853444,0.43046467249883835
2025021150,20252026,2026-03-27,2,0,0.6043889753246411,0.648589790149413,0.62990690767008,0.5789036135991634,0.6043564047046797
2025021151,20252026,2026-03-27,2,1,0.6864620322797595,0.6391561757292534,0.6241110689883306,0.7280916009842195,0.7071834268667289
2025021152,20252026,2026-03-28,2,1,0.5544713739177435,0.6328653158462679,0.5030182857898184,0.5976055159615807,0.5627903200018314
2025021153,20252026,2026-03-28,2,1,0.5515421845065703,0.5497398076903861,0.552813148434671,0.5607561578582699,0.54105724722677
2025021154,20252026,2026-03-28,2,1,0.5507473879532111,0.6199824910732372,0.5245314269213581,0.5858951359823378,0.5418156009559371
2025021155,20252026,2026-03-28,2,1,0.413058543740984,0.5396398555098831,0.41326365090293066,0.4050725192679066,0.4208394610521148
2025021156,20252026,2026-03-28,2,0,0.4832901584112988,0.5045934415479876,0.4875316917636938,0.496144212608386,0.4661945708618166
2025021157,20252026,2026-03-28,2,1,0.6534827189203,0.6680407724456107,0.6338055002838566,0.6643457457832999,0.6622969106937433
2025021158,20252026,2026-03-28,2,0,0.6948362627158006,0.699745371138001,0.7052081179286681,0.6589600612521935,0.7203406089665402
2025021159,20252026,2026-03-28,2,1,0.647203631505115,0.6814186947216406,0.6667202949392639,0.6087484967355395,0.6661421028405411
2025021160,20252026,2026-03-28,2,1,0.628371987451608,0.5712521447626803,0.6272177687161007,0.6180997271158621,0.6397984665228612
2025021161,20252026,2026-03-28,2,0,0.44541420455179104,0.5078945552649083,0.47159061063133917,0.432176939383488,0.43247506364054583
2025021162,20252026,2026-03-28,2,0,0.729180190703414,0.7011510240206325,0.722301032093683,0.7349983352703547,0.7302412047462041
2025021163,20252026,2026-03-28,2,0,0.5297988400661584,0.6115756924736466,0.5512428682474715,0.5154171029811343,0.5227365489698694
2025021164,20252026,2026-03-28,2,0,0.5049350818976892,0.5320781106765475,0.5053760403803155,0.5023565739537013,0.5070726313590508
2025021165,20252026,2026-03-28,2,1,0.6474848356303762,0.6506955505541786,0.6836001856453378,0.6166300275877772,0.6422242936580136
2025021166,20252026,2026-03-28,2,0,0.6112750759951712,0.5519219674665903,0.6022626158753024,0.6398537631373941,0.5917088489728171
2025021167,20252026,2026-03-29,2,1,0.5811451833352174,0.5122453516089939,0.5482275854847968,0.6186414256106482,0.576566538910207
2025021168,20252026,2026-03-29,2,1,0.720465798885567,0.7131886132417862,0.7253342079885283,0.7210190271144109,0.7150441615537624
2025021169,20252026,2026-03-29,2,0,0.666674857922799,0.6292564435003923,0.6073112908730159,0.6789432785311321,0.7137700043642488
2025021170,20252026,2026-03-29,2,0,0.5786877187081984,0.5787076278474229,0.572067213617031,0.5742719657665365,0.5897239767410276
2025021171,20252026,2026-03-29,2,1,0.7036466020856733,0.6729323214550003,0.7252960326331409,0.6580824067648307,0.7275613668590485
2025021172,20252026,2026-03-29,2,1,0.4264410776056404,0.4652977681541007,0.4612454151402172,0.39542468640852324,0.4226531312681807
2025021173,20252026,2026-03-30,2,0,0.5800952716860971,0.575291083775891,0.5953738866789751,0.5304677154641138,0.6144442129152022
2025021174,20252026,2026-03-30,2,1,0.721618166791219,0.7305034708344694,0.7114652984471812,0.7309048551487451,0.722484346777731
2025021175,20252026,2026-03-30,2,1,0.7358234658162672,0.6985046970752379,0.7303153890151171,0.73773103928615,0.7394239691475346
2025021176,20252026,2026-03-30,2,0,0.6536013644362989,0.5826235112062745,0.671232443733017,0.6063990700897078,0.6831725794861718
2025021177,20252026,2026-03-30,2,1,0.4738053993034072,0.4836457518596371,0.4796642097094604,0.4731364629630003,0.4686155252377609
2025021178,20252026,2026-03-31,2,1,0.49195613054292986,0.516174232321501,0.5182657249230178,0.448894392650907,0.5087082740548649
2025021179,20252026,2026-03-31,2,1,0.6835424087142492,0.6469638133091774,0.6687143074134225,0.6869330696388912,0.6949798490904342
2025021180,20252026,2026-03-31,2,0,0.6441819154979189,0.6408537742414089,0.6193617626528266,0.6547398464459069,0.6584441373950232
2025021181,20252026,2026-03-31,2,1,0.4369820680879466,0.5427538997733767,0.41939354767010195,0.46730005075073416,0.42425260584300367
2025021182,20252026,2026-03-31,2,1,0.4506438236237114,0.547491757317482,0.4269179568728099,0.48389062415945494,0.44112288983886955
2025021183,20252026,2026-03-31,2,1,0.44548811390399684,0.5791913127853453,0.44509451358045704,0.44151004750246026,0.44985978062907317
2025021184,20252026,2026-03-31,2,1,0.5433391086374249,0.6090931575232176,0.5185799800985214,0.5559187364265653,0.555518609387188
2025021185,20252026,2026-03-31,2,0,0.38301553576204594,0.5076181830634223,0.3943331471449631,0.3661848086194841,0.3885286515216906
2025021186,20252026,2026-03-31,2,0,0.3769232674079735,0.4439926462575633,0.38278478839848684,0.36557726323888895,0.3824077505865448
2025021187,20252026,2026-03-31,2,1,0.6238277848537208,0.6563244447046362,0.5818031579170844,0.660677356689516,0.629002839954562
2025021188,20252026,2026-04-01,2,0,0.7783299551074049,0.8024293298459705,0.7410360676577977,0.7934463904822074,0.8005074071822094
2025021189,20252026,2026-04-01,2,1,0.5728512855499125,0.5538997468451882,0.578895548448389,0.5558203983376905,0.5838379098636581
2025021190,20252026,2026-04-01,2,1,0.48099894955967804,0.4922849309185119,0.5061258348900312,0.45302431122269016,0.4838467025663128
2025021191,20252026,2026-04-02,2,1,0.4797004126097755,0.5277772689020919,0.5022979757658602,0.4582732699575706,0.4785299921058956
2025021192,20252026,2026-04-02,2,1,0.6039239230988821,0.6538178302579365,0.6342878460870919,0.5754268986476135,0.602057024561941
2025021193,20252026,2026-04-02,2,1,0.5074281977760476,0.5588886314346013,0.521847384883506,0.4813036269526039,0.5191335814920331
2025021194,20252026,2026-04-02,2,1,0.5169187845863715,0.5292394420031044,0.5110233773814018,0.5086522028377457,0.5310807735399672
2025021195,20252026,2026-04-02,2,0,0.5058538308538566,0.4898511268150657,0.510321725945706,0.5144180785477867,0.49282168806807747
2025021196,20252026,2026-04-02,2,0,0.49740643229597065,0.5499503442661114,0.50607618344067,0.4974764593162819,0.4886666541309602
2025021197,20252026,2026-04-02,2,1,0.6853635104586911,0.6454933156006293,0.6553024817467824,0.714195353062147,0.6865926965671442
2025021198,20252026,2026-04-02,2,1,0.6140984936445929,0.6386798497351157,0.5763354491379575,0.6558560669767367,0.6101039648190844
2025021199,20252026,2026-04-02,2,1,0.760729807983985,0.7321071038236385,0.7079076227834443,0.7974405729737225,0.7768412281947884
2025021200,20252026,2026-04-02,2,1,0.7712074646952966,0.7323582596400007,0.7460932024091158,0.7621530799232883,0.8053761117534856
2025021201,20252026,2026-04-02,2,1,0.6458597431306793,0.6216656286125484,0.6188509849604673,0.6608698573222427,0.657858387109328
2025021202,20252026,2026-04-02,2,1,0.4703598118549865,0.498921061508474,0.4834869154147689,0.4545974702454222,0.4729950499047683
2025021203,20252026,2026-04-02,2,0,0.4093699397019237,0.5009098505659161,0.45502038841808834,0.3810919615749992,0.3919974691126836
2025021204,20252026,2026-04-02,2,0,0.5731838190450512,0.5842915549619336,0.5655639945849591,0.5567835743307115,0.5972038882194831
2025021205,20252026,2026-04-03,2,0,0.5546855796487925,0.5951785830000729,0.5564470436903872,0.5426441760558268,0.5649655192001632
2025021206,20252026,2026-04-03,2,0,0.5216335343339762,0.5695801936929918,0.528561399895025,0.49527071724754496,0.5410684858593586
2025021207,20252026,2026-04-04,2,1,0.4842611001251489,0.5325582573962971,0.5141233096162651,0.48499371031270155,0.4536662804464801
2025021208,20252026,2026-04-04,2,0,0.5015813491038843,0.5691415988984211,0.5222632007914674,0.47979299635900197,0.5026878501611834
2025021209,20252026,2026-04-04,2,0,0.42499861949439177,0.530745159027895,0.4706715270286713,0.39667696050536055,0.4076473709491434
2025021210,20252026,2026-04-04,2,1,0.6343348513323489,0.6496692680134859,0.6365374368065245,0.6345551608137286,0.6319119563767933
2025021211,20252026,2026-04-04,2,1,0.5565618994578735,0.5650654680569787,0.5324641100935669,0.5460912183827249,0.5911303698973287
2025021212,20252026,2026-04-04,2,0,0.5233670547839561,0.505909339547644,0.5122020768524609,0.5441961062981048,0.5137029812013026
2025021213,20252026,2026-04-04,2,1,0.43567701309492873,0.5159567787292046,0.4576859127723238,0.4238036255839235,0.42554150092853876
2025021214,20252026,2026-04-04,2,1,0.7624799523828445,0.6767318787289089,0.7287206746811454,0.771970836220822,0.7867483462465662
2025021215,20252026,2026-04-04,2,0,0.5415399945148218,0.5841401650128858,0.5472342625334149,0.5476838751684389,0.5297018458426117
2025021216,20252026,2026-04-04,2,0,0.3243500787348333,0.4021348637681808,0.3952400069254614,0.2697971239504961,0.30801310532854237
2025021217,20252026,2026-04-04,2,1,0.6013175428525128,0.5638131074648182,0.5581221122549623,0.6267402444682135,0.6190902718343627
2025021218,20252026,2026-04-04,2,0,0.5146320350416311,0.6208340573346316,0.5117863069289579,0.5106820274736181,0.5214277707223173
2025021219,20252026,2026-04-04,2,0,0.5703530324199377,0.6018173276810961,0.6007024710246043,0.5267299239720247,0.5836267022631842
2025021220,20252026,2026-04-04,2,0,0.49802691845958386,0.5248049393606978,0.4837578901039034,0.5034144778972172,0.506908387377631
2025021221,20252026,2026-04-04,2,0,0.6556006643586665,0.6442079590243065,0.6501326573482431,0.6535706528629394,0.6630986828648169
2025021222,20252026,2026-04-05,2,0,0.4335854144545575,0.5191690910390139,0.45983312553743705,0.4167183732130776,0.424204744613158
2025021223,20252026,2026-04-05,2,1,0.5679701578975265,0.5786000605270991,0.5822481475097433,0.5311779467509614,0.5904843794318748
2025021224,20252026,2026-04-05,2,1,0.5656045318884791,0.5266932609371018,0.5384556824947402,0.5802915259543819,0.5780663872163154
2025021225,20252026,2026-04-05,2,1,0.43099684604216115,0.5037389360952593,0.4529240108116416,0.4167525126876238,0.4233140146272182
2025021226,20252026,2026-04-05,2,0,0.5436303002815979,0.641111030979289,0.5475521532123494,0.5484219610685465,0.5349167865638977
2025021227,20252026,2026-04-05,2,1,0.4702084354324807,0.5193047867379403,0.4939270141762489,0.463188591992925,0.4535097001282683
2025021228,20252026,2026-04-05,2,0,0.6248778829387208,0.6971032935093128,0.6496423512487323,0.5985920943670651,0.6263992032003652
2025021229,20252026,2026-04-06,2,1,0.4729823021832115,0.523913097175182,0.48131642575759837,0.4597869064412484,0.47784357435078784
2025021230,20252026,2026-04-06,2,1,0.635447682199998,0.6359659654910138,0.6301929785067376,0.6339953336751222,0.6421547344181342
2025021231,20252026,2026-04-06,2,1,0.6343379782319682,0.6020656308599445,0.5944113529445375,0.6273527547413513,0.6812498270100158
2025021232,20252026,2026-04-06,2,1,0.5872683625473988,0.5721664689951083,0.5724699565718427,0.5945869789508363,0.5947481521195176
2025021233,20252026,2026-04-07,2,1,0.5669173574059682,0.6103859768790604,0.5694558415585551,0.5455777777701392,0.5857184528892104
2025021234,20252026,2026-04-07,2,1,0.5326890068902003,0.5034279655808203,0.5296986559544831,0.534972366134401,0.5333959985817167
2025021235,20252026,2026-04-07,2,0,0.5264704882961919,0.5591643711691867,0.5391751003583923,0.5255274230976581,0.5147089414325252
2025021236,20252026,2026-04-07,2,0,0.5199372615689728,0.5827732525434114,0.5223341582430079,0.51362819960208,0.5238494268618307
2025021237,20252026,2026-04-07,2,1,0.6901388529907884,0.6422530426723398,0.6501338415490804,0.6894773421608814,0.7308053752624031
2025021238,20252026,2026-04-07,2,0,0.39543716688290337,0.446160661878947,0.4561474421414435,0.3319769915817927,0.39818706692547384
2025021239,20252026,2026-04-07,2,1,0.6893386997122898,0.6893846498506363,0.6896896185756838,0.6726226493579275,0.7057038312032581
2025021240,20252026,2026-04-07,2,1,0.7214097823712415,0.6872574725323239,0.6745734565764406,0.7353923624857894,0.7542635280514944
2025021241,20252026,2026-04-07,2,1,0.512549858428723,0.5638570697356015,0.5249482748689769,0.4984831084465376,0.5142181919706547
2025021242,20252026,2026-04-07,2,0,0.33414859856440304,0.415523863343525,0.408392294816313,0.26373367898052474,0.33031982189637143
2025021243,20252026,2026-04-07,2,0,0.636814451576107,0.5705981015910936,0.6133513295187171,0.6360267412093779,0.6610652840002261
2025021244,20252026,2026-04-08,2,0,0.434602324105718,0.481239168573245,0.484429014212688,0.39815516188042016,0.42122279622404574
2025021245,20252026,2026-04-08,2,0,0.4554847433934019,0.5255021687259852,0.4675488972666971,0.4539386262334615,0.44496670668004706
2025021246,20252026,2026-04-08,2,0,0.48998937859107095,0.4414433651091977,0.5123642911031415,0.47578980292177975,0.48181404174829146
2025021247,20252026,2026-04-09,2,1,0.5926271806498015,0.6333867074117369,0.6138217666892957,0.5629161138010891,0.6011436614590198
2025021248,20252026,2026-04-09,2,1,0.4334709452333805,0.5221818331787688,0.47023558429990864,0.410058131588865,0.42011911981136785
2025021249,20252026,2026-04-09,2,1,0.6031606411387312,0.6116037769201648,0.612120543225343,0.5838519059304861,0.6135094742603643
2025021250,20252026,2026-04-09,2,1,0.5283529256237286,0.5714078497331168,0.5117579322413124,0.5339345609876393,0.539366283642234
2025021251,20252026,2026-04-09,2,0,0.4967196473018089,0.5298521855946887,0.5215368677431124,0.4665859321666465,0.5020361419956679
2025021252,20252026,2026-04-09,2,1,0.6025261369639114,0.5944293389622699,0.583054325716381,0.5923026226414569,0.6322214625338964
2025021253,20252026,2026-04-09,2,0,0.5217882267814394,0.5530253071820659,0.5430062848339792,0.508632725051782,0.5137256704585569
2025021254,20252026,2026-04-09,2,1,0.5650717277716458,0.5866023015488367,0.5513540031504345,0.5453475271886176,0.5985136529758854
2025021255,20252026,2026-04-09,2,0,0.3153503834887432,0.3502330690792493,0.37900867626049184,0.19321353325867216,0.3738289409470657
2025021256,20252026,2026-04-09,2,1,0.7604090207701102,0.7340654310293199,0.7402932941421005,0.7590317480685469,0.7819020200996829
2025021257,20252026,2026-04-09,2,1,0.6216506011396025,0.6325567089242004,0.6334877119736162,0.6225037791267105,0.6089603123184807
2025021258,20252026,2026-04-09,2,1,0.6546407180427968,0.6205367535743586,0.6078135254599011,0.6604550844342761,0.6956535442342128
2025021259,20252026,2026-04-09,2,1,0.40446449407215085,0.4856220659580883,0.4386653688818781,0.38903028081930985,0.38569783251526457
2025021260,20252026,2026-04-09,2,1,0.7281512294444418,0.6833932453277366,0.7289818729741332,0.723628896999469,0.7318429183597233
2025021261,20252026,2026-04-11,2,0,0.4553023266301602,0.4924798910497386,0.4645248219600826,0.4393198933509268,0.4620622645794713
2025021262,20252026,2026-04-11,2,0,0.491472154441339,0.5079067137695901,0.5103264347168383,0.46921973112491605,0.49487029748226274
2025021263,20252026,2026-04-11,2,0,0.5845032025476108,0.5816870919596643,0.5839431739144797,0.5534093407760303,0.6161570929523223
2025021264,20252026,2026-04-11,2,1,0.4664362819988386,0.5015193919845492,0.46266009019618765,0.48903586060076215,0.44761289519956593
2025021265,20252026,2026-04-11,2,0,0.5663722234862117,0.5899354671369182,0.5573019801271443,0.584217368378276,0.5575973219532149
2025021266,20252026,2026-04-11,2,0,0.37919242814817533,0.4523458483829073,0.4090028296427635,0.37382934395812933,0.3547451108436332
2025021267,20252026,2026-04-11,2,1,0.39608577224076674,0.4842579426144524,0.4348687881807107,0.36370218232487866,0.389686346216711
2025021268,20252026,2026-04-11,2,1,0.6001075792308467,0.667472459299155,0.5596398245450359,0.6193066373570542,0.6213762757904496
2025021269,20252026,2026-04-11,2,0,0.43247985467277666,0.5106327727074839,0.4588108613351228,0.38451260883616384,0.45411609384704354
2025021270,20252026,2026-04-11,2,0,0.4504159527813753,0.5283954500484381,0.44221960338404276,0.47187262537196695,0.43715562958811627
2025021271,20252026,2026-04-11,2,0,0.5656177683529865,0.618643148676557,0.5575318742598762,0.5895000012788589,0.5498214295202243
2025021272,20252026,2026-04-11,2,0,0.5127043142458124,0.5971656111891671,0.5151468859442148,0.5139165640193327,0.5090494927738899
2025021273,20252026,2026-04-11,2,1,0.5773170718944849,0.5611225469196311,0.5501623746863359,0.5757411430584651,0.6060476979386537
2025021274,20252026,2026-04-11,2,0,0.5757904674367677,0.6818505628983279,0.5541417336631342,0.6248381047383447,0.5483915639088242
2025021275,20252026,2026-04-11,2,0,0.5979096085466152,0.6200932575705144,0.6020499359393743,0.5898510181355172,0.6018278715649542
2025021276,20252026,2026-04-12,2,1,0.5087742936803704,0.5767812366479512,0.5304001300523745,0.47781293869884495,0.5181098122898917
2025021277,20252026,2026-04-12,2,0,0.5230515652558471,0.5080729409844016,0.529438608298936,0.5053579478604879,0.5343581396081174
2025021278,20252026,2026-04-12,2,0,0.5227420235382977,0.5707810755441427,0.51908094366342,0.5318582489073389,0.5172868780441342
2025021279,20252026,2026-04-12,2,1,0.501555337841679,0.4963374920814312,0.5101638878450913,0.5040043279498019,0.4904977977301439
2025021280,20252026,2026-04-12,2,0,0.7488953446878673,0.6733320340298021,0.7363905619714621,0.7384951003928993,0.7718003716992404
2025021281,20252026,2026-04-12,2,1,0.3753495283297846,0.47184141838764,0.43325186140941446,0.33533956087215205,0.3574571627077872
2025021282,20252026,2026-04-13,2,1,0.6466378493931916,0.6755845575624331,0.6511737646309936,0.6602822774199595,0.6284575061286216
2025021283,20252026,2026-04-13,2,1,0.5093567288456033,0.607069511082206,0.5079998430534596,0.5136747735989209,0.5063955698844297
2025021284,20252026,2026-04-13,2,1,0.42465361658511674,0.4585049170082511,0.4970831426278769,0.35785423148425793,0.41902347564321546
2025021285,20252026,2026-04-13,2,0,0.38084144747698884,0.4404367299602499,0.4272210920522885,0.36031702847908154,0.3549862218995965
2025021286,20252026,2026-04-13,2,1,0.4346848103312488,0.5097187559548544,0.483278142979723,0.38917830208382653,0.43159798593019694
2025021287,20252026,2026-04-13,2,0,0.5646358152404024,0.6476462180209297,0.5966471843479063,0.5418954631433822,0.5553647982299186
2025021288,20252026,2026-04-13,2,0,0.32087853918237336,0.3551246018946782,0.3938601575564094,0.26401387829850154,0.30476158169220907
2025021289,20252026,2026-04-13,2,0,0.49879461063520375,0.4904568393851645,0.5072512434805205,0.4811387147609095,0.5079938736641811
2025021290,20252026,2026-04-13,2,1,0.5604493995509092,0.5839244002459855,0.580677326492808,0.5529693700022817,0.5477015021576379
2025021291,20252026,2026-04-13,2,0,0.4830103915780153,0.5299416720149637,0.49311489350635346,0.48080620228656656,0.4751100789411258
2025021292,20252026,2026-04-14,2,1,0.5813187953566974,0.6018379294850982,0.5632813764190023,0.5985488271301459,0.5821261825209438
2025021293,20252026,2026-04-14,2,0,0.49527936103782816,0.4418301837132716,0.5331209441474961,0.4456364251745837,0.5070807137914047
2025021294,20252026,2026-04-14,2,1,0.4995518287444926,0.5189983592905667,0.5297771942060872,0.4453241583271018,0.5235541337002889
2025021295,20252026,2026-04-14,2,0,0.5116040648519878,0.5452401156559175,0.5016750279597274,0.5183848899210917,0.5147522766751444
2025021296,20252026,2026-04-14,2,1,0.5237830321182805,0.6582119167819837,0.5655859410852132,0.5048414835747065,0.5009216716949216
2025021297,20252026,2026-04-14,2,1,0.6129389538214375,0.6029304595605747,0.5952102248495087,0.6202976648699373,0.6233089717448663
2025021298,20252026,2026-04-14,2,0,0.4000509703421,0.3896016565045394,0.43236645750715647,0.3538189512458974,0.41396750227324625
2025021299,20252026,2026-04-14,2,1,0.39472639359999767,0.5481207576145672,0.46321620264211144,0.3491578383068738,0.3718051398510078
2025021300,20252026,2026-04-14,2,1,0.44238755267938284,0.4440484043716317,0.4605205815743491,0.43832952780805806,0.42831254865574137
2025021301,20252026,2026-04-15,2,0,0.5543921770049166,0.5746606303040456,0.547546581917044,0.5351531317360608,0.5804768173616448
2025021302,20252026,2026-04-15,2,0,0.5947065475220498,0.6955043381692592,0.5643676941792697,0.6286466448855024,0.5911053035013771
2025021303,20252026,2026-04-15,2,1,0.5353112420904751,0.5940253566369342,0.5392019619867526,0.5293002140323407,0.5374315502523319
2025021304,20252026,2026-04-15,2,1,0.68313364769934,0.6747800216019029,0.6802656721910152,0.6600484089191813,0.7090868619878233
2025021305,20252026,2026-04-15,2,1,0.42686539937699325,0.5310937460515928,0.41602520582127334,0.4717997060022407,0.39277128630746566
2025021306,20252026,2026-04-15,2,1,0.6604372109996196,0.6568942598062918,0.6457202483970368,0.6664776693472525,0.6691137152545695
2025021307,20252026,2026-04-16,2,0,0.44641895206699816,0.586459911705536,0.46234599678679494,0.41754290526724935,0.45936795414695014
2025021308,20252026,2026-04-16,2,0,0.6743507707750713,0.6660670526383189,0.6549808844960926,0.6773666597105192,0.6907047681186022
2025021309,20252026,2026-04-16,2,0,0.5835054601001962,0.600809931362691,0.5952056480635658,0.5519367609519259,0.6033739712850966
2025021310,20252026,2026-04-16,2,1,0.4654612096103808,0.5300915719375693,0.461118740632097,0.44231803516049806,0.49294685303854746
2025021311,20252026,2026-04-16,2,1,0.7407891847927116,0.7313822716642767,0.6990800750008113,0.7569267594126945,0.7663607199646292
2025021312,20252026,2026-04-16,2,1,0.7752970242484398,0.7514863470965293,0.7125242826433449,0.8109454158004737,0.8024213743015006
2025030131,20252026,2026-04-18,3,1,0.6116264890063585,0.6188324828691985,0.6051692602426894,0.6186293992230123,0.611080807553374
2025030141,20252026,2026-04-18,3,0,0.5152154565834327,0.5815767793374568,0.523325732868979,0.5266182269144786,0.49570240996684056
2025030161,20252026,2026-04-18,3,0,0.5382452176034502,0.6096390613386378,0.5380048889254213,0.5429593778801807,0.5337713860047489
2025030111,20252026,2026-04-19,3,1,0.6098900027097603,0.6270949433466368,0.5868828842978423,0.6299446541412048,0.6128424696902341
2025030121,20252026,2026-04-19,3,0,0.6082933689205322,0.6172818250382546,0.5810633385299113,0.6143387305552344,0.6294780376764508
2025030151,20252026,2026-04-19,3,1,0.6923044157735913,0.7151502345145929,0.6590336980172777,0.7101612076466651,0.7077183416568309
2025030171,20252026,2026-04-19,3,1,0.5229612994034882,0.570813876628887,0.5650136270896716,0.5020763479450736,0.5017939231757195
2025030132,20252026,2026-04-20,3,1,0.584778135210536,0.6282438493580268,0.5979547047589896,0.5726950432027835,0.583684657669835
2025030142,20252026,2026-04-20,3,0,0.5226510652031747,0.5714267598411599,0.5157674534084672,0.5506548417686319,0.5015309004324254
2025030162,20252026,2026-04-20,3,1,0.5348105418620538,0.584894375330197,0.5376205172854946,0.552697539300997,0.5141135689996698
2025030181,20252026,2026-04-20,3,1,0.5239532457647957,0.6525106160643794,0.5356151846188744,0.527658264543884,0.508586288131629
2025030112,20252026,2026-04-21,3,0,0.6278125487050666,0.6328806326269072,0.6274059506621185,0.6171060461622324,0.638925649290849
2025030122,20252026,2026-04-21,3,1,0.5872779018520186,0.6066660881201154,0.5662194666275296,0.6029140603259632,0.5927001786025629
2025030152,20252026,2026-04-21,3,1,0.6684688243249418,0.7188760228643071,0.6456741513782587,0.6931267705067728,0.6666055510897938
2025030172,20252026,2026-04-21,3,0,0.5313995513786228,0.5820180149950782,0.5684086914716657,0.489964400979522,0.535825561684681
2025030143,20252026,2026-04-22,3,1,0.4941853379332131,0.5904489241832412,0.5295190263217558,0.42369414931813354,0.52934283815975
2025030163,20252026,2026-04-22,3,0,0.48369665303787235,0.5470042903703219,0.48904432751974186,0.472539286201336,0.4895063453925393
2025030182,20252026,2026-04-22,3,0,0.5216692600122306,0.6576900220851701,0.5397891587088031,0.49814197661187704,0.5270766447160117
2025030113,20252026,2026-04-23,3,0,0.4305260237841418,0.525904396103786,0.4499853635662183,0.40081250155261267,0.4407802062335943
2025030133,20252026,2026-04-23,3,0,0.4859171918077508,0.5065550447743886,0.4820007734202694,0.4936040111873924,0.48214679081559053
2025030153,20252026,2026-04-23,3,0,0.4787250278336661,0.4058030287394894,0.48839654572584573,0.46529290218725633,0.4824856355878962
2025030123,20252026,2026-04-24,3,1,0.4501133738102827,0.5289578571010158,0.4723861887011414,0.4214002780131799,0.45655365471652687
2025030173,20252026,2026-04-24,3,1,0.5226819751466637,0.5710646559337826,0.5363683860468829,0.5214967038723548,0.5101808355207533
2025030183,20252026,2026-04-24,3,1,0.4646431439576088,0.4997177139030092,0.4790737158292437,0.4358438768497971,0.4790118391937856
2025030134,20252026,2026-04-25,3,0,0.4639679642365853,0.497735454448524,0.4539830731616162,0.46067837073005513,0.47724244881808475
2025030144,20252026,2026-04-25,3,0,0.5187055490297622,0.6031531931412916,0.5385146814029697,0.46083279188375864,0.5567691738025582
2025030164,20252026,2026-04-25,3,1,0.4913215721422597,0.5374159890930958,0.4998330231797203,0.5047765630191557,0.46935513022790315
2025030114,20252026,2026-04-26,3,0,0.4359536995506898,0.5114002294916214,0.46385224284811466,0.4340663589461787,0.40994249685777606
2025030124,20252026,2026-04-26,3,0,0.4677753363682337,0.5370261798199595,0.4880882566946939,0.4363925772467189,0.47884517516328823
2025030154,20252026,2026-04-26,3,0,0.46629046289855863,0.3954665596537582,0.5050862164083569,0.4188034611076871,0.47498171117963167
2025030184,20252026,2026-04-26,3,1,0.47316413297489174,0.5163374449323508,0.5064689067557169,0.4304170525613813,0.48260643960757704
2025030145,20252026,2026-04-27,3,1,0.529458702410344,0.5561385612221672,0.5471630557312644,0.5211023083915252,0.5201107431082425
2025030174,20252026,2026-04-27,3,0,0.48200084539275756,0.5822595715995514,0.5228203363850547,0.44605382520142683,0.47712837459179114
2025030115,20252026,2026-04-28,3,0,0.6738584374819196,0.6487193864526445,0.6398377368489465,0.6702357868753144,0.7115017887214979
2025030165,20252026,2026-04-28,3,0,0.5331238465023249,0.597235490763364,0.5363660233126811,0.5242816829679088,0.5387238332263848
2025030185,20252026,2026-04-28,3,1,0.5095696574546275,0.6170032300332197,0.5009129129379609,0.5027458542514407,0.5250502051744809
2025030125,20252026,2026-04-29,3,0,0.5618781979439907,0.6142148492816684,0.574610941542509,0.5459193314852577,0.5651043208042057
2025030146,20252026,2026-04-29,3,1,0.5306002486785594,0.5792937358107331,0.5267396102433219,0.5417951663401965,0.5232659694521599
2025030175,20252026,2026-04-29,3,1,0.5564578148641682,0.5708265115452206,0.577629411841071,0.5561063173672754,0.5356377153841586
2025030166,20252026,2026-04-30,3,1,0.5057166098164224,0.5620160157888595,0.5416201082530834,0.48906575950718895,0.48646396168899503
2025030186,20252026,2026-04-30,3,1,0.5197651867502145,0.5124646886881012,0.5261655055818631,0.5083782616553414,0.5247517930134392
2025030116,20252026,2026-05-01,3,0,0.42395383940269094,0.5024459944314904,0.45714922687906256,0.37701268332135063,0.4376996080076595
2025030126,20252026,2026-05-01,3,0,0.4846110689609429,0.5386766474993038,0.4889425014088883,0.4814373317289971,0.4834533737449434
2025030176,20252026,2026-05-01,3,0,0.4597375310990546,0.5649562975594493,0.46762756118180004,0.468606065927492,0.4429789661878716
2025030221,20252026,2026-05-02,3,1,0.6468008831649709,0.674563606786309,0.6543447066998629,0.6536127412208492,0.6324452015742005
2025030127,20252026,2026-05-03,3,0,0.599047357533624,0.612672990548249,0.6059419105911668,0.5901285178530273,0.6010716441566781
2025030231,20252026,2026-05-03,3,1,0.6335225717777144,0.6467773576419451,0.6232171238741196,0.652221546747065,0.6251290447119586
2025030222,20252026,2026-05-04,3,1,0.6615919365758973,0.6834426853287145,0.698623789445519,0.6614470842582496,0.6247049360239235
2025030241,20252026,2026-05-04,3,1,0.5339328340745598,0.6305307474292885,0.5237144880239352,0.556607264679809,0.5214767495199351
2025030232,20252026,2026-05-05,3,1,0.6241494163092508,0.6569120809811785,0.6246836127750074,0.625902815622776,0.621861820529969
2025030211,20252026,2026-05-06,3,1,0.6383477872407495,0.6113239586658956,0.6296154204804109,0.6337954551770965,0.6516324860647411
2025030242,20252026,2026-05-06,3,0,0.5133482028773911,0.6395015199816053,0.5342329474839604,0.49904682145051005,0.5067648396977029
2025030223,20252026,2026-05-07,3,0,0.438062683442036,0.4465441895918106,0.45751016808224654,0.4110533240738661,0.4456245581699954
2025030212,20252026,2026-05-08,3,0,0.575023015191348,0.6210179309526503,0.5771671685151271,0.5597460742699011,0.5881558027890158
2025030243,20252026,2026-05-08,3,0,0.5379591698739908,0.519003629986275,0.5320688457117169,0.5307344280916705,0.5510742358185855
2025030224,20252026,2026-05-09,3,0,0.41892190726863304,0.4321863539217333,0.4436531346831516,0.3786823543482796,0.43443023277446796
2025030233,20252026,2026-05-09,3,1,0.46802759489970985,0.4707484174954203,0.45264540318955016,0.49048828552580215,0.4609490959837772
2025030213,20252026,2026-05-10,3,1,0.4764238104265677,0.5445537156405613,0.4921327500337872,0.4567012320865681,0.4804374491593478
2025030244,20252026,2026-05-10,3,1,0.5737440534701203,0.4994859465606622,0.5346867914578932,0.591683267182846,0.5948621017696214
2025030234,20252026,2026-05-11,3,0,0.42306825256311154,0.4906984857819062,0.4155781586189425,0.41627331189303024,0.4373532871773619
2025030214,20252026,2026-05-12,3,0,0.4864641664568727,0.5611359642873684,0.49494268003935576,0.4505572269483458,0.5138925923829165
2025030245,20252026,2026-05-12,3,1,0.5349171881713198,0.6324901890845838,0.5312336833997953,0.5454980381623039,0.5280198429518606
2025030235,20252026,2026-05-13,3,1,0.66217650012142,0.6632639410877504,0.6977920866477509,0.6252020271624925,0.6635353865540168
2025030215,20252026,2026-05-14,3,0,0.5878678582611122,0.5913856566451379,0.5917928432578146,0.5826711968220779,0.5891395347034443
2025030246,20252026,2026-05-14,3,0,0.5409673962983931,0.5020789552767196,0.5495730963974456,0.5108230409851073,0.5625060515126266
2025030216,20252026,2026-05-16,3,0,0.5013722176530236,0.5712852548911498,0.5012625048272853,0.49130277391419963,0.5115513742175862
2025030217,20252026,2026-05-18,3,0,0.5752776054649278,0.5947516552232405,0.5636852885732967,0.5503339935680005,0.6118135342534861
2025030321,20252026,2026-05-20,3,0,0.7178548247437583,0.6735636726160327,0.7272025643243101,0.7272907753239872,0.6990711345829779
2025030311,20252026,2026-05-21,3,0,0.6485160973846288,0.6448794859301271,0.6446871029179502,0.6828243215410349,0.6180368676949012
2025030322,20252026,2026-05-22,3,0,0.7223770128487743,0.6560550387539384,0.6676937291602323,0.7519261878021193,0.7475111215839716
2025030312,20252026,2026-05-23,3,1,0.6893020686135706,0.6212944488569566,0.651260194529737,0.7154326963913976,0.7012133149195771
2025030323,20252026,2026-05-24,3,1,0.3548113214691789,0.5014714616264563,0.4190810882599447,0.2984551669194278,0.3468977092281642
2025030313,20252026,2026-05-25,3,0,0.3721873335515204,0.5138321425907163,0.4089295745795298,0.3002400564304759,0.40739236964455544
2025030324,20252026,2026-05-26,3,1,0.37020150192417667,0.515108337976333,0.4272524333341598,0.31406003035174884,0.36929204208662136
2025030314,20252026,2026-05-27,3,0,0.38070112280303975,0.5048666491605954,0.40173258131163536,0.3324195307792523,0.40795125631823165
2025030315,20252026,2026-05-29,3,1,0.7290457426155577,0.6528961273055877,0.6774570550579548,0.7733308402259295,0.7363493325627886
2025030411,20252026,2026-06-02,3,0,0.6893908944256687,0.6431121473911638,0.6821370975459115,0.7026926587383658,0.6833429269927288
2025030412,20252026,2026-06-04,3,1,0.6958386637025301,0.6322447585434178,0.6692184528277989,0.6963311591405333,0.7219663791392582
2025030413,20252026,2026-06-06,3,1,0.41591903200286606,0.5023382792643208,0.4747957534320095,0.3491012190105053,0.4238601235660834
2025030414,20252026,2026-06-09,3,0,0.3952246807442526,0.5109755650292565,0.4490442857254325,0.3396604005480785,0.39696935595924676
2025030415,20252026,2026-06-11,3,1,0.6950144934105108,0.6428836468340854,0.6562774269456784,0.6953093089856043,0.7334567443002498
2025030416,20252026,2026-06-14,3,0,0.39801445430644994,0.4876257088090012,0.46780648620094345,0.325356393267252,0.40088048345115423
